"Description","added_date","agency_logo","agency_name","amenities","area","area_unit","bathrooms","bedrooms","city","contact_name","currency","external_id","latitude","location","longitude","phone_number","photos/0","photos/1","photos/2","photos/3","photos/4","photos/5","photos/6","photos/7","photos/8","photos/9","photos/10","photos/11","photos/12","photos/13","photos/14","photos/15","photos/16","photos/17","photos/18","photos/19","photos/20","photos/21","photos/22","photos/23","photos/24","photos/25","photos/26","photos/27","photos/28","photos/29","photos/30","photos/31","photos/32","photos/33","photos/34","photos/35","photos/36","photos/37","photos/38","photos/39","photos/40","photos/41","photos/42","photos/43","photos/44","photos/45","photos/46","photos/47","photos/48","photos/49","price","property_type","purpose","source","title","url"
"One Kanal Brand New luxury Modern Bungalow Available For Rent in DHA Phase 7 Hot location One Kanal Bran New Modren Bungalow Available For Rent Prime Location Property Overview Its Having 5 Master Size Bedrooms Attached Well Design Shower Glass And Jacuzzi Bathrooms Imported Tiled And Wooden Flooring Company Fitted Loaded Kitchen Dirty Service Kitchen Top Korian Used In Kitchen Solid Steel Work Used In Cabinets Lights Provision In All Cabinets Of Kitchen Powder Room Spacious Drawing And Dining Room Beautiful Double Height Lobby Upper Story Have Proper Master Size Kitchen House Is Located Near Park Mosque Commercial Area Is Very Near To Premises Double Story House Complete Wiring Of Ups And Generator Backup Solid Steel Work Used For Outside Main Gate Planters All Around The Green Belt Beautiful Lawn With Complete Variety Of Planters Side Streets Are Proper Covered With Tiles Main Beauty Of The House Is The Patio Located In The Mid Of House That Gives A Evergreen Fresh Feeling From All The Rooms And Tv Lounge Washing Area Is Elegantly Managed At The Back Side Of House Servant Quarter With Attached Bath. A Mid Size Family Can Easily Live In Exclusive Views From The Terrace. Spacious Terrace Where One Can Easily Have Good Walk And Reasonable Sitting Area","2026-03-10T17:02:59.000Z","https://media.zameen.com/thumbnails/154490289-120x90.webp","Lyallpur Properties","Built in year: 2026 | View: Good  | Parking Spaces: 4 | Double Glazed Windows: Yes | Central Air Conditioning: Yes | Central Heating: Yes | Flooring: Tiles | Electricity Backup: Ups | Waste Disposal: Yes | Floors: 2 | Other Main Features: yes  | Furnished: Yes | Bedrooms: 5 | Bathrooms: 6 | Servant Quarters: 2 | Drawing Room: Yes | Dining Room: Yes | Kitchens: 2 | Study Room: Yes | Prayer Room: Yes | Powder Room : Yes | Gym: Yes | Store Rooms: 2 | Steam Room: Yes | Lounge or Sitting Room: Yes | Laundry Room: Yes | Other Rooms: yes  | Broadband Internet Access: Yes | Satellite or Cable TV Ready: Yes | Intercom: Yes | Other Business and Communication Facilities: yes  | Community Lawn or Garden: Yes | Community Swimming Pool: Yes | Community Gym: Yes | First Aid or Medical Centre: Yes | Day Care Centre: Yes | Kids Play Area: Yes | Barbeque Area: Yes | Mosque: Yes | Community Centre: Yes | Other Community Facilities: yes  | Lawn or Garden: Yes | Swimming Pool: Yes | Sauna: Yes | Jacuzzi: Yes | Other Healthcare and Recreation Facilities: yes  | Nearby Schools: yes  | Nearby Hospitals: yes  | Nearby Shopping Malls: yes  | Nearby Restaurants: yes  | Distance From Airport (kms): 6 | Nearby Public Transport Service: yes  | Other Nearby Places: yes  | Maintenance Staff: Yes | Security Staff: Yes | Facilities for Disabled: Yes | Other Facilities: yes","1","kanal","6","5","Lahore","Zeeshan Ali","PKR","53537450","31.484893","DHA Defence, DHA Phase 7","74.472342","+923205000153","https://media.zameen.com/thumbnails/295223630-800x600.webp","https://media.zameen.com/thumbnails/291600664-800x600.webp","https://media.zameen.com/thumbnails/291600659-800x600.webp","https://media.zameen.com/thumbnails/291600658-800x600.webp","https://media.zameen.com/thumbnails/291600657-800x600.webp","https://media.zameen.com/thumbnails/291600656-800x600.webp","https://media.zameen.com/thumbnails/291600668-800x600.webp","https://media.zameen.com/thumbnails/291600660-800x600.webp","https://media.zameen.com/thumbnails/291600667-800x600.webp","https://media.zameen.com/thumbnails/291600661-800x600.webp","https://media.zameen.com/thumbnails/291600662-800x600.webp","https://media.zameen.com/thumbnails/291600665-800x600.webp","https://media.zameen.com/thumbnails/291600666-800x600.webp","https://media.zameen.com/thumbnails/291600663-800x600.webp",,,,,,,,,,,,,,,,,,,,,,,,,,,,,,,,,,,,,"290000","house","rent","zameen.com","One Kanal Brand New Luxury Modern Design House Available For Rent In DHA Phase 7 Hot Location","https://www.zameen.com/Property/dha_defence_dha_phase_7_one_kanal_brand_new_luxury_modern_design_house_available_for_rent_in_dha_phase_7_hot_location-53537450-1450-4.html"
"4 Kanal Fully Furnished House for Rent in Gulberg By Ali Baig Presenting a beautifully designed 4 Kanal fully furnished house located in the heart of Gulberg, Lahore. This premium residence is equipped with a modern solar system, ensuring uninterrupted power supply and cost efficiency. Property Features: 6 Spacious Bedrooms (3 Dream Bedrooms + 3 Standard Bedrooms) Fully Furnished with Elegant Interior & Premium Furniture State-of-the-Art Solar Power Backup System Large Drawing & Dining Halls Modern Kitchen with High-End Appliances Wide Parking Space Lush Green Lawn & Outdoor Sitting Area Ideal For: Perfect choice for multinational companies, executives, and corporate residences, offering both comfort and luxury in one of Lahores most prestigious neighborhoods. Location: Gulberg, Lahore Prime Location with easy access to Main Boulevard, MM Alam Road, Liberty Market, and major business hubs. Contact: Ali Baig","2026-03-10T15:53:06.000Z","https://media.zameen.com/thumbnails/20470581-120x90.webp","Baig Real Estate And Builders","Built in year: 2015 | View: road | Parking Spaces: 4 | Double Glazed Windows: Yes | Central Air Conditioning: Yes | Central Heating: Yes | Flooring: Marble | Electricity Backup: Generator | Waste Disposal: Yes | Floors: 2 | Other Main Features: Yes | Furnished: Yes | Bedrooms: 6 | Bathrooms: 6 | Servant Quarters: 2 | Drawing Room: Yes | Dining Room: Yes | Kitchens: 2 | Study Room: Yes | Prayer Room: Yes | Powder Room : Yes | Gym: Yes | Store Rooms: 1 | Steam Room: Yes | Lounge or Sitting Room: Yes | Laundry Room: Yes | Other Rooms: Yes | Broadband Internet Access: Yes | Satellite or Cable TV Ready: Yes | Intercom: Yes | Other Business and Communication Facilities: Yes | Community Lawn or Garden: Yes | Community Swimming Pool: Yes | Community Gym: Yes | First Aid or Medical Centre: Yes | Day Care Centre: Yes | Kids Play Area: Yes | Barbeque Area: Yes | Mosque: Yes | Community Centre: Yes | Other Community Facilities: Yes | Lawn or Garden: Yes | Sauna: Yes | Jacuzzi: Yes | Other Healthcare and Recreation Facilities: Yes | Nearby Schools: Yes | Nearby Hospitals: Yes | Nearby Shopping Malls: Yes | Nearby Restaurants: Yes | Distance From Airport (kms): 30 mint drive  | Nearby Public Transport Service: Yes | Other Nearby Places: parks  | Maintenance Staff: Yes | Security Staff: Yes | Facilities for Disabled: Yes | Other Facilities: play grounds","4","kanal","7","6","Lahore","Ali Raza","PKR","53134247","31.505678","Gulberg, Gulberg 3","74.348202","+923224565131","https://media.zameen.com/thumbnails/286965675-800x600.webp","https://media.zameen.com/thumbnails/286965653-800x600.webp","https://media.zameen.com/thumbnails/286965658-800x600.webp","https://media.zameen.com/thumbnails/286965662-800x600.webp","https://media.zameen.com/thumbnails/286965667-800x600.webp","https://media.zameen.com/thumbnails/286965668-800x600.webp","https://media.zameen.com/thumbnails/286965671-800x600.webp","https://media.zameen.com/thumbnails/286965680-800x600.webp","https://media.zameen.com/thumbnails/286965682-800x600.webp","https://media.zameen.com/thumbnails/286965685-800x600.webp",,,,,,,,,,,,,,,,,,,,,,,,,,,,,,,,,,,,,,,,,"1000000","house","rent","zameen.com","4 Kanal House For Office Use Prime Location Real Pix","https://www.zameen.com/Property/gulberg_gulberg_3_4_kanal_house_for_office_use_prime_location_real_pix-53134247-3824-4.html"
"Bahria Town Lahore is a privately developed residential and commercial real estate project by Bahria Town Group, one of Pakistan's leading real estate companies. It's known for its modern infrastructure, secure environment, and high living standards. Location Bahria Town Lahore is located on Main Canal Bank Road, near Raiwind Road, and is accessible from multiple city points such as Thokar Niaz Baig, Multan Road, and Lahore Ring Road. Key Features Gated Community with 24/7 security and surveillance Wide Carpeted Roads with green belts Underground Electricity State-of-the-art Infrastructure Modern Urban Planning with parks, schools, hospitals, and commercial zones Lush Landscaping and recreational spaces Main Sectors & Precincts Bahria Town Lahore is divided into multiple sectors, labeled from Sector A to Sector F, and new extensions like Bahria Orchard, Safari Villas, and Overseas Enclave. Each sector has: Parks and mosques Commercial markets Community clubs and gyms Educational institutes like Beaconhouse and The Roots International School Healthcare facilities like Bahria International Hospital Investment & Living Popular among investors due to high returns and rapid development Ideal for families looking for peaceful, well-maintained living Offers a wide range of properties: Residential plots (5, 10 Marla, 1 Kanal) Commercial plots Luxury villas and apartments","2026-03-10T13:35:33.000Z","https://media.zameen.com/thumbnails/295023473-120x90.webp","RMS Real Estate and Developers","Built in year: 2023 | View: 40ft | Parking Spaces | Lobby in Building: Yes | Double Glazed Windows: Yes | Central Air Conditioning: Yes | Central Heating: Yes | Flooring: Tiles | Electricity Backup: Other | Waste Disposal: Yes | Floor | Elevators | Service Elevators in Building: Yes | Other Main Features: Brand new | Furnished: Yes | Bedrooms: 1 | Bathrooms: 1 | Servant Quarters: 1 | Drawing Room: Yes | Dining Room: Yes | Kitchens | Study Room: Yes | Prayer Room: Yes | Powder Room : Yes | Gym: Yes | Store Rooms: 1 | Steam Room: Yes | Lounge or Sitting Room: Yes | Laundry Room: Yes | Other Rooms: 1 | Broadband Internet Access: Yes | Satellite or Cable TV Ready: Yes | Business Center or Media Room in Building: Yes | Conference Room in Building: Yes | Intercom: Yes | ATM Machines: Yes | Other Business and Communication Facilities: Yes | Community Lawn or Garden: Yes | Community Swimming Pool: Yes | Community Gym: Yes | First Aid or Medical Centre: Yes | Day Care Centre: Yes | Kids Play Area: Yes | Barbeque Area: Yes | Mosque: Yes | Community Centre: Yes | Other Community Facilities: Yes | Sauna: Yes | Jacuzzi: Yes | Other Healthcare and Recreation Facilities: Yes | Nearby Schools: Yes | Nearby Hospitals: Yes | Nearby Shopping Malls: Yes | Nearby Restaurants: Yes | Distance From Airport (kms): 5km | Nearby Public Transport Service: Yes | Other Nearby Places: PARK | Maintenance Staff: Yes | Security Staff: Yes | Facilities for Disabled: Yes | Other Facilities: Yes","550","sqft","1","1","Lahore","Rana Zeeshan","PKR","53902008","31.364887","Bahria Town, Bahria Town - Sector E","74.186554","+923164289075","https://media.zameen.com/thumbnails/295006518-800x600.webp","https://media.zameen.com/thumbnails/295006515-800x600.webp","https://media.zameen.com/thumbnails/295006516-800x600.webp","https://media.zameen.com/thumbnails/295006517-800x600.webp","https://media.zameen.com/thumbnails/295006519-800x600.webp","https://media.zameen.com/thumbnails/295006520-800x600.webp","https://media.zameen.com/thumbnails/295006521-800x600.webp",,,,,,,,,,,,,,,,,,,,,,,,,,,,,,,,,,,,,,,,,,,,"43000","flat","rent","zameen.com","One Bed Luxury Furnished Apartment Available For Rent In Sector E Bahria Town Lahore","https://www.zameen.com/Property/bahria_town_bahria_town_-_sector_e_one_bed_luxury_furnished_apartment_available_for_rent_in_sector_e_bahria_town_lahore-53902008-1802-4.html"
"Earth Worth Properties. The Town offer a life style to the facilities in the same location, Easy approach from all sides of the city makes the phase appealing as one can easily approach any part of Lahore city. Near to Masjid Shopping Malls Branded Store Food Court The House boasts excellent design and also features facilities that guarantee a comfortable, convenient lifestyle. Earth Worth Properties Estate will provide initial advice for free and the enquiry will be handled by one of our fully qualified Consultant or Director. We have built an enviable reputation for selling a varied portfolio of properties. NOTE= Options Available (5 Marla, 10 Marla, 1 Kanal, 2 Kanal) In Low Budget. Reasonable Rent & Sale From Market PLEASE CONTACT US TO BOOK AN APPOINTMENT FOR VIEWING the phase appealing as one can easily approach any part of Lahore city. Near to Masjid Shopping Malls Branded Store Food Court The House boasts excellent design and also features facilities that guarantee a comfortable, convenient lifestyle. Earth Worth Real Estate will provide initial advice for free and the enquiry will be handled by one of our fully qualified Consultant or Director. We have built an enviable reputation for selling a varied portfolio of properties. NOTE= Options Available (5 Marla, 10 Marla, 1 Kanal, 2 Kanal) In Low Budget. Reasonable Rent & Sale From Market PLEASE CONTACT US TO BOOK AN APPOINTMENT FOR VIEWING [redacted phone number]","2026-03-10T12:40:20.000Z",,,"Built in year: 2025 | View: Country club | Parking Spaces | Lobby in Building: Yes | Double Glazed Windows: Yes | Central Air Conditioning: Yes | Central Heating: Yes | Flooring: Marble | Electricity Backup: Generator | Waste Disposal: Yes | Floor | Floors in Building: 7 | Elevators | Service Elevators in Building: Yes | Other Main Features: Yes | Furnished: Yes | Bedrooms: 1 | Bathrooms: 1 | Drawing Room: Yes | Dining Room: Yes | Kitchens: 1 | Study Room: Yes | Prayer Room: Yes | Powder Room : Yes | Gym: Yes | Store Rooms | Steam Room: Yes | Lounge or Sitting Room: Yes | Laundry Room: Yes | Other Rooms: Yes | Broadband Internet Access: Yes | Satellite or Cable TV Ready: Yes | Business Center or Media Room in Building: Yes | Conference Room in Building: Yes | Intercom: Yes | ATM Machines: Yes | Other Business and Communication Facilities: Yes","530","sqft","1","1","Lahore","Earth worth realtors.","PKR","53922111","31.374195","Bahria Town, Bahria Town - Sector C","74.191482","+923276377773","https://media.zameen.com/thumbnails/295200319-800x600.webp","https://media.zameen.com/thumbnails/295200320-800x600.webp","https://media.zameen.com/thumbnails/295200321-800x600.webp","https://media.zameen.com/thumbnails/295200322-800x600.webp","https://media.zameen.com/thumbnails/295200323-800x600.webp","https://media.zameen.com/thumbnails/295200324-800x600.webp","https://media.zameen.com/thumbnails/295200325-800x600.webp","https://media.zameen.com/thumbnails/295200326-800x600.webp","https://media.zameen.com/thumbnails/295200327-800x600.webp","https://media.zameen.com/thumbnails/295200328-800x600.webp",,,,,,,,,,,,,,,,,,,,,,,,,,,,,,,,,,,,,,,,,"45000","flat","rent","zameen.com","1 bed furnished fully luxury apartment available in super hot location.","https://www.zameen.com/Property/bahria_town_bahria_town_-_sector_c_1_bed_furnished_fully_luxury_apartment_available_in_super_hot_location-53922111-1784-4.html"
"Brand New Top Floor 12 Marla 4 Bedroom Spacious & Luxurious House For Rent! 4 Bedrooms with attached washrooms Drawing and Dinning with powder room Kitchen with Brand new Cupboards A Servat quarter At prime location of Askari 10 Walking distance from KFC, MACDONALD'S, CARREFOUR And other outlets Near Beacon House and Bloomfield Hall School Gated Community 24/7 Security 2 mins drive from Airport and Main road","2026-03-10T10:30:04.000Z","https://media.zameen.com/thumbnails/20472638-120x90.webp","Property Expert Advisor & Builders","Built in year: 2025 | View: Open view | Parking Spaces: 2 | Lobby in Building: Yes | Double Glazed Windows: Yes | Central Air Conditioning: Yes | Central Heating: Yes | Flooring: Tiles | Electricity Backup: Ups | Waste Disposal: Yes | Floor: 9 | Floors in Building: 9 | Elevators: 3 | Service Elevators in Building: Yes | Other Main Features: Yes | Bedrooms: 4 | Bathrooms: 5 | Servant Quarters: 1 | Drawing Room: Yes | Dining Room: Yes | Kitchens: 1 | Study Room: Yes | Prayer Room: Yes | Powder Room : Yes | Gym: Yes | Store Rooms: 1 | Steam Room: Yes | Lounge or Sitting Room: Yes | Laundry Room: Yes | Broadband Internet Access: Yes | Satellite or Cable TV Ready: Yes | Other Business and Communication Facilities: Yes | Community Lawn or Garden: Yes | Community Swimming Pool: Yes | Community Gym: Yes | First Aid or Medical Centre: Yes | Day Care Centre: Yes | Kids Play Area: Yes | Barbeque Area: Yes | Mosque: Yes | Community Centre: Yes | Other Community Facilities: Yes | Sauna: Yes | Jacuzzi: Yes | Other Healthcare and Recreation Facilities: Yes | Nearby Schools: beacon House  | Nearby Hospitals: CMH HOSPITAL  | Nearby Shopping Malls: carrefour  | Nearby Restaurants: KFC MACDONALD'S | Distance From Airport (kms): 2 | Nearby Public Transport Service: Yes | Other Nearby Places: Yes | Maintenance Staff: Yes | Security Staff: Yes | Laundry or Dry Cleaning Facility: Yes | Communal/Shared Kitchen: Yes | Facilities for Disabled: Yes | Other Facilities: Yes","12","marla","5","4","Lahore","Muhammad Bilal Azam/ColMunir Ahmed","PKR","53904935","31.539928317902","Askari, Askari 10, Askari 10 - Sector S","74.418501947474","+923164248438","https://media.zameen.com/thumbnails/295033747-800x600.webp","https://media.zameen.com/thumbnails/295033672-800x600.webp","https://media.zameen.com/thumbnails/295033673-800x600.webp","https://media.zameen.com/thumbnails/295033674-800x600.webp","https://media.zameen.com/thumbnails/295033675-800x600.webp","https://media.zameen.com/thumbnails/295033676-800x600.webp","https://media.zameen.com/thumbnails/295033677-800x600.webp","https://media.zameen.com/thumbnails/295033678-800x600.webp","https://media.zameen.com/thumbnails/295033679-800x600.webp","https://media.zameen.com/thumbnails/295033680-800x600.webp","https://media.zameen.com/thumbnails/295033681-800x600.webp","https://media.zameen.com/thumbnails/295033682-800x600.webp","https://media.zameen.com/thumbnails/295033683-800x600.webp","https://media.zameen.com/thumbnails/295033684-800x600.webp","https://media.zameen.com/thumbnails/295033685-800x600.webp","https://media.zameen.com/thumbnails/295033686-800x600.webp","https://media.zameen.com/thumbnails/295033687-800x600.webp","https://media.zameen.com/thumbnails/295033688-800x600.webp","https://media.zameen.com/thumbnails/295033689-800x600.webp","https://media.zameen.com/thumbnails/295033690-800x600.webp","https://media.zameen.com/thumbnails/295033691-800x600.webp","https://media.zameen.com/thumbnails/295033692-800x600.webp","https://media.zameen.com/thumbnails/295033693-800x600.webp","https://media.zameen.com/thumbnails/295033694-800x600.webp","https://media.zameen.com/thumbnails/295033695-800x600.webp","https://media.zameen.com/thumbnails/295033696-800x600.webp","https://media.zameen.com/thumbnails/295033697-800x600.webp","https://media.zameen.com/thumbnails/295033698-800x600.webp","https://media.zameen.com/thumbnails/295033699-800x600.webp","https://media.zameen.com/thumbnails/295033700-800x600.webp","https://media.zameen.com/thumbnails/295033701-800x600.webp","https://media.zameen.com/thumbnails/295033702-800x600.webp","https://media.zameen.com/thumbnails/295033703-800x600.webp","https://media.zameen.com/thumbnails/295033704-800x600.webp","https://media.zameen.com/thumbnails/295033705-800x600.webp","https://media.zameen.com/thumbnails/295033706-800x600.webp","https://media.zameen.com/thumbnails/295033707-800x600.webp","https://media.zameen.com/thumbnails/295033708-800x600.webp","https://media.zameen.com/thumbnails/295033709-800x600.webp","https://media.zameen.com/thumbnails/295033710-800x600.webp","https://media.zameen.com/thumbnails/295033711-800x600.webp",,,,,,,,,,"140000","flat","rent","zameen.com","Top Floor Open View Brand New 4 Bed Flat Urgent For Rent","https://www.zameen.com/Property/askari_10_askari_10_-_sector_s_top_floor_open_view_brand_new_4_bed_flat_urgent_for_rent-53904935-21434-4.html"
"15 Marla 5 Bed House: . 5 Bedrooms . 5 Bathrooms . 1 servant quarter . 1 Storeroom . 1 Laundry room . Lounge sitting . Dinning room . 1 Kitchen . 1 Powder room","2026-03-10T10:29:12.000Z","https://media.zameen.com/thumbnails/20472638-120x90.webp","Property Expert Advisor & Builders","Built in year: 2025 | View: Beautiful  | Parking Spaces: 3 | Double Glazed Windows: Yes | Central Air Conditioning: Yes | Central Heating: Yes | Flooring: Tiles | Electricity Backup: Ups | Waste Disposal: Yes | Floors: 2 | Bedrooms: 5 | Bathrooms: 5 | Servant Quarters: 1 | Drawing Room: Yes | Dining Room: Yes | Kitchens: 1 | Study Room: Yes | Prayer Room: Yes | Powder Room : Yes | Store Rooms: 1 | Lounge or Sitting Room: Yes | Laundry Room: Yes | Broadband Internet Access: Yes | Satellite or Cable TV Ready: Yes | Community Lawn or Garden: Yes | Community Gym: Yes | First Aid or Medical Centre: Yes | Day Care Centre: Yes | Kids Play Area: Yes | Barbeque Area: Yes | Mosque: Yes | Community Centre: Yes | Lawn or Garden: Yes | Nearby Schools: yes  | Nearby Hospitals: CMH | Nearby Shopping Malls: yes  | Nearby Restaurants: yes  | Distance From Airport (kms): 2 km | Maintenance Staff: Yes | Security Staff: Yes","15","marla","5","5","Lahore","Muhammad Bilal Azam/ColMunir Ahmed","PKR","53883706","31.536408","Askari, Askari 10","74.416037","+923324313697","https://media.zameen.com/thumbnails/294853068-800x600.webp","https://media.zameen.com/thumbnails/294853069-800x600.webp","https://media.zameen.com/thumbnails/294853070-800x600.webp","https://media.zameen.com/thumbnails/294853071-800x600.webp","https://media.zameen.com/thumbnails/294853072-800x600.webp","https://media.zameen.com/thumbnails/294853073-800x600.webp","https://media.zameen.com/thumbnails/294853074-800x600.webp","https://media.zameen.com/thumbnails/294853075-800x600.webp","https://media.zameen.com/thumbnails/294853076-800x600.webp","https://media.zameen.com/thumbnails/294853077-800x600.webp","https://media.zameen.com/thumbnails/294853078-800x600.webp","https://media.zameen.com/thumbnails/294853079-800x600.webp","https://media.zameen.com/thumbnails/294853080-800x600.webp","https://media.zameen.com/thumbnails/294853081-800x600.webp","https://media.zameen.com/thumbnails/294853082-800x600.webp","https://media.zameen.com/thumbnails/294853083-800x600.webp","https://media.zameen.com/thumbnails/294853084-800x600.webp","https://media.zameen.com/thumbnails/294853085-800x600.webp","https://media.zameen.com/thumbnails/294853086-800x600.webp","https://media.zameen.com/thumbnails/294853087-800x600.webp","https://media.zameen.com/thumbnails/294853088-800x600.webp","https://media.zameen.com/thumbnails/294853089-800x600.webp","https://media.zameen.com/thumbnails/294853090-800x600.webp","https://media.zameen.com/thumbnails/294853091-800x600.webp","https://media.zameen.com/thumbnails/294853092-800x600.webp","https://media.zameen.com/thumbnails/294853093-800x600.webp","https://media.zameen.com/thumbnails/294853094-800x600.webp","https://media.zameen.com/thumbnails/294853095-800x600.webp","https://media.zameen.com/thumbnails/294853096-800x600.webp","https://media.zameen.com/thumbnails/294853097-800x600.webp","https://media.zameen.com/thumbnails/294853098-800x600.webp","https://media.zameen.com/thumbnails/294853099-800x600.webp","https://media.zameen.com/thumbnails/294853100-800x600.webp","https://media.zameen.com/thumbnails/294853101-800x600.webp","https://media.zameen.com/thumbnails/294853102-800x600.webp","https://media.zameen.com/thumbnails/294853103-800x600.webp","https://media.zameen.com/thumbnails/294853104-800x600.webp",,,,,,,,,,,,,,"290000","house","rent","zameen.com","Near To Park Beautiful 5 Bed Brig House Is Available For Urgent Rent In Askari 10 Sec-S!","https://www.zameen.com/Property/askari_askari_10_near_to_park_beautiful_5_bed_brig_house_is_available_for_urgent_rent_in_askari_10_sec-s-53883706-1011-4.html"
"Upper Portion Lower Lock Modern House For Rent Features 3 Master Size Bedrooms 3 Washroom With Jacuzzi Tub Shower Cabin Bath Kitchen With Wooden Work All Washrooms With Imported Fitting 2 Car Parking Green Lush Lawn Big TV Lounge Store Room Tile Wooden Flooring Servant Quarter For More Details Call Us.","2026-03-10T10:17:57.000Z","https://media.zameen.com/thumbnails/186985511-120x90.webp","Fida Sons Associates","Built in year: 2017 | View: west open | Parking Spaces | Flooring: Tiles | Electricity Backup: None | Floors | Other Main Features: prime location | Bedrooms: 3 | Bathrooms: 3 | Servant Quarters | Drawing Room: Yes | Dining Room: Yes | Kitchens | Study Room: Yes | Prayer Room: Yes | Powder Room : Yes | Store Rooms | Lounge or Sitting Room: Yes | Laundry Room: Yes | Other Rooms: Yes | Community Lawn or Garden: Yes | Community Swimming Pool: Yes | Community Gym: Yes | First Aid or Medical Centre: Yes | Day Care Centre: Yes | Kids Play Area: Yes | Barbeque Area: Yes | Mosque: Yes | Community Centre: Yes | Nearby Schools: Yes | Nearby Hospitals: Yes | Nearby Shopping Malls: Yes | Nearby Restaurants: Yes | Distance From Airport (kms): Yes | Nearby Public Transport Service: Yes | Other Nearby Places: Yes | Security Staff: Yes | Other Facilities: yes","1","kanal","3","3","Lahore","CEO Hamza Fida","PKR","47730729","31.461468","DHA Defence, DHA Phase 4, DHA Phase 4 - Block FF","74.389973","+923035975469","https://media.zameen.com/thumbnails/277624755-800x600.webp","https://media.zameen.com/thumbnails/277624756-800x600.webp","https://media.zameen.com/thumbnails/277624757-800x600.webp","https://media.zameen.com/thumbnails/294357302-800x600.webp","https://media.zameen.com/thumbnails/277624758-800x600.webp","https://media.zameen.com/thumbnails/294357303-800x600.webp","https://media.zameen.com/thumbnails/277624759-800x600.webp","https://media.zameen.com/thumbnails/294357304-800x600.webp","https://media.zameen.com/thumbnails/277624760-800x600.webp","https://media.zameen.com/thumbnails/277624761-800x600.webp","https://media.zameen.com/thumbnails/277624762-800x600.webp","https://media.zameen.com/thumbnails/277624763-800x600.webp","https://media.zameen.com/thumbnails/277624764-800x600.webp","https://media.zameen.com/thumbnails/294357305-800x600.webp","https://media.zameen.com/thumbnails/294357306-800x600.webp",,,,,,,,,,,,,,,,,,,,,,,,,,,,,,,,,,,,"100000","upper portion","rent","zameen.com","Upper Portion Lower Lock Modern Portion For Rent Hot Location","https://www.zameen.com/Property/dha_phase_4_dha_phase_4_-_block_ff_upper_portion_lower_lock_modern_portion_for_rent_hot_location-47730729-1594-4.html"
"5 Marla Brand New House For Rent in dha 3 Bedroom 4. Washroom 2 Tv Lounge 1 Car Parking Space Hot Location","2026-03-10T09:37:16.000Z",,,"Built in year: 2025 | View: luxury | Parking Spaces: 1 | Double Glazed Windows: Yes | Central Air Conditioning: Yes | Central Heating: Yes | Flooring: Tiles | Electricity Backup: Ups | Waste Disposal: Yes | Floors: 1 | Other Main Features: Available | Furnished: Yes | Bedrooms: 3 | Bathrooms: 4 | Servant Quarters: 1 | Drawing Room: Yes | Dining Room: Yes | Kitchens: 2 | Study Room: Yes | Prayer Room: Yes | Powder Room : Yes | Gym: Yes | Store Rooms: 1 | Steam Room: Yes | Lounge or Sitting Room: Yes | Laundry Room: Yes | Broadband Internet Access: Yes | Satellite or Cable TV Ready: Yes | Intercom: Yes | Other Business and Communication Facilities: Available | Community Lawn or Garden: Yes | Community Swimming Pool: Yes | Community Gym: Yes | First Aid or Medical Centre: Yes | Day Care Centre: Yes | Kids Play Area: Yes | Barbeque Area: Yes | Mosque: Yes | Community Centre: Yes | Other Community Facilities: Available | Lawn or Garden: Yes | Swimming Pool: Yes | Sauna: Yes | Jacuzzi: Yes | Other Healthcare and Recreation Facilities: Available | Nearby Schools: walking  | Nearby Hospitals: walking  | Nearby Shopping Malls: walking  | Nearby Restaurants: walking  | Distance From Airport (kms): walking | Nearby Public Transport Service: walking  | Other Nearby Places: Yes | Maintenance Staff: Yes | Security Staff: Yes | Facilities for Disabled: Yes | Other Facilities: Yes","5","marla","4","3","Lahore","Shahid Akthar","PKR","52354872","31.386102","DHA 11 Rahbar, DHA 11 Rahbar Phase 2","74.274945","+923274948915","https://media.zameen.com/thumbnails/294086967-800x600.webp","https://media.zameen.com/thumbnails/294086968-800x600.webp","https://media.zameen.com/thumbnails/294086969-800x600.webp","https://media.zameen.com/thumbnails/294086970-800x600.webp","https://media.zameen.com/thumbnails/294086971-800x600.webp","https://media.zameen.com/thumbnails/294086972-800x600.webp","https://media.zameen.com/thumbnails/294086973-800x600.webp","https://media.zameen.com/thumbnails/294086974-800x600.webp","https://media.zameen.com/thumbnails/294086975-800x600.webp","https://media.zameen.com/thumbnails/294086976-800x600.webp","https://media.zameen.com/thumbnails/294086977-800x600.webp","https://media.zameen.com/thumbnails/294086978-800x600.webp","https://media.zameen.com/thumbnails/294086979-800x600.webp","https://media.zameen.com/thumbnails/294086980-800x600.webp","https://media.zameen.com/thumbnails/294086981-800x600.webp","https://media.zameen.com/thumbnails/294086982-800x600.webp","https://media.zameen.com/thumbnails/294086983-800x600.webp","https://media.zameen.com/thumbnails/294086984-800x600.webp",,,,,,,,,,,,,,,,,,,,,,,,,,,,,,,,,"110000","house","rent","zameen.com","5 Marla Brand New House For Rent In DHA","https://www.zameen.com/Property/dha_11_rahbar_dha_11_rahbar_phase_2_5_marla_brand_new_house_for_rent_in_dha-52354872-3717-4.html"
"Tranquil Dwelling Inc is Offering Prime Location 1 Kanal Used House Available For Rent in DHA Phase 6 Features: Modern Design House 5 Bedrooms with Attached Baths Drawing & Dining Room TV Lounge 2 Proper Kitchen 2 Servant Quarter 1 Store Room Tiles & Wooden Flooring Solid Woods Doors Beautiful False Ceiling Design in House 4 Cars Parking Easy Access From Ring Road Near To Parks, Masjid, Schools and Commercial Zone For More Information Contact Us.","2026-03-10T09:20:28.000Z","https://media.zameen.com/thumbnails/20472255-120x90.webp","Tranquil Dwelling Inc","Built in year | View: Perfect | Parking Spaces: 4 | Double Glazed Windows: Yes | Flooring: Tiles | Electricity Backup: Ups | Floors: 2 | Bedrooms: 5 | Bathrooms: 5 | Servant Quarters: 2 | Drawing Room: Yes | Dining Room: Yes | Kitchens: 2 | Powder Room : Yes | Store Rooms: 1 | Lounge or Sitting Room: Yes | Broadband Internet Access: Yes | Satellite or Cable TV Ready: Yes | Community Lawn or Garden: Yes | Community Gym: Yes | Kids Play Area: Yes | Barbeque Area: Yes | Mosque: Yes | Community Centre: Yes | Lawn or Garden: Yes | Jacuzzi: Yes | Nearby Schools: Yes | Nearby Hospitals: Yes | Nearby Shopping Malls: Yes | Nearby Restaurants: Yes | Distance From Airport (kms): 7Km | Nearby Public Transport Service: Yes | Other Nearby Places: Yes | Security Staff: Yes","1","kanal","6","5","Lahore","Allah Wasaya","PKR","53835644","31.471571","DHA Defence, DHA Phase 6","74.445906","+923271776778","https://media.zameen.com/thumbnails/294410843-800x600.webp","https://media.zameen.com/thumbnails/294410844-800x600.webp","https://media.zameen.com/thumbnails/294410845-800x600.webp","https://media.zameen.com/thumbnails/294410846-800x600.webp","https://media.zameen.com/thumbnails/294410847-800x600.webp","https://media.zameen.com/thumbnails/294410848-800x600.webp","https://media.zameen.com/thumbnails/294410849-800x600.webp","https://media.zameen.com/thumbnails/294410850-800x600.webp","https://media.zameen.com/thumbnails/294410851-800x600.webp","https://media.zameen.com/thumbnails/294410852-800x600.webp","https://media.zameen.com/thumbnails/294410853-800x600.webp","https://media.zameen.com/thumbnails/294410854-800x600.webp","https://media.zameen.com/thumbnails/294410855-800x600.webp","https://media.zameen.com/thumbnails/294410856-800x600.webp","https://media.zameen.com/thumbnails/294410857-800x600.webp","https://media.zameen.com/thumbnails/294410858-800x600.webp","https://media.zameen.com/thumbnails/294410859-800x600.webp","https://media.zameen.com/thumbnails/294410860-800x600.webp","https://media.zameen.com/thumbnails/294410861-800x600.webp","https://media.zameen.com/thumbnails/294410862-800x600.webp","https://media.zameen.com/thumbnails/294410863-800x600.webp","https://media.zameen.com/thumbnails/294410864-800x600.webp","https://media.zameen.com/thumbnails/294410865-800x600.webp","https://media.zameen.com/thumbnails/294410866-800x600.webp","https://media.zameen.com/thumbnails/294410867-800x600.webp","https://media.zameen.com/thumbnails/294410868-800x600.webp","https://media.zameen.com/thumbnails/294410869-800x600.webp","https://media.zameen.com/thumbnails/294410870-800x600.webp","https://media.zameen.com/thumbnails/294410871-800x600.webp","https://media.zameen.com/thumbnails/294410872-800x600.webp","https://media.zameen.com/thumbnails/294410873-800x600.webp","https://media.zameen.com/thumbnails/294410874-800x600.webp","https://media.zameen.com/thumbnails/294410875-800x600.webp","https://media.zameen.com/thumbnails/294410876-800x600.webp","https://media.zameen.com/thumbnails/294410877-800x600.webp","https://media.zameen.com/thumbnails/294410878-800x600.webp",,,,,,,,,,,,,,,"325000","house","rent","zameen.com","Prime Location 1 Kanal Used House Available For Rent in DHA Phase 6","https://www.zameen.com/Property/dha_defence_dha_phase_6_prime_location_1_kanal_used_house_available_for_rent_in_dha_phase_6-53835644-1448-4.html"
"Tranquil Dwelling Inc is Offering Prime Location 1 Kanal Brand New Available For Rent in DHA Phase 7 Features: Modern Design House 5 Bedrooms with Attached Baths Drawing & Dining Room TV Lounge 2 Proper Kitchen 1 Servant Quarter 1 Store Room Tiles & Wooden Flooring Solid Woods Doors Beautiful False Ceiling Design in House 4 Cars Parking Easy Access From Ring Road Near To Parks, Masjid, Schools and Commercial Zone For More Information Contact Us.","2026-03-10T09:20:07.000Z","https://media.zameen.com/thumbnails/20472255-120x90.webp","Tranquil Dwelling Inc","Built in year | View: Perfect | Parking Spaces: 4 | Double Glazed Windows: Yes | Flooring: Tiles | Electricity Backup: Ups | Floors: 2 | Bedrooms: 5 | Bathrooms: 6 | Servant Quarters: 1 | Drawing Room: Yes | Dining Room: Yes | Kitchens: 2 | Powder Room : Yes | Store Rooms: 1 | Lounge or Sitting Room: Yes | Broadband Internet Access: Yes | Satellite or Cable TV Ready: Yes | Community Lawn or Garden: Yes | Community Gym: Yes | Kids Play Area: Yes | Barbeque Area: Yes | Mosque: Yes | Community Centre: Yes | Lawn or Garden: Yes | Jacuzzi: Yes | Nearby Schools: Yes | Nearby Hospitals: Yes | Nearby Shopping Malls: Yes | Nearby Restaurants: Yes | Distance From Airport (kms): 7Km | Nearby Public Transport Service: Yes | Other Nearby Places: Yes | Security Staff: Yes | Other Facilities: Available","1","kanal","6","5","Lahore","Shahzad Tanveer","PKR","53850986","31.484893","DHA Defence, DHA Phase 7","74.472342","+923271776778","https://media.zameen.com/thumbnails/294853129-800x600.webp","https://media.zameen.com/thumbnails/294853128-800x600.webp","https://media.zameen.com/thumbnails/294853130-800x600.webp","https://media.zameen.com/thumbnails/294853131-800x600.webp","https://media.zameen.com/thumbnails/294853132-800x600.webp","https://media.zameen.com/thumbnails/294853133-800x600.webp","https://media.zameen.com/thumbnails/294853134-800x600.webp","https://media.zameen.com/thumbnails/294853135-800x600.webp","https://media.zameen.com/thumbnails/294853136-800x600.webp","https://media.zameen.com/thumbnails/294853137-800x600.webp","https://media.zameen.com/thumbnails/294853138-800x600.webp","https://media.zameen.com/thumbnails/294853139-800x600.webp","https://media.zameen.com/thumbnails/294853140-800x600.webp","https://media.zameen.com/thumbnails/294853141-800x600.webp","https://media.zameen.com/thumbnails/294853142-800x600.webp","https://media.zameen.com/thumbnails/294853143-800x600.webp","https://media.zameen.com/thumbnails/294853384-800x600.webp","https://media.zameen.com/thumbnails/294853385-800x600.webp","https://media.zameen.com/thumbnails/294853386-800x600.webp","https://media.zameen.com/thumbnails/294853387-800x600.webp",,,,,,,,,,,,,,,,,,,,,,,,,,,,,,,"370000","house","rent","zameen.com","Prime Location 1 Kanal Brand New Luxury Modern Available For Rent in DHA Phase 7","https://www.zameen.com/Property/dha_defence_dha_phase_7_prime_location_1_kanal_brand_new_luxury_modern_available_for_rent_in_dha_phase_7-53850986-1450-4.html"
"Call or Whatsapp : [redacted phone number] Property Filter Offer Profitable 1 Kanal House For Rent In DHA Phase 3 Lahore. About The Property 1> 4 Master Size Bedrooms 2> 5 Attached Bathroom 3> 1 Kitchen Amazing Wood Work 4> 2 Car Parking 5> 1 Big TV Lounge 6> 1 Servant room 7> 1 Store Rooms 8> Drawing Room 9> Dining Room 10> Total Tile Flooring 11> Owner Build House 12> Green Lawn Note The Bungalow Is Near To Masjid, Society Security Facile. Protected Area. Near To Market & Parks. Prime Location. Carpeted Road. Peace Full Society. With All Good Approaches. Available All facilities like Electricity, SUI gas, Internet, Intercom, and Satellite Cable. If You Have Any Further Queries Do Not Hesitate Contact With Us Property Filter 79 K Ground Floor DHA Phase 1 Lahore.","2026-03-10T08:27:36.000Z","https://media.zameen.com/thumbnails/273137807-120x90.webp","Property Filter PVT LTD","Built in year: 2021 | View: Sun face  | Parking Spaces: 4 | Double Glazed Windows: Yes | Central Air Conditioning: Yes | Central Heating: Yes | Flooring: Marble | Electricity Backup: Ups | Waste Disposal: Yes | Floors: 2 | Bedrooms: 5 | Bathrooms: 5 | Servant Quarters: 1 | Drawing Room: Yes | Dining Room: Yes | Kitchens: 1 | Store Rooms: 1 | Broadband Internet Access: Yes | Satellite or Cable TV Ready: Yes | Intercom: Yes | Other Business and Communication Facilities: Yes | Community Lawn or Garden: Yes | Community Swimming Pool: Yes | Community Gym: Yes | First Aid or Medical Centre: Yes | Day Care Centre: Yes | Kids Play Area: Yes | Barbeque Area: Yes | Mosque: Yes | Community Centre: Yes | Other Community Facilities: Yes | Lawn or Garden: Yes | Swimming Pool: Yes | Sauna: Yes | Jacuzzi: Yes | Other Healthcare and Recreation Facilities: Yes | Nearby Schools: Yes | Nearby Hospitals: Yes | Nearby Shopping Malls: yes  | Nearby Restaurants: Yes | Distance From Airport (kms): 32 | Nearby Public Transport Service: Available  | Other Nearby Places: Yes | Maintenance Staff: Yes | Security Staff: Yes | Other Facilities: Cleaning staff","1","kanal","5","4","Lahore","Mohsin Iqbal","PKR","53814276","31.475378","DHA Defence, DHA Phase 3","74.373808","+923051688640","https://media.zameen.com/thumbnails/295224103-800x600.webp","https://media.zameen.com/thumbnails/295224104-800x600.webp","https://media.zameen.com/thumbnails/295224105-800x600.webp","https://media.zameen.com/thumbnails/295224106-800x600.webp","https://media.zameen.com/thumbnails/295224107-800x600.webp","https://media.zameen.com/thumbnails/295224108-800x600.webp","https://media.zameen.com/thumbnails/295224109-800x600.webp","https://media.zameen.com/thumbnails/295224110-800x600.webp","https://media.zameen.com/thumbnails/295224111-800x600.webp","https://media.zameen.com/thumbnails/295224112-800x600.webp","https://media.zameen.com/thumbnails/295224113-800x600.webp","https://media.zameen.com/thumbnails/295224114-800x600.webp","https://media.zameen.com/thumbnails/295224115-800x600.webp","https://media.zameen.com/thumbnails/295224116-800x600.webp","https://media.zameen.com/thumbnails/295224117-800x600.webp","https://media.zameen.com/thumbnails/295224118-800x600.webp",,,,,,,,,,,,,,,,,,,,,,,,,,,,,,,,,,,"200000","house","rent","zameen.com","100% Original 01 Kanal Modern Design House For Rent In DHA Phase 3 Lahore.","https://www.zameen.com/Property/dha_defence_dha_phase_3_100_original_01_kanal_modern_design_house_for_rent_in_dha_phase_3_lahore-53814276-1454-4.html"
"Marla Brand New Modern House is available for rent at a prime location in DHA. Featuring a stylish layout, premium finishes, and energy-efficient design, this home is perfect for small families or professionals seeking comfort and convenience. 3 Spacious Bedrooms with Attached Baths Stylish Kitchen & Bright TV Lounge Modern Finishes & Elegant Design Prime DHA Location Near Market & Park Secure & Peaceful Environment Contact: View Contact Detail for rent details & viewing.","2026-03-10T07:43:27.000Z","https://media.zameen.com/thumbnails/244095693-120x90.webp","Trend Estate & Builders","Built in year: 2025 | View: BEAUTIFUL  | Parking Spaces: 4 | Double Glazed Windows: Yes | Central Air Conditioning: Yes | Central Heating: Yes | Flooring: Tiles | Electricity Backup: Ups | Floors: 3 | Other Main Features: Yes | Bedrooms: 3 | Bathrooms: 4 | Servant Quarters: 2 | Drawing Room: Yes | Dining Room: Yes | Kitchens: 3 | Study Room: Yes | Prayer Room: Yes | Store Rooms: 1 | Lounge or Sitting Room: Yes | Other Rooms: Yes | Broadband Internet Access: Yes | Satellite or Cable TV Ready: Yes | Intercom: Yes | Other Business and Communication Facilities: Yes | Community Lawn or Garden: Yes | First Aid or Medical Centre: Yes | Day Care Centre: Yes | Kids Play Area: Yes | Barbeque Area: Yes | Mosque: Yes | Community Centre: Yes | Other Community Facilities: Yes | Lawn or Garden: Yes | Sauna: Yes | Jacuzzi: Yes | Other Healthcare and Recreation Facilities: YES  | Nearby Schools: Yes | Nearby Hospitals:  YES | Nearby Shopping Malls: Yes | Nearby Restaurants: Yes | Distance From Airport (kms): 5 | Nearby Public Transport Service: Yes | Other Nearby Places: DHA OFFICE  | Security Staff: Yes | Other Facilities: Yes","5","marla","0","3","Lahore","M JUNAID","PKR","53346425","31.44082","DHA Defence, DHA 9 Town","74.438589","+923008476565","https://media.zameen.com/thumbnails/289075702-800x600.webp","https://media.zameen.com/thumbnails/289075703-800x600.webp","https://media.zameen.com/thumbnails/289075704-800x600.webp","https://media.zameen.com/thumbnails/289075705-800x600.webp","https://media.zameen.com/thumbnails/289075706-800x600.webp","https://media.zameen.com/thumbnails/289075707-800x600.webp","https://media.zameen.com/thumbnails/289075993-800x600.webp","https://media.zameen.com/thumbnails/289075709-800x600.webp","https://media.zameen.com/thumbnails/289075710-800x600.webp","https://media.zameen.com/thumbnails/289075711-800x600.webp","https://media.zameen.com/thumbnails/289075712-800x600.webp","https://media.zameen.com/thumbnails/289075713-800x600.webp","https://media.zameen.com/thumbnails/289075714-800x600.webp","https://media.zameen.com/thumbnails/289075715-800x600.webp","https://media.zameen.com/thumbnails/289075716-800x600.webp","https://media.zameen.com/thumbnails/289075717-800x600.webp","https://media.zameen.com/thumbnails/289075718-800x600.webp","https://media.zameen.com/thumbnails/289075719-800x600.webp","https://media.zameen.com/thumbnails/289075720-800x600.webp",,,,,,,,,,,,,,,,,,,,,,,,,,,,,,,,"95000","house","rent","zameen.com","5 MARLA DESIGNER HOUSE FOR RENT IN 9 TOWN AVAILABLE","https://www.zameen.com/Property/dha_defence_dha_9_town_5_marla_designer_house_for_rent_in_9_town_available-53346425-1452-4.html"
"BRAND NEW MODERN 05 MARLA BUNGALOW AVAILABE FOR RENT Estate Nexus Offers: Property Overview. Bedrooms and Attached Washroom. Its have 3 Bedrooms. 3 Attached shower cabin bath Tile Flooring Beautiful company Kitchen Big TV Lounge Exclusive Views Sitting Area Laundry Area Big Laundry Area 1 Car parking Electric Wiring or Backup Complete Wiring Backup Near to Market/School/Park/masjid Spacious Terrace Where One Can Have Easily Good Walk And Reasonable For Further Details Contact Us . . . .","2026-03-10T07:34:30.000Z",,"Estate Nexus Real Estate Consultant & Builders","Built in year: 2029 | View: sea facing  | Parking Spaces: 1 | Double Glazed Windows: Yes | Central Air Conditioning: Yes | Central Heating: Yes | Flooring: Tiles | Electricity Backup: Generator | Waste Disposal: Yes | Floors: 2 | Other Main Features: Corner apartment  | Furnished: Yes | Bedrooms: 1 | Bathrooms: 2 | Servant Quarters: 1 | Drawing Room: Yes | Dining Room: Yes | Kitchens: 1 | Study Room: Yes | Prayer Room: Yes | Powder Room : Yes | Gym: Yes | Store Rooms: 1 | Steam Room: Yes | Lounge or Sitting Room: Yes | Laundry Room: Yes | Other Rooms: yes  | Broadband Internet Access: Yes | Satellite or Cable TV Ready: Yes | Intercom: Yes | Other Business and Communication Facilities: yes  | Community Lawn or Garden: Yes | Community Swimming Pool: Yes | Community Gym: Yes | First Aid or Medical Centre: Yes | Day Care Centre: Yes | Kids Play Area: Yes | Barbeque Area: Yes | Mosque: Yes | Community Centre: Yes | Other Community Facilities: yes  | Lawn or Garden: Yes | Swimming Pool: Yes | Sauna: Yes | Jacuzzi: Yes | Other Healthcare and Recreation Facilities: yes  | Nearby Schools: Yes | Nearby Hospitals: Yes | Nearby Shopping Malls: Yes | Nearby Restaurants: Yes | Distance From Airport (kms): Yes | Nearby Public Transport Service: Yes | Other Nearby Places: Yes | Maintenance Staff: Yes | Security Staff: Yes | Facilities for Disabled: Yes | Other Facilities: yes","5","marla","3","3","Lahore","Aamir Abbas","PKR","53799903","31.44082","DHA Defence, DHA 9 Town","74.438589","+923017728175","https://media.zameen.com/thumbnails/294082076-800x600.webp","https://media.zameen.com/thumbnails/294082077-800x600.webp","https://media.zameen.com/thumbnails/294082078-800x600.webp","https://media.zameen.com/thumbnails/294082079-800x600.webp","https://media.zameen.com/thumbnails/294082080-800x600.webp","https://media.zameen.com/thumbnails/294082081-800x600.webp","https://media.zameen.com/thumbnails/294082082-800x600.webp","https://media.zameen.com/thumbnails/294082083-800x600.webp","https://media.zameen.com/thumbnails/294082084-800x600.webp","https://media.zameen.com/thumbnails/294082085-800x600.webp","https://media.zameen.com/thumbnails/294082086-800x600.webp","https://media.zameen.com/thumbnails/294082087-800x600.webp","https://media.zameen.com/thumbnails/294082088-800x600.webp","https://media.zameen.com/thumbnails/294082089-800x600.webp","https://media.zameen.com/thumbnails/294082090-800x600.webp","https://media.zameen.com/thumbnails/294082091-800x600.webp","https://media.zameen.com/thumbnails/294082092-800x600.webp","https://media.zameen.com/thumbnails/294082093-800x600.webp","https://media.zameen.com/thumbnails/294082094-800x600.webp","https://media.zameen.com/thumbnails/294082095-800x600.webp",,,,,,,,,,,,,,,,,,,,,,,,,,,,,,,"115000","house","rent","zameen.com","BRAND NEW MODERN 05 MARLA BUNGALOW AVAILABLE FOR RENT","https://www.zameen.com/Property/dha_defence_dha_9_town_brand_new_modern_05_marla_bungalow_available_for_rent-53799903-1452-4.html"
"ST Enterprises Offering. . . . . . Seperet Entres 4 Bed Room With Attavh Bath 2 Elegant Kitchen 1 Drawing Room 1 TV Lounge 1 Dining Room 1 Study Room 2 Car Parking For More Information Please Contact Us,","2026-03-10T06:59:54.000Z","https://media.zameen.com/thumbnails/292967353-120x90.webp","ST Enterprises Real Estate And Investments","Built in year | View: Luxury  | Parking Spaces: 2 | Double Glazed Windows: Yes | Central Air Conditioning: Yes | Central Heating: Yes | Flooring: Tiles | Electricity Backup: Ups | Waste Disposal: Yes | Floors: 2 | Other Main Features: Sepret Inters | Furnished: Yes | Bedrooms: 4 | Bathrooms: 5 | Servant Quarters: 1 | Drawing Room: Yes | Dining Room: Yes | Kitchens: 2 | Study Room: Yes | Prayer Room: Yes | Powder Room : Yes | Store Rooms: 2 | Lounge or Sitting Room: Yes | Laundry Room: Yes | Other Rooms: 1 | Broadband Internet Access: Yes | Satellite or Cable TV Ready: Yes | Intercom: Yes | Other Business and Communication Facilities: Nearby | Community Lawn or Garden: Yes | Community Swimming Pool: Yes | Community Gym: Yes | First Aid or Medical Centre: Yes | Day Care Centre: Yes | Kids Play Area: Yes | Barbeque Area: Yes | Mosque: Yes | Community Centre: Yes | Other Community Facilities: Nearby Markets | Lawn or Garden: Yes | Swimming Pool: Yes | Sauna: Yes | Jacuzzi: Yes | Other Healthcare and Recreation Facilities: Yes | Nearby Schools: True | Nearby Hospitals: True | Nearby Shopping Malls: Giga,Amazon | Nearby Restaurants: True | Distance From Airport (kms): 27 | Nearby Public Transport Service: True | Other Nearby Places: DHA , Isb | Maintenance Staff: Yes | Security Staff: Yes | Facilities for Disabled: Yes | Other Facilities: Yes","8","marla","5","4","Lahore","Hamza Bashir","PKR","53899704","31.44082","DHA Defence, DHA 9 Town","74.438589","+923269352935","https://media.zameen.com/thumbnails/294986145-800x600.webp","https://media.zameen.com/thumbnails/294986146-800x600.webp","https://media.zameen.com/thumbnails/294986147-800x600.webp","https://media.zameen.com/thumbnails/294986148-800x600.webp","https://media.zameen.com/thumbnails/294986149-800x600.webp","https://media.zameen.com/thumbnails/294986150-800x600.webp","https://media.zameen.com/thumbnails/294986151-800x600.webp","https://media.zameen.com/thumbnails/294986152-800x600.webp","https://media.zameen.com/thumbnails/294986153-800x600.webp","https://media.zameen.com/thumbnails/294986154-800x600.webp","https://media.zameen.com/thumbnails/294986155-800x600.webp",,,,,,,,,,,,,,,,,,,,,,,,,,,,,,,,,,,,,,,,"110000","house","rent","zameen.com","Ultra-Modern 8 Marla Luxury Living In The Heart Of DHA 9 Town","https://www.zameen.com/Property/dha_defence_dha_9_town_ultra-modern_8_marla_luxury_living_in_the_heart_of_dha_9_town-53899704-1452-4.html"
"2 KANAL COMMERCIAL HOUSE FOR RENT GARDEN TOWN & GULBERG LAHORE Ideal For NGO Office Multinational Company Head offices, Cooperate offices Building Banks school college and university, Contact us for more details Deal In Main Boulevard Gulberg Ferozepur Road Jail Road Mall Road Upper Mall Main Canal Road Zaman Park Gor Cantt Cavalry Ground Shadman Shah Jamal Muslim Town Garden Town Model Town Gulberg Industrial-Estate Quaid-E-Azam-Industrial-Estate Sundar Industrial Estate Lahore, Punjab Raiwind Road Multan Road lahore Faisalabad Road sheikhupura Road Ferozpur Road Gujranwala Road Factory Warehouse Sale,Purchase & Rent Contact us for more details Hamza Real Estate 123 Bawa Park Upper Mall Lahore","2026-03-10T00:22:51.000Z","https://media.zameen.com/thumbnails/20470902-120x90.webp","Hamza Real Estate","Built in year: 2009 | View: GOOD | Parking Spaces: 10 | Double Glazed Windows: Yes | Central Air Conditioning: Yes | Central Heating: Yes | Flooring: Other | Electricity Backup: Other | Waste Disposal: Yes | Floors: 2 | Other Main Features: GOOD | Bedrooms: 6 | Bathrooms: 5 | Servant Quarters: 1 | Drawing Room: Yes | Dining Room: Yes | Kitchens: 2 | Study Room: Yes | Prayer Room: Yes | Powder Room : Yes | Gym: Yes | Store Rooms: 2 | Steam Room: Yes | Lounge or Sitting Room: Yes | Laundry Room: Yes | Other Rooms: 9 | Broadband Internet Access: Yes | Satellite or Cable TV Ready: Yes | Intercom: Yes | Other Business and Communication Facilities: yes  | Community Lawn or Garden: Yes | Community Swimming Pool: Yes | Community Gym: Yes | First Aid or Medical Centre: Yes | Day Care Centre: Yes | Kids Play Area: Yes | Barbeque Area: Yes | Mosque: Yes | Community Centre: Yes | Other Community Facilities: yes  | Lawn or Garden: Yes | Swimming Pool: Yes | Sauna: Yes | Jacuzzi: Yes | Other Healthcare and Recreation Facilities: yes  | Nearby Schools: Yes | Nearby Hospitals: Yes | Nearby Shopping Malls: Yes | Nearby Restaurants: Yes | Distance From Airport (kms): 6 | Nearby Public Transport Service: Yes | Other Nearby Places: Yes | Maintenance Staff: Yes | Security Staff: Yes | Facilities for Disabled: Yes | Other Facilities: yes","2","kanal","7","11","Lahore","Imran Shahid","PKR","46610707","31.503922","Garden Town","74.323139","+924235789100","https://media.zameen.com/thumbnails/228640880-800x600.webp","https://media.zameen.com/thumbnails/228640881-800x600.webp","https://media.zameen.com/thumbnails/228640882-800x600.webp","https://media.zameen.com/thumbnails/228640883-800x600.webp","https://media.zameen.com/thumbnails/228640884-800x600.webp","https://media.zameen.com/thumbnails/228640885-800x600.webp","https://media.zameen.com/thumbnails/228640886-800x600.webp","https://media.zameen.com/thumbnails/228640887-800x600.webp","https://media.zameen.com/thumbnails/228640888-800x600.webp","https://media.zameen.com/thumbnails/228640889-800x600.webp","https://media.zameen.com/thumbnails/228640890-800x600.webp","https://media.zameen.com/thumbnails/228640891-800x600.webp","https://media.zameen.com/thumbnails/228640892-800x600.webp","https://media.zameen.com/thumbnails/228640893-800x600.webp","https://media.zameen.com/thumbnails/228640894-800x600.webp","https://media.zameen.com/thumbnails/228640895-800x600.webp","https://media.zameen.com/thumbnails/228640896-800x600.webp","https://media.zameen.com/thumbnails/295200909-800x600.webp","https://media.zameen.com/thumbnails/295200910-800x600.webp","https://media.zameen.com/thumbnails/295200912-800x600.webp","https://media.zameen.com/thumbnails/295200913-800x600.webp","https://media.zameen.com/thumbnails/295200914-800x600.webp",,,,,,,,,,,,,,,,,,,,,,,,,,,,,"1000000","house","rent","zameen.com","2 KANAL COMMERCIAL HOUSE FOR RENT HALI ROAD GULBERG MODEL TOWN GARDEN TOWN SHADMAN LAHORE","https://www.zameen.com/Property/lahore_garden_town_2_kanal_commercial_house_for_rent_hali_road_gulberg_model_town_garden_town_shadman_lahore-46610707-4-4.html"
"ARHAM ESTATE & BUILDERS Offers Proposal House Bungalow FOR RENT Details: > 5 Master Bed with attached Baths > 6 Bathrooms in the Bungalow. > 2 Beautiful T. V Lounge 1 Drawing & Dinning > 2 Futile Company Kitchens > 1 Servant Quarters > 4 Big Cars Parking > 1 Store Rooms > Grohe Sanitary Fittings > Beautiful Lawn & Terrace > Ash Wood Door+Almirah > Amazing Wallpapers & Entrance Lobby > Imported Marbles & Tiles Flooring Very Reasonable Demand. Meeting Possible 24/7. All Picture Are Original (Except Front Elevation Of House) For Further Details Contact Me. WE WILL HELP YOU LIKE WHAT YOU WANT.","2026-03-09T22:29:13.000Z","https://media.zameen.com/thumbnails/261796733-120x90.webp","Arham Estate Builders","Built in year: 2025 | View: good  | Parking Spaces: 4 | Double Glazed Windows: Yes | Central Air Conditioning: Yes | Central Heating: Yes | Flooring: Marble | Electricity Backup: Ups | Floors: 2 | Bedrooms: 5 | Bathrooms: 6 | Servant Quarters: 2 | Drawing Room: Yes | Dining Room: Yes | Kitchens: 2 | Store Rooms | Lounge or Sitting Room: Yes | Laundry Room: Yes | Broadband Internet Access: Yes | Satellite or Cable TV Ready: Yes | Other Business and Communication Facilities: Yes | Community Lawn or Garden: Yes | Community Gym: Yes | First Aid or Medical Centre: Yes | Day Care Centre: Yes | Kids Play Area: Yes | Barbeque Area: Yes | Mosque: Yes | Community Centre: Yes | Other Community Facilities: Yes | Lawn or Garden: Yes | Swimming Pool: Yes | Sauna: Yes | Other Healthcare and Recreation Facilities: Yes | Nearby Schools: Yes | Nearby Hospitals: yes  | Nearby Shopping Malls: Yes | Nearby Restaurants: Yes | Distance From Airport (kms): 20km | Nearby Public Transport Service: Yes | Other Nearby Places: Yes | Maintenance Staff: Yes | Security Staff: Yes | Other Facilities: available","1","kanal","6","5","Lahore","Zaheer Abbas","PKR","53238898","31.484893","DHA Defence, DHA Phase 7","74.472342","+923211778904","https://media.zameen.com/thumbnails/287596020-800x600.webp","https://media.zameen.com/thumbnails/287602259-800x600.webp","https://media.zameen.com/thumbnails/287602260-800x600.webp","https://media.zameen.com/thumbnails/287602261-800x600.webp","https://media.zameen.com/thumbnails/287602262-800x600.webp","https://media.zameen.com/thumbnails/287602263-800x600.webp","https://media.zameen.com/thumbnails/287602264-800x600.webp","https://media.zameen.com/thumbnails/287602265-800x600.webp","https://media.zameen.com/thumbnails/287602266-800x600.webp","https://media.zameen.com/thumbnails/287602267-800x600.webp","https://media.zameen.com/thumbnails/287602268-800x600.webp","https://media.zameen.com/thumbnails/287602269-800x600.webp","https://media.zameen.com/thumbnails/287602270-800x600.webp","https://media.zameen.com/thumbnails/287602271-800x600.webp","https://media.zameen.com/thumbnails/287602272-800x600.webp","https://media.zameen.com/thumbnails/287602273-800x600.webp","https://media.zameen.com/thumbnails/287602274-800x600.webp","https://media.zameen.com/thumbnails/287602275-800x600.webp","https://media.zameen.com/thumbnails/287602276-800x600.webp","https://media.zameen.com/thumbnails/287602277-800x600.webp","https://media.zameen.com/thumbnails/287602278-800x600.webp","https://media.zameen.com/thumbnails/287602279-800x600.webp","https://media.zameen.com/thumbnails/287602280-800x600.webp","https://media.zameen.com/thumbnails/287602281-800x600.webp","https://media.zameen.com/thumbnails/287602282-800x600.webp","https://media.zameen.com/thumbnails/287602283-800x600.webp","https://media.zameen.com/thumbnails/287602284-800x600.webp","https://media.zameen.com/thumbnails/287602285-800x600.webp","https://media.zameen.com/thumbnails/287602286-800x600.webp",,,,,,,,,,,,,,,,,,,,,,"275000","house","rent","zameen.com","1 Kanal Luxury Brand New House For Rent DHA Phase 7","https://www.zameen.com/Property/dha_defence_dha_phase_7_1_kanal_luxury_brand_new_house_for_rent_dha_phase_7-53238898-1450-4.html"
"Renting a property has never been this easy! The property is secure and well-constructed with modern features, so a demand of PKR Rs. 27000 is quite reasonable. The city of Pak Arab Housing Society awaits you to offer you a more facilitated lifestyle. This listing from Pak Arab Housing Society is perfect for you and your family. With a 5 Marla area size like this, this property is definitely a bargain on this budget. Of course, if you're looking for Upper Portion, you're in the right place! To get to more details on the property, some of its features are given below. Staying connected just became more convenient with the facility of broadband internet access that is available in this property. This Upper Portion comes with a spacious laundry area so that you can do the washing without having to worry about noise and mess. You can decorate the expansive lounge area any way you like that comes with this property. Formal dinners at home can be hosted perfectly now, with the lavish dining room space that comes with this property. This drawing room is the perfect space to host formal dinner and parties. The Upper Portion features a prayer room as well, which is a distinct feature of the property. Contact us now to get all the information you need.","2026-03-09T21:16:48.000Z","https://media.zameen.com/thumbnails/223796441-120x90.webp","Zaibi Builders","Built in year: 2022 | View: Markaz  | Parking Spaces: 2 | Double Glazed Windows: Yes | Central Air Conditioning: Yes | Central Heating: Yes | Flooring: Tiles | Electricity Backup: None | Waste Disposal: Yes | Floors: 1 | Other Main Features: Yes  | Furnished: Yes | Bedrooms: 2 | Bathrooms: 2 | Servant Quarters: 1 | Drawing Room: Yes | Dining Room: Yes | Kitchens: 1 | Study Room: Yes | Prayer Room: Yes | Powder Room : Yes | Gym: Yes | Store Rooms: 1 | Steam Room: Yes | Lounge or Sitting Room: Yes | Laundry Room: Yes | Other Rooms: Yes | Broadband Internet Access: Yes | Satellite or Cable TV Ready: Yes | Intercom: Yes | Other Business and Communication Facilities: Yes  | Community Lawn or Garden: Yes | Community Swimming Pool: Yes | Community Gym: Yes | First Aid or Medical Centre: Yes | Day Care Centre: Yes | Kids Play Area: Yes | Barbeque Area: Yes | Mosque: Yes | Community Centre: Yes | Other Community Facilities: Yes | Lawn or Garden: Yes | Swimming Pool: Yes | Sauna: Yes | Jacuzzi: Yes | Other Healthcare and Recreation Facilities: Yed | Nearby Schools: Available | Nearby Hospitals: Available | Nearby Shopping Malls: Available | Nearby Restaurants: Available | Distance From Airport (kms): 25km | Nearby Public Transport Service: Available | Other Nearby Places: Available | Maintenance Staff: Yes | Security Staff: Yes | Facilities for Disabled: Yes | Other Facilities: Yes","3","marla","2","1","Lahore","Malik ShahZaib,","PKR","52223104","31.432105","Pak Arab Housing Society","74.349117","+923262820624","https://media.zameen.com/thumbnails/276097108-800x600.webp","https://media.zameen.com/thumbnails/276097106-800x600.webp","https://media.zameen.com/thumbnails/276097107-800x600.webp","https://media.zameen.com/thumbnails/276097109-800x600.webp","https://media.zameen.com/thumbnails/276097110-800x600.webp","https://media.zameen.com/thumbnails/276097111-800x600.webp","https://media.zameen.com/thumbnails/276097112-800x600.webp","https://media.zameen.com/thumbnails/276097113-800x600.webp","https://media.zameen.com/thumbnails/276097114-800x600.webp","https://media.zameen.com/thumbnails/276097115-800x600.webp","https://media.zameen.com/thumbnails/276097116-800x600.webp","https://media.zameen.com/thumbnails/276097117-800x600.webp",,,,,,,,,,,,,,,,,,,,,,,,,,,,,,,,,,,,,,,"29000","upper portion","rent","zameen.com","Upper Portion Available For Rent","https://www.zameen.com/Property/lahore_pak_arab_housing_society_upper_portion_available_for_rent-52223104-1006-4.html"
"1Kanal Modern Design House For Rent In Dha Phase 6 Lahore Pakistan Near To Dolmen Mall And Park 5-Bedroom 6-Bathroom Slightly Used House (All Pictures Just Demo) All Phases Option Available Muhammad Ikram [redacted phone number] More Details. . .","2026-03-09T19:59:44.000Z","https://media.zameen.com/thumbnails/154490289-120x90.webp","Lyallpur Properties","Built in year: 2026 | View: like New House  | Parking Spaces: 4 | Double Glazed Windows: Yes | Central Air Conditioning: Yes | Central Heating: Yes | Flooring: Tiles | Electricity Backup: None | Waste Disposal: Yes | Floors: 2 | Other Main Features: Yes | Furnished: Yes | Bedrooms: 5 | Bathrooms: 6 | Servant Quarters: 2 | Drawing Room: Yes | Dining Room: Yes | Kitchens: 2 | Study Room: Yes | Prayer Room: Yes | Powder Room : Yes | Gym: Yes | Store Rooms: 1 | Steam Room: Yes | Lounge or Sitting Room: Yes | Laundry Room: Yes | Other Rooms: Yes | Broadband Internet Access: Yes | Satellite or Cable TV Ready: Yes | Intercom: Yes | Other Business and Communication Facilities: Yes | Community Lawn or Garden: Yes | Community Swimming Pool: Yes | Community Gym: Yes | First Aid or Medical Centre: Yes | Day Care Centre: Yes | Kids Play Area: Yes | Barbeque Area: Yes | Mosque: Yes | Community Centre: Yes | Other Community Facilities: Yes | Lawn or Garden: Yes | Swimming Pool: Yes | Sauna: Yes | Jacuzzi: Yes | Other Healthcare and Recreation Facilities: Yes | Nearby Schools: Yes | Nearby Hospitals: Yes | Nearby Shopping Malls: Yes | Nearby Restaurants: Yes | Distance From Airport (kms): 5KM | Nearby Public Transport Service: Yes | Other Nearby Places: Yes | Maintenance Staff: Yes | Security Staff: Yes | Facilities for Disabled: Yes | Other Facilities: All Facilities","1","kanal","6","5","Lahore","Muhammad Ikram","PKR","53901130","31.471571","DHA Defence, DHA Phase 6","74.445906","+923019830993","https://media.zameen.com/thumbnails/295046139-800x600.webp","https://media.zameen.com/thumbnails/294999239-800x600.webp","https://media.zameen.com/thumbnails/294999240-800x600.webp","https://media.zameen.com/thumbnails/294999241-800x600.webp","https://media.zameen.com/thumbnails/294999242-800x600.webp","https://media.zameen.com/thumbnails/294999243-800x600.webp","https://media.zameen.com/thumbnails/294999244-800x600.webp","https://media.zameen.com/thumbnails/294999245-800x600.webp","https://media.zameen.com/thumbnails/294999246-800x600.webp","https://media.zameen.com/thumbnails/294999247-800x600.webp","https://media.zameen.com/thumbnails/294999248-800x600.webp","https://media.zameen.com/thumbnails/294999249-800x600.webp",,,,,,,,,,,,,,,,,,,,,,,,,,,,,,,,,,,,,,,"280000","house","rent","zameen.com","1Kanal Modern Design House For Rent In Dha Phase 6 Lahore Near To Dolmen Mall Lahore","https://www.zameen.com/Property/dha_defence_dha_phase_6_1kanal_modern_design_house_for_rent_in_dha_phase_6_lahore_near_to_dolmen_mall_lahore-53901130-1448-4.html"
"5 Marla Modren Design House for Rent in DhA 9 town Built in year: brand New View: VERY GOOD Parking Spaces: 1 Double Glazed Windows Central Air Conditioning Central Heating Flooring: Tiles Electricity Backup: Ups Waste Disposal Rooms Bedrooms: 3 Bathrooms: 4 Servant Quarters: 1 Drawing Room Dining Room Kitchens: 1 Study Room Prayer Room Powder Room Gym Store Rooms: 1 Steam Room Lounge or Sitting Room Laundry Room Community Features Community Lawn or Garden Community Swimming Pool Community Gym First Aid or Medical Centre Day Care Centre Kids Play Area Barbeque Area Mosque Community Centre Healthcare Recreational Lawn or Garden Nearby Locations and Other Facilities Nearby Schools: LGS Nearby Hospitals: IMC Nearby Shopping Malls: THE DOLMAN MALL OF LAHORE Nearby Restaurants: KFC Distance From Airport (kms): 5km","2026-03-09T15:33:10.000Z","https://media.zameen.com/thumbnails/74577670-120x90.webp","Man Associates","Built in year: 2026 | View: BEAUTIFUL | Parking Spaces | Double Glazed Windows: Yes | Central Air Conditioning: Yes | Central Heating: Yes | Flooring: Tiles | Electricity Backup: Ups | Waste Disposal: Yes | Floors | Other Main Features: Yes | Furnished: Yes | Bedrooms: 4 | Bathrooms: 4 | Servant Quarters | Drawing Room: Yes | Dining Room: Yes | Kitchens: 2 | Study Room: Yes | Prayer Room: Yes | Powder Room : Yes | Gym: Yes | Store Rooms | Steam Room: Yes | Lounge or Sitting Room: Yes | Laundry Room: Yes | Other Rooms: Yes | Broadband Internet Access: Yes | Satellite or Cable TV Ready: Yes | Intercom: Yes | Other Business and Communication Facilities: yes  | Community Lawn or Garden: Yes | Community Swimming Pool: Yes | Community Gym: Yes | First Aid or Medical Centre: Yes | Day Care Centre: Yes | Kids Play Area: Yes | Barbeque Area: Yes | Mosque: Yes | Community Centre: Yes | Other Community Facilities: Yes | Lawn or Garden: Yes | Swimming Pool: Yes | Sauna: Yes | Jacuzzi: Yes | Other Healthcare and Recreation Facilities: Yes | Nearby Schools: Yes | Nearby Hospitals: Yes | Nearby Shopping Malls: Yes | Nearby Restaurants: Yes | Distance From Airport (kms): 5 | Nearby Public Transport Service: Yes | Other Nearby Places: Yes | Maintenance Staff: Yes | Security Staff: Yes | Facilities for Disabled: Yes","5","marla","4","3","Lahore","Syed Shahbaz Naqvi","PKR","53921133","31.44082","DHA Defence, DHA 9 Town","74.438589","+923087222906","https://media.zameen.com/thumbnails/295194321-800x600.webp","https://media.zameen.com/thumbnails/295192421-800x600.webp","https://media.zameen.com/thumbnails/295192422-800x600.webp","https://media.zameen.com/thumbnails/295192423-800x600.webp","https://media.zameen.com/thumbnails/295192424-800x600.webp","https://media.zameen.com/thumbnails/295192425-800x600.webp","https://media.zameen.com/thumbnails/295192426-800x600.webp","https://media.zameen.com/thumbnails/295192427-800x600.webp","https://media.zameen.com/thumbnails/295192428-800x600.webp","https://media.zameen.com/thumbnails/295192429-800x600.webp","https://media.zameen.com/thumbnails/295192430-800x600.webp","https://media.zameen.com/thumbnails/295192431-800x600.webp","https://media.zameen.com/thumbnails/295192432-800x600.webp","https://media.zameen.com/thumbnails/295192433-800x600.webp","https://media.zameen.com/thumbnails/295192434-800x600.webp","https://media.zameen.com/thumbnails/295192435-800x600.webp","https://media.zameen.com/thumbnails/295192460-800x600.webp","https://media.zameen.com/thumbnails/295192461-800x600.webp","https://media.zameen.com/thumbnails/295192462-800x600.webp","https://media.zameen.com/thumbnails/295192463-800x600.webp","https://media.zameen.com/thumbnails/295192464-800x600.webp","https://media.zameen.com/thumbnails/295192465-800x600.webp","https://media.zameen.com/thumbnails/295194197-800x600.webp","https://media.zameen.com/thumbnails/295194198-800x600.webp","https://media.zameen.com/thumbnails/295194199-800x600.webp","https://media.zameen.com/thumbnails/295194200-800x600.webp","https://media.zameen.com/thumbnails/295194201-800x600.webp","https://media.zameen.com/thumbnails/295194202-800x600.webp","https://media.zameen.com/thumbnails/295194203-800x600.webp","https://media.zameen.com/thumbnails/295194204-800x600.webp","https://media.zameen.com/thumbnails/295194205-800x600.webp","https://media.zameen.com/thumbnails/295194206-800x600.webp",,,,,,,,,,,,,,,,,,,"95000","house","rent","zameen.com","5 Marla Luxury House Available For Rent In DHA 9 Town","https://www.zameen.com/Property/dha_defence_dha_9_town_5_marla_luxury_house_available_for_rent_in_dha_9_town-53921133-1452-4.html"
"Solar Installed Acs Installed Brand New House For Rent 4 Beds Prime Location Given the prime location of DHA Phase 5, you will be placed in an ideally placed in a happening neighborhood. With a price like Rs. 299000, there is literally no reason for you to look anywhere else. If you're looking for 10 Marla properties that fit your needs, here's what you need. With upcoming development projects in Lahore, it is high time to invest here. The rental unit of your dreams is available in a sought-after project. The House is in demand for all kinds of right reasons, so don't miss this chance. To get to more details on the property, some of its features are given below. Your kids can play to their heart's content in the play area adjoining the property. The house has a separate prayer room so that you can offer your five daily prayers peacefully, away from the noise. Having a lawn in the House proves to be quite useful. The House has a dedicated barbeque area where you can enjoy with your family and friends. With central air-conditioning your House stays cool at all times. You can rely on round-the-clock waste disposal team to keep society neat and tidy. Kids can freely play at the garden near the House. Contact us now, and our representatives will give you all the details you need.","2026-03-09T15:33:03.000Z","https://media.zameen.com/thumbnails/187977595-120x90.webp","Brilliant Estate","View: Modern | Parking Spaces: 2 | Double Glazed Windows: Yes | Central Air Conditioning: Yes | Central Heating: Yes | Flooring: Tiles | Electricity Backup: None | Waste Disposal: Yes | Floors: 2 | Other Main Features: Yes | Furnished: Yes | Bedrooms: 4 | Bathrooms: 5 | Servant Quarters: 1 | Drawing Room: Yes | Dining Room: Yes | Kitchens | Study Room: Yes | Prayer Room: Yes | Powder Room : Yes | Gym: Yes | Store Rooms | Steam Room: Yes | Lounge or Sitting Room: Yes | Laundry Room: Yes | Other Rooms: Yes | Broadband Internet Access: Yes | Satellite or Cable TV Ready: Yes | Intercom: Yes | Other Business and Communication Facilities: Yes | Community Lawn or Garden: Yes | Community Swimming Pool: Yes | Community Gym: Yes | First Aid or Medical Centre: Yes | Day Care Centre: Yes | Kids Play Area: Yes | Barbeque Area: Yes | Mosque: Yes | Community Centre: Yes | Other Community Facilities: Yes | Lawn or Garden: Yes | Sauna: Yes | Jacuzzi: Yes | Other Healthcare and Recreation Facilities: Yes | Nearby Schools: Yes | Nearby Hospitals: Yes | Nearby Shopping Malls: Yes | Nearby Restaurants: Yes | Distance From Airport (kms): Yes | Nearby Public Transport Service: Yes | Other Nearby Places: Yes | Maintenance Staff: Yes | Security Staff: Yes | Facilities for Disabled: Yes | Other Facilities: Yes","10","marla","5","4","Lahore","Ali Sheikh.","PKR","53650431","31.462493","DHA Defence, DHA Phase 5","74.409342","+923347475145","https://media.zameen.com/thumbnails/294950989-800x600.webp","https://media.zameen.com/thumbnails/292750529-800x600.webp","https://media.zameen.com/thumbnails/292750530-800x600.webp","https://media.zameen.com/thumbnails/292750531-800x600.webp","https://media.zameen.com/thumbnails/292750532-800x600.webp","https://media.zameen.com/thumbnails/292750533-800x600.webp","https://media.zameen.com/thumbnails/292750534-800x600.webp","https://media.zameen.com/thumbnails/292750535-800x600.webp","https://media.zameen.com/thumbnails/292750536-800x600.webp","https://media.zameen.com/thumbnails/292750537-800x600.webp","https://media.zameen.com/thumbnails/292750538-800x600.webp","https://media.zameen.com/thumbnails/292750539-800x600.webp","https://media.zameen.com/thumbnails/292750540-800x600.webp","https://media.zameen.com/thumbnails/292750541-800x600.webp","https://media.zameen.com/thumbnails/292750542-800x600.webp","https://media.zameen.com/thumbnails/292750543-800x600.webp","https://media.zameen.com/thumbnails/292750544-800x600.webp","https://media.zameen.com/thumbnails/292750545-800x600.webp","https://media.zameen.com/thumbnails/292750546-800x600.webp","https://media.zameen.com/thumbnails/292750547-800x600.webp","https://media.zameen.com/thumbnails/292750696-800x600.webp","https://media.zameen.com/thumbnails/292750697-800x600.webp","https://media.zameen.com/thumbnails/292750698-800x600.webp","https://media.zameen.com/thumbnails/292750699-800x600.webp",,,,,,,,,,,,,,,,,,,,,,,,,,,"299000","house","rent","zameen.com","Furnished With Solar 10 Marla Brand New House For Rent In DHA Phase 5 Lahore","https://www.zameen.com/Property/dha_defence_dha_phase_5_furnished_with_solar_10_marla_brand_new_house_for_rent_in_dha_phase_5_lahore-53650431-1447-4.html"
"It's having. . . * 2 Bedroom with attached bathroom * TV laungh * Proper kitchen * Drawing+ Daining room * Servent quarter * Store * Saprate entrance * Car Parking * Rent. . . 250000","2026-03-09T15:24:50.000Z","https://media.zameen.com/thumbnails/20470888-120x90.webp","Chohan Estate","Parking Spaces | Double Glazed Windows: Yes | Central Air Conditioning: Yes | Flooring: Tiles | Electricity Backup: None | Furnished: Yes | Bedrooms: 2 | Bathrooms: 2 | Servant Quarters: 1 | Drawing Room: Yes | Dining Room: Yes | Kitchens: 1 | Study Room: Yes | Prayer Room: Yes | Powder Room : Yes | Gym: Yes | Store Rooms: 1 | Steam Room: Yes | Lounge or Sitting Room: Yes | Laundry Room: Yes | Other Rooms: 1 | Broadband Internet Access: Yes | Satellite or Cable TV Ready: Yes | Intercom: Yes | Community Lawn or Garden: Yes | Community Swimming Pool: Yes | Community Gym: Yes | First Aid or Medical Centre: Yes | Day Care Centre: Yes | Kids Play Area: Yes | Barbeque Area: Yes | Mosque: Yes | Community Centre: Yes | Lawn or Garden: Yes | Sauna: Yes | Jacuzzi: Yes | Nearby Schools: Yes | Nearby Hospitals: Yes | Nearby Shopping Malls: Yes | Nearby Restaurants: yea | Distance From Airport (kms): 15 | Nearby Public Transport Service: Yes | Other Nearby Places: Yes | Security Staff: Yes | Other Facilities: HOT LOCATION","1","kanal","2","2","Lahore","Wajahat Butt","PKR","53877092","31.462493","DHA Defence, DHA Phase 5","74.409342","+923088444701","https://media.zameen.com/thumbnails/294793379-800x600.webp","https://media.zameen.com/thumbnails/294793380-800x600.webp","https://media.zameen.com/thumbnails/294793381-800x600.webp","https://media.zameen.com/thumbnails/294793382-800x600.webp","https://media.zameen.com/thumbnails/294793383-800x600.webp","https://media.zameen.com/thumbnails/294793384-800x600.webp","https://media.zameen.com/thumbnails/294793385-800x600.webp","https://media.zameen.com/thumbnails/294793386-800x600.webp","https://media.zameen.com/thumbnails/294793387-800x600.webp","https://media.zameen.com/thumbnails/294793388-800x600.webp","https://media.zameen.com/thumbnails/294793389-800x600.webp","https://media.zameen.com/thumbnails/294793390-800x600.webp","https://media.zameen.com/thumbnails/294793391-800x600.webp",,,,,,,,,,,,,,,,,,,,,,,,,,,,,,,,,,,,,,"250000","lower portion","rent","zameen.com","1 Kanal Fully Furnished Lower Portion For Rent In Phase 5","https://www.zameen.com/Property/dha_defence_dha_phase_5_1_kanal_fully_furnished_lower_portion_for_rent_in_phase_5-53877092-1447-4.html"
"A well-maintained 10 Marla full house available for rent in prime location of Faisal Town. Perfect option for a silent office setup or decent family living. Property Features: 4 Spacious Bedrooms 4 Attached Bathrooms Drawing & Dining Room 1 Kitchen Parking Space for 2 Cars Peaceful & Professional Environment Located in a highly accessible area with easy approach to main roads and commercial areas. Ideal for software houses, consultants, back offices, and other silent office work. Contact now for more details and visit.","2026-03-09T14:41:49.000Z","https://media.zameen.com/thumbnails/277314019-120x90.webp","H S Real Estate","Parking Spaces | Double Glazed Windows: Yes | Flooring: Tiles | Other Main Features: Available | Bedrooms: 4 | Bathrooms: 4 | Drawing Room: Yes | Dining Room: Yes | Kitchens: 1 | Lounge or Sitting Room: Yes | Broadband Internet Access: Yes | Satellite or Cable TV Ready: Yes | Community Lawn or Garden: Yes | Other Community Facilities: Available | Nearby Schools: Yes | Nearby Hospitals: Yes | Nearby Shopping Malls: Yes | Nearby Restaurants: Yes | Distance From Airport (kms): Yes | Nearby Public Transport Service: Yes | Other Nearby Places: Yes","10","marla","4","4","Lahore","Hamza Rajpoot","PKR","53812409","31.478013","Faisal Town","74.304285","+923248929460","https://media.zameen.com/thumbnails/294194396-800x600.webp","https://media.zameen.com/thumbnails/295098692-800x600.webp","https://media.zameen.com/thumbnails/295098695-800x600.webp","https://media.zameen.com/thumbnails/295098696-800x600.webp","https://media.zameen.com/thumbnails/295098697-800x600.webp","https://media.zameen.com/thumbnails/295098698-800x600.webp","https://media.zameen.com/thumbnails/295098699-800x600.webp","https://media.zameen.com/thumbnails/295098700-800x600.webp","https://media.zameen.com/thumbnails/295098701-800x600.webp","https://media.zameen.com/thumbnails/295098702-800x600.webp","https://media.zameen.com/thumbnails/295098703-800x600.webp","https://media.zameen.com/thumbnails/295098704-800x600.webp","https://media.zameen.com/thumbnails/295098705-800x600.webp","https://media.zameen.com/thumbnails/295098706-800x600.webp","https://media.zameen.com/thumbnails/295098707-800x600.webp","https://media.zameen.com/thumbnails/295098708-800x600.webp","https://media.zameen.com/thumbnails/295098709-800x600.webp",,,,,,,,,,,,,,,,,,,,,,,,,,,,,,,,,,"180000","house","rent","zameen.com","10 Marla Full House for Rent in Faisal Town Ideal for Silent Office","https://www.zameen.com/Property/lahore_faisal_town_10_marla_full_house_for_rent_in_faisal_town_ideal_for_silent_office-53812409-79-4.html"
"A beautifully constructed 10 Marla full basement house is available for rent in the prime location of DHA Phase 7. Ideal for families looking for space, comfort, and a secure environment. Property Features: 6 Spacious Bedrooms All Bedrooms with Attached Washrooms Full Basement (ideal for living, office, or guest use) Stylish Drawing & Dining Room Modern Kitchen with quality fittings TV Lounge on multiple levels 2 Car Parking Space Servant Room with attached bath Proper ventilation & natural light Solid construction & elegant design Additional Highlights: Located in a peaceful and secure area Near parks, mosque, schools & commercial market Easy access to main roads Ideal for family living or executives Location: DHA Phase 7 Contact now for visit & more details. Serious clients only.","2026-03-09T12:24:57.000Z","https://media.zameen.com/thumbnails/274155435-120x90.webp","Smart Home Properties","Built in year: 2026 | View: Modern | Parking Spaces: 2 | Double Glazed Windows: Yes | Central Air Conditioning: Yes | Central Heating: Yes | Flooring: Tiles | Electricity Backup: Solar | Waste Disposal: Yes | Floors: 3 | Other Main Features: Yes | Bedrooms: 6 | Bathrooms: 7 | Servant Quarters: 1 | Drawing Room: Yes | Dining Room: Yes | Kitchens: 2 | Study Room: Yes | Prayer Room: Yes | Powder Room : Yes | Store Rooms: 1 | Steam Room: Yes | Lounge or Sitting Room: Yes | Laundry Room: Yes | Broadband Internet Access: Yes | Satellite or Cable TV Ready: Yes | Intercom: Yes | Other Business and Communication Facilities: Yes | Community Lawn or Garden: Yes | Community Swimming Pool: Yes | Community Gym: Yes | First Aid or Medical Centre: Yes | Day Care Centre: Yes | Kids Play Area: Yes | Barbeque Area: Yes | Mosque: Yes | Community Centre: Yes | Other Community Facilities: Yes | Lawn or Garden: Yes | Other Healthcare and Recreation Facilities: Yex","10","marla","7","6","Lahore","Muhammad Ramzan","PKR","53770148","31.484893","DHA Defence, DHA Phase 7","74.472342","+923007860407","https://media.zameen.com/thumbnails/293823998-800x600.webp","https://media.zameen.com/thumbnails/293823999-800x600.webp","https://media.zameen.com/thumbnails/293824000-800x600.webp","https://media.zameen.com/thumbnails/293824001-800x600.webp","https://media.zameen.com/thumbnails/293824002-800x600.webp","https://media.zameen.com/thumbnails/293824003-800x600.webp","https://media.zameen.com/thumbnails/293824004-800x600.webp","https://media.zameen.com/thumbnails/293824005-800x600.webp","https://media.zameen.com/thumbnails/293824006-800x600.webp","https://media.zameen.com/thumbnails/293824007-800x600.webp","https://media.zameen.com/thumbnails/293824008-800x600.webp","https://media.zameen.com/thumbnails/293824009-800x600.webp",,,,,,,,,,,,,,,,,,,,,,,,,,,,,,,,,,,,,,,"220000","house","rent","zameen.com","Spacious 10 Marla House with Full Basement for Rent in DHA Phase 7","https://www.zameen.com/Property/dha_defence_dha_phase_7_spacious_10_marla_house_with_full_basement_for_rent_in_dha_phase_7-53770148-1450-4.html"
"Brand New 15 Marla 5 Bedroom Spacious & Luxurious House For Rent! 5 Bedrooms with attached washrooms Drawing and Dinning with powder room Kitchen with Brand new Cupboards A vast Tarace with BBQ Area A Servat quarter At prime location of Askari 10 Walking distance from KFC, MACDONALD'S, CARREFOUR And other outlets Near Beacon House and Bloomfield Hall School Gated Community 24/7 Security 2 mins drive from Airport and Main road","2026-03-09T11:01:20.000Z","https://media.zameen.com/thumbnails/20472638-120x90.webp","Property Expert Advisor & Builders","Built in year: 2025 | View: open View  | Parking Spaces: 3 | Double Glazed Windows: true | Central Air Conditioning: true | Central Heating: true | Flooring: Tiles | Electricity Backup: Ups | Waste Disposal: true | Floors: 2 | Bedrooms: 5 | Bathrooms: 6 | Servant Quarters: 1 | Drawing Room: true | Dining Room: true | Kitchens: 1 | Study Room: true | Prayer Room: true | Powder Room : true | Gym: true | Store Rooms: 1 | Steam Room: true | Lounge or Sitting Room: true | Laundry Room: true | Broadband Internet Access: true | Satellite or Cable TV Ready: true | Community Lawn or Garden: true | Community Swimming Pool: true | Community Gym: true | First Aid or Medical Centre: true | Day Care Centre: true | Kids Play Area: true | Barbeque Area: true | Mosque: true | Community Centre: true | Lawn or Garden: true | Nearby Schools: Beacon House  | Nearby Hospitals: CMH HOSPITAL  | Nearby Shopping Malls: carrefour  | Nearby Restaurants: KFC MACDONALD'S | Distance From Airport (kms): 2 | Maintenance Staff: true | Security Staff: true | Facilities for Disabled: true","15","marla","6","5","Lahore","Muhammad Bilal Azam/ColMunir Ahmed","PKR","53920516","31.539928317902","Askari, Askari 10, Askari 10 - Sector S","74.418501947474","+923164248438","https://media.zameen.com/thumbnails/295186107-800x600.webp","https://media.zameen.com/thumbnails/295186108-800x600.webp","https://media.zameen.com/thumbnails/295186109-800x600.webp","https://media.zameen.com/thumbnails/295186110-800x600.webp","https://media.zameen.com/thumbnails/295186111-800x600.webp","https://media.zameen.com/thumbnails/295186112-800x600.webp","https://media.zameen.com/thumbnails/295186113-800x600.webp","https://media.zameen.com/thumbnails/295186114-800x600.webp","https://media.zameen.com/thumbnails/295186115-800x600.webp","https://media.zameen.com/thumbnails/295186116-800x600.webp","https://media.zameen.com/thumbnails/295186117-800x600.webp","https://media.zameen.com/thumbnails/295186118-800x600.webp","https://media.zameen.com/thumbnails/295186119-800x600.webp","https://media.zameen.com/thumbnails/295186120-800x600.webp","https://media.zameen.com/thumbnails/295186121-800x600.webp","https://media.zameen.com/thumbnails/295186122-800x600.webp","https://media.zameen.com/thumbnails/295186123-800x600.webp","https://media.zameen.com/thumbnails/295186124-800x600.webp","https://media.zameen.com/thumbnails/295186125-800x600.webp","https://media.zameen.com/thumbnails/295186126-800x600.webp","https://media.zameen.com/thumbnails/295186127-800x600.webp","https://media.zameen.com/thumbnails/295186128-800x600.webp","https://media.zameen.com/thumbnails/295186129-800x600.webp","https://media.zameen.com/thumbnails/295186130-800x600.webp","https://media.zameen.com/thumbnails/295186131-800x600.webp","https://media.zameen.com/thumbnails/295186132-800x600.webp","https://media.zameen.com/thumbnails/295186133-800x600.webp",,,,,,,,,,,,,,,,,,,,,,,,"285000","house","rent","zameen.com","Near To Park Brand New 5 Bed Brig House Park Facing Urgent For Rent","https://www.zameen.com/Property/askari_10_askari_10_-_sector_s_near_to_park_brand_new_5_bed_brig_house_park_facing_urgent_for_rent-53920516-21434-4.html"
"5 Marla Out Class Stylish Luxury Bungalow For Rent In DHA Phase 9 Town Owner Needy a Luxurious Bungalow Approach 50 Ft Wide Bungalow Details 3 Master Bed with attached Baths 4 Bathrooms in the Bungalow. 1 Beautiful T. V Lounge 1 Drawing & Dining 1 Fotile Company Kitchens 0 Servant Quarters 1 Big Cars Parking Grohi Sanitary Fittings 1 Store Rooms Beautiful Lawn & Terrace Bar B. Q Area in Bungalow Ash Wood Door Almirah Amazing Wallpapers & Entrance Lobby Imported Marbles & Tiles Flooring 1 Imported jacuzzis and 2 Cabin Showers in baths. Main Approach from Ring Road Near Main Boulevard, All Banks Hub, Real Estates Hub, Al-Fatah Store and Gloria Jeans are on the way. Very Reasonable Demand. Meeting Possible 24 7. FOR MORE UPDATES CALL US WE WILL HELP YOU LIKE WHAT YOU WANT.","2026-03-09T10:58:54.000Z","https://media.zameen.com/thumbnails/20471427-120x90.webp","Khalifa Real Estate","Built in year: 2020 | View: margallah  | Parking Spaces: 1 | Double Glazed Windows: Yes | Central Air Conditioning: Yes | Central Heating: Yes | Flooring: Tiles | Electricity Backup: Ups | Waste Disposal: Yes | Floors: 1 | Other Main Features: Yes | Furnished: Yes | Bedrooms: 4 | Bathrooms: 5 | Servant Quarters: 1 | Drawing Room: Yes | Dining Room: Yes | Kitchens: 1 | Study Room: Yes | Prayer Room: Yes | Powder Room : Yes | Gym: Yes | Store Rooms: 1 | Steam Room: Yes | Lounge or Sitting Room: Yes | Laundry Room: Yes | Other Rooms: yws | Broadband Internet Access: Yes | Satellite or Cable TV Ready: Yes | Intercom: Yes | Other Business and Communication Facilities: Yes | Community Lawn or Garden: Yes | Community Swimming Pool: Yes | Community Gym: Yes | First Aid or Medical Centre: Yes | Day Care Centre: Yes | Kids Play Area: Yes | Barbeque Area: Yes | Mosque: Yes | Community Centre: Yes | Other Community Facilities: Yes | Lawn or Garden: Yes | Swimming Pool: Yes | Sauna: Yes | Jacuzzi: Yes | Other Healthcare and Recreation Facilities: yes` | Nearby Schools: Yes | Nearby Hospitals: Yes | Nearby Shopping Malls: Yes | Nearby Restaurants: Yes | Distance From Airport (kms): Yes | Nearby Public Transport Service: Yes | Other Nearby Places: Yes | Maintenance Staff: Yes | Security Staff: Yes | Facilities for Disabled: Yes | Other Facilities: Yes","5","marla","5","4","Lahore","Mian Ali","PKR","53812636","31.44082","DHA Defence, DHA 9 Town","74.438589","+923008470403","https://media.zameen.com/thumbnails/294221053-800x600.webp","https://media.zameen.com/thumbnails/294221054-800x600.webp","https://media.zameen.com/thumbnails/294221055-800x600.webp","https://media.zameen.com/thumbnails/294221056-800x600.webp","https://media.zameen.com/thumbnails/294221057-800x600.webp","https://media.zameen.com/thumbnails/294221058-800x600.webp","https://media.zameen.com/thumbnails/294221059-800x600.webp","https://media.zameen.com/thumbnails/294221060-800x600.webp","https://media.zameen.com/thumbnails/294221061-800x600.webp","https://media.zameen.com/thumbnails/294221062-800x600.webp","https://media.zameen.com/thumbnails/294221063-800x600.webp","https://media.zameen.com/thumbnails/294221064-800x600.webp","https://media.zameen.com/thumbnails/294221065-800x600.webp","https://media.zameen.com/thumbnails/294221066-800x600.webp","https://media.zameen.com/thumbnails/294221067-800x600.webp","https://media.zameen.com/thumbnails/294221068-800x600.webp","https://media.zameen.com/thumbnails/294221155-800x600.webp","https://media.zameen.com/thumbnails/294221156-800x600.webp","https://media.zameen.com/thumbnails/294221157-800x600.webp","https://media.zameen.com/thumbnails/294221158-800x600.webp","https://media.zameen.com/thumbnails/294221159-800x600.webp","https://media.zameen.com/thumbnails/294221160-800x600.webp","https://media.zameen.com/thumbnails/294221840-800x600.webp","https://media.zameen.com/thumbnails/294221841-800x600.webp","https://media.zameen.com/thumbnails/294221842-800x600.webp","https://media.zameen.com/thumbnails/294221843-800x600.webp",,,,,,,,,,,,,,,,,,,,,,,,,"90000","house","rent","zameen.com","5 Marla Out Class Stylish Luxury Bungalow For Rent In DHA Phase 9 Town","https://www.zameen.com/Property/dha_defence_dha_9_town_5_marla_out_class_stylish_luxury_bungalow_for_rent_in_dha_phase_9_town-53812636-1452-4.html"
"Bahria Town Lahore is a privately developed residential and commercial real estate project by Bahria Town Group, one of Pakistan's leading real estate companies. It's known for its modern infrastructure, secure environment, and high living standards. Location Bahria Town Lahore is located on Main Canal Bank Road, near Raiwind Road, and is accessible from multiple city points such as Thokar Niaz Baig, Multan Road, and Lahore Ring Road. Key Features Gated Community with 24/7 security and surveillance Wide Carpeted Roads with green belts Underground Electricity State-of-the-art Infrastructure Modern Urban Planning with parks, schools, hospitals, and commercial zones Lush Landscaping and recreational spaces Main Sectors & Precincts Bahria Town Lahore is divided into multiple sectors, labeled from Sector A to Sector F, and new extensions like Bahria Orchard, Safari Villas, and Overseas Enclave. Each sector has: Parks and mosques Commercial markets Community clubs and gyms Educational institutes like Beaconhouse and The Roots International School Healthcare facilities like Bahria International Hospital Investment & Living Popular among investors due to high returns and rapid development Ideal for families looking for peaceful, well-maintained living Offers a wide range of properties: Residential plots (5, 10 Marla, 1 Kanal) Commercial plots Luxury villas and apartments Notable Landmarks Grand Jamia Mosque (3rd largest in Pakistan) Eiffel Tower replica Trafalgar Square replica Theme Parks and Mini Golf Clubs","2026-03-09T10:36:44.000Z",,,"Built in year | View: Yes | Parking Spaces | Lobby in Building: Yes | Double Glazed Windows: Yes | Central Air Conditioning: Yes | Central Heating: Yes | Flooring: Tiles | Electricity Backup: Generator | Waste Disposal: Yes | Floor | Floors in Building | Elevators | Other Main Features: Yes | Furnished: Yes | Bedrooms | Bathrooms | Servant Quarters | Drawing Room: Yes | Dining Room: Yes | Kitchens | Study Room: Yes | Prayer Room: Yes | Powder Room : Yes | Gym: Yes | Store Rooms | Steam Room: Yes | Lounge or Sitting Room: Yes | Laundry Room: Yes | Other Rooms: Yes | Broadband Internet Access: Yes | Satellite or Cable TV Ready: Yes | Business Center or Media Room in Building: Yes | Conference Room in Building: Yes | Intercom: Yes | ATM Machines: Yes | Other Business and Communication Facilities: Yes | Community Lawn or Garden: Yes | Community Swimming Pool: Yes | Community Gym: Yes | First Aid or Medical Centre: Yes | Day Care Centre: Yes | Kids Play Area: Yes | Barbeque Area: Yes | Mosque: Yes | Community Centre: Yes | Other Community Facilities: Yes | Sauna: Yes | Jacuzzi: Yes | Other Healthcare and Recreation Facilities: Yes | Nearby Schools: Yes | Nearby Hospitals: Yes | Nearby Shopping Malls: Yes | Nearby Restaurants: Yes | Distance From Airport (kms): Yes | Nearby Public Transport Service: Yes | Other Nearby Places: Yes | Maintenance Staff: Yes | Security Staff: Yes | Facilities for Disabled: Yes | Other Facilities: o","570","sqft","1","1","Lahore","Abdul Samad","PKR","53579066","31.364887","Bahria Town, Bahria Town - Sector E","74.186554","+923246606373","https://media.zameen.com/thumbnails/292074878-800x600.webp","https://media.zameen.com/thumbnails/292074879-800x600.webp","https://media.zameen.com/thumbnails/292074880-800x600.webp","https://media.zameen.com/thumbnails/292074881-800x600.webp","https://media.zameen.com/thumbnails/292074882-800x600.webp","https://media.zameen.com/thumbnails/292074883-800x600.webp","https://media.zameen.com/thumbnails/292074884-800x600.webp","https://media.zameen.com/thumbnails/292074885-800x600.webp","https://media.zameen.com/thumbnails/292074886-800x600.webp","https://media.zameen.com/thumbnails/292074887-800x600.webp","https://media.zameen.com/thumbnails/292074888-800x600.webp","https://media.zameen.com/thumbnails/292074889-800x600.webp","https://media.zameen.com/thumbnails/292074890-800x600.webp",,,,,,,,,,,,,,,,,,,,,,,,,,,,,,,,,,,,,,"43000","flat","rent","zameen.com","One Bed Furnished Apartment Available For Rent In Sector E Bahria Town Lahore","https://www.zameen.com/Property/bahria_town_bahria_town_-_sector_e_one_bed_furnished_apartment_available_for_rent_in_sector_e_bahria_town_lahore-53579066-1802-4.html"
"FREEDOM ESTATE OFFERS ONE KANAL Bungalow Details: > 5 Master Bed with attached Baths > 6 Bathrooms in the Bungalow. > 2 Beautiful T. V Lounge 1 Drawing & Dinning > 2 Fotile Company Kitchens > 2 Servant Quarters > 4 Big Cars Parking > Grohi Sanitary Fittings > 2 Store Rooms > Beautiful Lawn & Terrace > Bar B. Q Area in Bungalow > Ash Wood Door+Almirah > Amazing Wallpapers & Entrance Lobby > Imported Marbles & Tiles Flooring > 2 Imported Jacuzzi's and 5 Cabin Showers in baths. Main Approach from Ring Road Near Main Boulevard, DHA Office Complex, All Banks Hub, Real Estates Hub, Al-Fatah Store and Gloria Jeans are on the way. Very Reasonable Demand. Meeting Possible 24/7.","2026-03-09T10:25:18.000Z","https://media.zameen.com/thumbnails/20470578-120x90.webp","Freedom Estate & Builders","Built in year: 2021 | View: Modern  | Parking Spaces | Double Glazed Windows: Yes | Central Air Conditioning: Yes | Central Heating: Yes | Flooring: Tiles | Electricity Backup: Ups | Waste Disposal: Yes | Floors | Other Main Features: YES | Bedrooms: 05 | Bathrooms: 06 | Servant Quarters: 02 | Drawing Room: Yes | Dining Room: Yes | Kitchens: 02 | Study Room: Yes | Prayer Room: Yes | Powder Room : Yes | Gym: Yes | Store Rooms: 01 | Steam Room: Yes | Lounge or Sitting Room: Yes | Laundry Room: Yes | Other Rooms: YES | Broadband Internet Access: Yes | Satellite or Cable TV Ready: Yes | Intercom: Yes | Other Business and Communication Facilities: FREEDOM ESTATE | Community Lawn or Garden: Yes | Community Swimming Pool: Yes | Community Gym: Yes | First Aid or Medical Centre: Yes | Day Care Centre: Yes | Kids Play Area: Yes | Barbeque Area: Yes | Mosque: Yes | Community Centre: Yes | Other Community Facilities: YES | Lawn or Garden: Yes | Sauna: Yes | Jacuzzi: Yes | Other Healthcare and Recreation Facilities: PKLI HOSPITAL | Nearby Schools: CITY SCHOOL | Nearby Hospitals: PKLI HOSPITAL | Nearby Shopping Malls: DOLMEN MALL | Nearby Restaurants: DHA RAYA | Distance From Airport (kms): 10KM | Nearby Public Transport Service: YES | Other Nearby Places: PARK","1","kanal","6","5","Lahore","Asim Sohail","PKR","53920426","31.471571","DHA Defence, DHA Phase 6","74.445906","+923007951523","https://media.zameen.com/thumbnails/295185206-800x600.webp","https://media.zameen.com/thumbnails/295185207-800x600.webp","https://media.zameen.com/thumbnails/295185208-800x600.webp","https://media.zameen.com/thumbnails/295185209-800x600.webp","https://media.zameen.com/thumbnails/295185210-800x600.webp","https://media.zameen.com/thumbnails/295185211-800x600.webp","https://media.zameen.com/thumbnails/295185212-800x600.webp","https://media.zameen.com/thumbnails/295185213-800x600.webp","https://media.zameen.com/thumbnails/295185214-800x600.webp","https://media.zameen.com/thumbnails/295185215-800x600.webp","https://media.zameen.com/thumbnails/295185216-800x600.webp","https://media.zameen.com/thumbnails/295185217-800x600.webp","https://media.zameen.com/thumbnails/295185218-800x600.webp","https://media.zameen.com/thumbnails/295185219-800x600.webp","https://media.zameen.com/thumbnails/295185220-800x600.webp","https://media.zameen.com/thumbnails/295185221-800x600.webp","https://media.zameen.com/thumbnails/295185222-800x600.webp","https://media.zameen.com/thumbnails/295185223-800x600.webp","https://media.zameen.com/thumbnails/295185224-800x600.webp","https://media.zameen.com/thumbnails/295185225-800x600.webp","https://media.zameen.com/thumbnails/295185226-800x600.webp","https://media.zameen.com/thumbnails/295185227-800x600.webp","https://media.zameen.com/thumbnails/295185228-800x600.webp","https://media.zameen.com/thumbnails/295185229-800x600.webp","https://media.zameen.com/thumbnails/295185230-800x600.webp","https://media.zameen.com/thumbnails/295185231-800x600.webp","https://media.zameen.com/thumbnails/295185232-800x600.webp","https://media.zameen.com/thumbnails/295185233-800x600.webp","https://media.zameen.com/thumbnails/295185234-800x600.webp","https://media.zameen.com/thumbnails/295185235-800x600.webp","https://media.zameen.com/thumbnails/295185453-800x600.webp","https://media.zameen.com/thumbnails/295185454-800x600.webp","https://media.zameen.com/thumbnails/295185455-800x600.webp","https://media.zameen.com/thumbnails/295185456-800x600.webp","https://media.zameen.com/thumbnails/295185457-800x600.webp",,,,,,,,,,,,,,,,"300000","house","rent","zameen.com","ONE KANAL BEAUTIFULL HOUSE AVALIABLE FOR RENT IN DHA DEFANCE PHASE 6","https://www.zameen.com/Property/dha_defence_dha_phase_6_one_kanal_beautifull_house_avaliable_for_rent_in_dha_defance_phase_6-53920426-1448-4.html"
"Looking for 10 Marla sized property? We have some of the best options that will suit your requirements. Bankers Housing Society - Block B is central and beautiful, and a great place to own a House. By considering the fact you're looking for a House, we would say, your search is now over. Book your appointment today to view the best rental units. The metropolis of Lahore is offering a House for an attractive price of PKR Rs. 220000. A similar property for this Rs. 220000 could be difficult to find elsewhere. Find out what the property entails below. Your personal space can stay personal with a powder room in the home. Double-glazed windows provide better protection to home interiors through superior insulation. The drawing room in this house lets you entertain your guests in a neat and beautiful space. You can offer your prayers in the spacious mosque near the House. Now you can stay ahead on social media with fast broadband internet access. Protection is a top priority and for that reason, you'll find expert security services on patrol at all times. This House comes with a spacious dining area to plan your family mealtimes with ease. You can contact us now to know all about it!","2026-03-09T10:23:15.000Z","https://media.zameen.com/thumbnails/20472220-120x90.webp","Sarwar Estate & Builders","Parking Spaces: 2 | Double Glazed Windows: Yes | Bedrooms: 5 | Bathrooms: 6 | Servant Quarters: 1 | Drawing Room: Yes | Dining Room: Yes | Kitchens: 2 | Powder Room : Yes | Store Rooms: 1 | Broadband Internet Access: Yes | Satellite or Cable TV Ready: Yes | Intercom: Yes | Mosque: Yes | Nearby Schools: yes  | Nearby Hospitals: yes  | Nearby Shopping Malls: yes  | Nearby Restaurants: yes  | Nearby Public Transport Service: yes  | Other Nearby Places: yes  | Maintenance Staff: Yes | Security Staff: Yes","10","marla","6","5","Lahore","Sarwar Malik","PKR","53919155","31.448756","Bankers Co-operative Housing Society, Bankers Housing Society - Block B","74.394994","+923218484742","https://media.zameen.com/thumbnails/295173241-800x600.webp","https://media.zameen.com/thumbnails/295173242-800x600.webp","https://media.zameen.com/thumbnails/295173243-800x600.webp","https://media.zameen.com/thumbnails/295173244-800x600.webp","https://media.zameen.com/thumbnails/295173245-800x600.webp","https://media.zameen.com/thumbnails/295173246-800x600.webp","https://media.zameen.com/thumbnails/295173247-800x600.webp","https://media.zameen.com/thumbnails/295173248-800x600.webp","https://media.zameen.com/thumbnails/295173249-800x600.webp","https://media.zameen.com/thumbnails/295173250-800x600.webp","https://media.zameen.com/thumbnails/295173251-800x600.webp","https://media.zameen.com/thumbnails/295173252-800x600.webp","https://media.zameen.com/thumbnails/295173253-800x600.webp","https://media.zameen.com/thumbnails/295173254-800x600.webp","https://media.zameen.com/thumbnails/295173255-800x600.webp","https://media.zameen.com/thumbnails/295173256-800x600.webp","https://media.zameen.com/thumbnails/295173257-800x600.webp","https://media.zameen.com/thumbnails/295173258-800x600.webp","https://media.zameen.com/thumbnails/295173259-800x600.webp","https://media.zameen.com/thumbnails/295173260-800x600.webp","https://media.zameen.com/thumbnails/295173261-800x600.webp","https://media.zameen.com/thumbnails/295173262-800x600.webp","https://media.zameen.com/thumbnails/295173263-800x600.webp","https://media.zameen.com/thumbnails/295173264-800x600.webp","https://media.zameen.com/thumbnails/295173265-800x600.webp","https://media.zameen.com/thumbnails/295173266-800x600.webp",,,,,,,,,,,,,,,,,,,,,,,,,"220000","house","rent","zameen.com","Aesthetic House Of 10 Marla For rent Is Available","https://www.zameen.com/Property/bankers_co_operative_housing_society_bankers_housing_society_-_block_b_aesthetic_house_of_10_marla_for_rent_is_available-53919155-3639-4.html"
"NOTEORIGINAL PICTURES ATTACHED 3BEDS ATTACHED BATHS DRAWING ROOM TV LOUNGE KITCHEN STORE SERVANT QUARTER TILE FLOOR NEAR PARK MASJID MARKET HOT LOCATION","2026-03-09T09:55:24.000Z",,,"Built in year: 2022 | View: Outclassed  | Parking Spaces: 2 | Double Glazed Windows: Yes | Central Air Conditioning: Yes | Central Heating: Yes | Flooring: Tiles | Electricity Backup: Ups | Waste Disposal: Yes | Other Main Features: Yes | Bedrooms: 3 | Bathrooms: 4 | Servant Quarters: 1 | Drawing Room: Yes | Dining Room: Yes | Kitchens: 1 | Study Room: Yes | Prayer Room: Yes | Powder Room : Yes | Gym: Yes | Store Rooms: 1 | Steam Room: Yes | Lounge or Sitting Room: Yes | Laundry Room: Yes | Broadband Internet Access: Yes | Satellite or Cable TV Ready: Yes | Intercom: Yes | Other Business and Communication Facilities: Yes | Community Lawn or Garden: Yes | Community Swimming Pool: Yes | Community Gym: Yes | First Aid or Medical Centre: Yes | Day Care Centre: Yes | Kids Play Area: Yes | Barbeque Area: Yes | Mosque: Yes | Community Centre: Yes | Other Community Facilities: Yes | Lawn or Garden: Yes | Swimming Pool: Yes | Sauna: Yes | Jacuzzi: Yes | Other Healthcare and Recreation Facilities: Yes | Nearby Schools: Yes | Nearby Hospitals: Yes | Nearby Shopping Malls: Yes  | Nearby Restaurants: Yes | Distance From Airport (kms): 3 | Nearby Public Transport Service: Yes | Other Nearby Places: Yes | Maintenance Staff: Yes | Security Staff: Yes | Facilities for Disabled: Yes | Other Facilities: Yes","1","kanal","4","3","Lahore","Touseef Anwar","PKR","53917505","31.504434280673","DHA Defence, DHA Phase 8, DHA Phase 8 - Block S","74.466576576233","+923244530474","https://media.zameen.com/thumbnails/295158731-800x600.webp","https://media.zameen.com/thumbnails/295158732-800x600.webp","https://media.zameen.com/thumbnails/295158733-800x600.webp","https://media.zameen.com/thumbnails/295158734-800x600.webp","https://media.zameen.com/thumbnails/295158735-800x600.webp","https://media.zameen.com/thumbnails/295158736-800x600.webp","https://media.zameen.com/thumbnails/295158737-800x600.webp","https://media.zameen.com/thumbnails/295158738-800x600.webp","https://media.zameen.com/thumbnails/295158739-800x600.webp","https://media.zameen.com/thumbnails/295158740-800x600.webp","https://media.zameen.com/thumbnails/295158741-800x600.webp",,,,,,,,,,,,,,,,,,,,,,,,,,,,,,,,,,,,,,,,"149000","lower portion","rent","zameen.com","1KANAL LOWER PORTION WITH SEPARATE GATE IN DHA PHASE 8","https://www.zameen.com/Property/dha_phase_8_dha_phase_8_-_block_s_1kanal_lower_portion_with_separate_gate_in_dha_phase_8-53917505-1634-4.html"
"5 Bedrooms With Attached Bath DD Tv lounge, 2 Big Hall Kitchen Servant Quarter Huge Car parking space Lobby Well Maintained House Hugely Loan Ideal For NGO Office Multinational Company Head offices Cooperate offices Banks School college and university,","2026-03-09T09:20:09.000Z","https://media.zameen.com/thumbnails/218385235-120x90.webp","Bin Pasha Real Estate","Built in year | View: Excellent  | Parking Spaces | Double Glazed Windows: Yes | Central Air Conditioning: Yes | Central Heating: Yes | Flooring: Tiles | Electricity Backup: None | Waste Disposal: Yes | Floors | Other Main Features: Yes | Furnished: Yes | Bedrooms | Bathrooms | Servant Quarters | Drawing Room: Yes | Dining Room: Yes | Kitchens | Study Room: Yes | Prayer Room: Yes | Powder Room : Yes | Gym: Yes | Store Rooms | Steam Room: Yes | Lounge or Sitting Room: Yes | Laundry Room: Yes | Other Rooms: Yes | Broadband Internet Access: Yes | Satellite or Cable TV Ready: Yes | Intercom: Yes | Other Business and Communication Facilities: Yes | Community Lawn or Garden: Yes | Community Swimming Pool: Yes | Community Gym: Yes | First Aid or Medical Centre: Yes | Day Care Centre: Yes | Kids Play Area: Yes | Barbeque Area: Yes | Mosque: Yes | Community Centre: Yes | Other Community Facilities: Yes | Lawn or Garden: Yes | Swimming Pool: Yes | Sauna: Yes | Jacuzzi: Yes | Other Healthcare and Recreation Facilities: Yes | Nearby Schools: Yes | Nearby Hospitals: Yes | Nearby Shopping Malls: Yes | Nearby Restaurants: Yes | Distance From Airport (kms): Yes | Nearby Public Transport Service: Yes | Other Nearby Places: Yes | Maintenance Staff: Yes | Security Staff: Yes | Facilities for Disabled: Yes | Other Facilities: Yes","1","kanal","4","4","Lahore","Majid Ahmed","PKR","53556564","31.522361","Gulberg","74.347172","+923261177776","https://media.zameen.com/thumbnails/291859505-800x600.webp","https://media.zameen.com/thumbnails/291859506-800x600.webp","https://media.zameen.com/thumbnails/291859507-800x600.webp","https://media.zameen.com/thumbnails/291859508-800x600.webp","https://media.zameen.com/thumbnails/291859509-800x600.webp","https://media.zameen.com/thumbnails/291859510-800x600.webp","https://media.zameen.com/thumbnails/291859511-800x600.webp","https://media.zameen.com/thumbnails/291859512-800x600.webp","https://media.zameen.com/thumbnails/291859513-800x600.webp","https://media.zameen.com/thumbnails/291859514-800x600.webp","https://media.zameen.com/thumbnails/291859515-800x600.webp","https://media.zameen.com/thumbnails/291859516-800x600.webp","https://media.zameen.com/thumbnails/291859517-800x600.webp","https://media.zameen.com/thumbnails/291859521-800x600.webp","https://media.zameen.com/thumbnails/291859522-800x600.webp","https://media.zameen.com/thumbnails/291859523-800x600.webp","https://media.zameen.com/thumbnails/291859524-800x600.webp","https://media.zameen.com/thumbnails/291859525-800x600.webp","https://media.zameen.com/thumbnails/291859526-800x600.webp","https://media.zameen.com/thumbnails/291859527-800x600.webp","https://media.zameen.com/thumbnails/291859528-800x600.webp","https://media.zameen.com/thumbnails/291859529-800x600.webp","https://media.zameen.com/thumbnails/291859530-800x600.webp","https://media.zameen.com/thumbnails/291859531-800x600.webp","https://media.zameen.com/thumbnails/291859532-800x600.webp","https://media.zameen.com/thumbnails/291859533-800x600.webp","https://media.zameen.com/thumbnails/291859534-800x600.webp",,,,,,,,,,,,,,,,,,,,,,,,"425000","house","rent","zameen.com","1 Kanal House Available For Rent In Gulberg","https://www.zameen.com/Property/lahore_gulberg_1_kanal_house_available_for_rent_in_gulberg-53556564-7-4.html"
"01 Kanal House for Rent | Phase 7 Sector W DHA Lahore A beautiful 01 Kanal house is available for rent in Phase 7, Sector W, DHA Lahore. Located in a peaceful and prime location, perfect for families looking for a comfortable living environment. Property Features: 5 Spacious Bedrooms with Attached Bathrooms Large TV Lounge Drawing & Dining Room Modern Kitchen Servant Room Car Parking Space Beautiful Lawn Location: DHA Phase 7, Sector W, Lahore Rent: Reasonable Contact now for more details or to schedule a visit.","2026-03-09T08:25:10.000Z","https://media.zameen.com/thumbnails/20474298-120x90.webp","Property Club Real Estate","Built in year | View: yes  | Parking Spaces | Double Glazed Windows: Yes | Central Air Conditioning: Yes | Central Heating: Yes | Flooring: Tiles | Electricity Backup: Other | Waste Disposal: Yes | Floors | Other Main Features: Yes | Bedrooms: 5 | Bathrooms: 6 | Servant Quarters | Drawing Room: Yes | Dining Room: Yes | Kitchens | Study Room: Yes | Prayer Room: Yes | Powder Room : Yes | Gym: Yes | Store Rooms | Steam Room: Yes | Lounge or Sitting Room: Yes | Laundry Room: Yes | Other Rooms: Yes | Broadband Internet Access: Yes | Satellite or Cable TV Ready: Yes | Intercom: Yes | Other Business and Communication Facilities: Yes | Community Lawn or Garden: Yes | Community Swimming Pool: Yes | Community Gym: Yes | First Aid or Medical Centre: Yes | Day Care Centre: Yes | Kids Play Area: Yes | Barbeque Area: Yes | Mosque: Yes | Community Centre: Yes | Other Community Facilities: Yes | Lawn or Garden: Yes | Swimming Pool: Yes | Jacuzzi: Yes | Other Healthcare and Recreation Facilities: Yes | Nearby Schools: Yes | Nearby Hospitals: Yes | Nearby Shopping Malls: Yes | Nearby Restaurants: Yes | Distance From Airport (kms): 20 min away | Nearby Public Transport Service: Yes | Other Nearby Places: Yes | Maintenance Staff: Yes | Security Staff: Yes | Facilities for Disabled: Yes | Other Facilities: yes","1","kanal","6","5","Lahore","Abdul Majeed (CEO)","PKR","53919862","31.465056","DHA Defence, DHA Phase 7, DHA Phase 7 - Block W","74.478035","+923214222274","https://media.zameen.com/thumbnails/295179706-800x600.webp","https://media.zameen.com/thumbnails/295179701-800x600.webp","https://media.zameen.com/thumbnails/295179702-800x600.webp","https://media.zameen.com/thumbnails/295179703-800x600.webp","https://media.zameen.com/thumbnails/295179704-800x600.webp","https://media.zameen.com/thumbnails/295179705-800x600.webp","https://media.zameen.com/thumbnails/295179707-800x600.webp","https://media.zameen.com/thumbnails/295179708-800x600.webp","https://media.zameen.com/thumbnails/295179709-800x600.webp","https://media.zameen.com/thumbnails/295179710-800x600.webp","https://media.zameen.com/thumbnails/295179711-800x600.webp","https://media.zameen.com/thumbnails/295179712-800x600.webp","https://media.zameen.com/thumbnails/295179713-800x600.webp","https://media.zameen.com/thumbnails/295179714-800x600.webp","https://media.zameen.com/thumbnails/295179715-800x600.webp","https://media.zameen.com/thumbnails/295179716-800x600.webp","https://media.zameen.com/thumbnails/295179717-800x600.webp","https://media.zameen.com/thumbnails/295179718-800x600.webp","https://media.zameen.com/thumbnails/295179719-800x600.webp","https://media.zameen.com/thumbnails/295179720-800x600.webp","https://media.zameen.com/thumbnails/295179721-800x600.webp","https://media.zameen.com/thumbnails/295179722-800x600.webp","https://media.zameen.com/thumbnails/295179723-800x600.webp","https://media.zameen.com/thumbnails/295179724-800x600.webp","https://media.zameen.com/thumbnails/295179725-800x600.webp","https://media.zameen.com/thumbnails/295179726-800x600.webp","https://media.zameen.com/thumbnails/295179727-800x600.webp","https://media.zameen.com/thumbnails/295179728-800x600.webp","https://media.zameen.com/thumbnails/295179729-800x600.webp","https://media.zameen.com/thumbnails/295179730-800x600.webp","https://media.zameen.com/thumbnails/295179731-800x600.webp","https://media.zameen.com/thumbnails/295179732-800x600.webp","https://media.zameen.com/thumbnails/295179733-800x600.webp","https://media.zameen.com/thumbnails/295179734-800x600.webp","https://media.zameen.com/thumbnails/295179735-800x600.webp","https://media.zameen.com/thumbnails/295179736-800x600.webp","https://media.zameen.com/thumbnails/295179737-800x600.webp","https://media.zameen.com/thumbnails/295179738-800x600.webp","https://media.zameen.com/thumbnails/295179739-800x600.webp","https://media.zameen.com/thumbnails/295179740-800x600.webp","https://media.zameen.com/thumbnails/295179741-800x600.webp","https://media.zameen.com/thumbnails/295179742-800x600.webp","https://media.zameen.com/thumbnails/295179743-800x600.webp","https://media.zameen.com/thumbnails/295179744-800x600.webp",,,,,,,"450000","house","rent","zameen.com","01 Kanal House For Rent | Phase 7 Sector W | Reasonable Rent","https://www.zameen.com/Property/dha_phase_7_dha_phase_7_-_block_w_01_kanal_house_for_rent_phase_7_sector_w_reasonable_rent-53919862-1630-4.html"
"Fully Furnished 10-Marla House Available For Rent Long Term and Short Term with all amenities 5-Beds with Inverter AC, 2-Fridges, Oven, Sofa's and all necessary amenities available Regards","2026-03-09T07:35:04.000Z","https://media.zameen.com/thumbnails/24874865-120x90.webp","Royal Marketing Real Estate & Builders","Nearby Schools: yes  | Nearby Hospitals: yes  | Nearby Shopping Malls: yes  | Nearby Restaurants: yes  | Distance From Airport (kms): 5 | Nearby Public Transport Service: yes","10","marla","6","5","Lahore","M. Irfan Wattoo","PKR","53837308","31.378774","Bahria Town, Bahria Town - Sector C, Bahria Town - Gulbahar Block","74.190316","+923217773999","https://media.zameen.com/thumbnails/294426655-800x600.webp","https://media.zameen.com/thumbnails/294426654-800x600.webp","https://media.zameen.com/thumbnails/294426656-800x600.webp","https://media.zameen.com/thumbnails/294426657-800x600.webp","https://media.zameen.com/thumbnails/294426658-800x600.webp","https://media.zameen.com/thumbnails/294426659-800x600.webp","https://media.zameen.com/thumbnails/294426660-800x600.webp","https://media.zameen.com/thumbnails/294426661-800x600.webp","https://media.zameen.com/thumbnails/294426662-800x600.webp","https://media.zameen.com/thumbnails/294426663-800x600.webp","https://media.zameen.com/thumbnails/294426664-800x600.webp","https://media.zameen.com/thumbnails/294426665-800x600.webp","https://media.zameen.com/thumbnails/294426666-800x600.webp","https://media.zameen.com/thumbnails/294426667-800x600.webp","https://media.zameen.com/thumbnails/294426668-800x600.webp","https://media.zameen.com/thumbnails/294426669-800x600.webp","https://media.zameen.com/thumbnails/294426670-800x600.webp","https://media.zameen.com/thumbnails/294426671-800x600.webp","https://media.zameen.com/thumbnails/294426672-800x600.webp","https://media.zameen.com/thumbnails/294426673-800x600.webp","https://media.zameen.com/thumbnails/294426674-800x600.webp","https://media.zameen.com/thumbnails/294426675-800x600.webp",,,,,,,,,,,,,,,,,,,,,,,,,,,,,"225000","house","rent","zameen.com","Fully Furnished 10-Marla House For Rent","https://www.zameen.com/Property/bahria_town_sector_c_bahria_town_-_gulbahar_block_fully_furnished_10-marla_house_for_rent-53837308-1793-4.html"
"- 5 bedroom with attached washroom - Double unit - TV lounge - Drawing Dining - 2kitchen - store room - laundry area - Servant quarter z - fully marble flooring - car porch - near to market and park - easy approach please contact me for further details","2026-03-09T07:23:06.000Z",,,"Built in year: 2025 | View: excellent | Parking Spaces: 4 | Double Glazed Windows: Yes | Central Air Conditioning: Yes | Central Heating: Yes | Flooring: Marble | Electricity Backup: Ups | Waste Disposal: Yes | Floors: 2 | Other Main Features: Yes | Bedrooms: 5 | Bathrooms: 6 | Servant Quarters: 1 | Drawing Room: Yes | Dining Room: Yes | Kitchens: 2 | Study Room: Yes | Prayer Room: Yes | Powder Room : Yes | Gym: Yes | Store Rooms: 1 | Steam Room: Yes | Lounge or Sitting Room: Yes | Laundry Room: Yes | Other Rooms: yss | Broadband Internet Access: Yes | Satellite or Cable TV Ready: Yes | Intercom: Yes | Other Business and Communication Facilities: Yes | Community Lawn or Garden: Yes | Community Swimming Pool: Yes | Community Gym: Yes | First Aid or Medical Centre: Yes | Day Care Centre: Yes | Kids Play Area: Yes | Barbeque Area: Yes | Mosque: Yes | Community Centre: Yes | Other Community Facilities: Yes | Lawn or Garden: Yes | Swimming Pool: Yes | Sauna: Yes | Jacuzzi: Yes | Other Healthcare and Recreation Facilities: Yes | Nearby Schools: YES  | Nearby Hospitals: Yes | Nearby Shopping Malls: Yes | Nearby Restaurants: Yes | Distance From Airport (kms): 35 | Nearby Public Transport Service: Yes | Other Nearby Places: Yes | Security Staff: Yes | Other Facilities: Yes","1","kanal","6","5","Lahore","Arif Ali","PKR","53919426","31.475158","DHA Defence, DHA Phase 1, DHA Phase 1 - Block K","74.393277","+923218008826","https://media.zameen.com/thumbnails/295175489-800x600.webp","https://media.zameen.com/thumbnails/295175567-800x600.webp","https://media.zameen.com/thumbnails/295175568-800x600.webp","https://media.zameen.com/thumbnails/295175569-800x600.webp","https://media.zameen.com/thumbnails/295175570-800x600.webp","https://media.zameen.com/thumbnails/295175571-800x600.webp","https://media.zameen.com/thumbnails/295175572-800x600.webp","https://media.zameen.com/thumbnails/295175573-800x600.webp","https://media.zameen.com/thumbnails/295175574-800x600.webp","https://media.zameen.com/thumbnails/295175575-800x600.webp","https://media.zameen.com/thumbnails/295175576-800x600.webp","https://media.zameen.com/thumbnails/295175577-800x600.webp","https://media.zameen.com/thumbnails/295175578-800x600.webp","https://media.zameen.com/thumbnails/295175579-800x600.webp","https://media.zameen.com/thumbnails/295175580-800x600.webp","https://media.zameen.com/thumbnails/295175581-800x600.webp","https://media.zameen.com/thumbnails/295175582-800x600.webp","https://media.zameen.com/thumbnails/295175583-800x600.webp","https://media.zameen.com/thumbnails/295175584-800x600.webp","https://media.zameen.com/thumbnails/295175585-800x600.webp","https://media.zameen.com/thumbnails/295175586-800x600.webp","https://media.zameen.com/thumbnails/295175587-800x600.webp",,,,,,,,,,,,,,,,,,,,,,,,,,,,,"215000","house","rent","zameen.com","Kanal 5 Bed Double Unit Corner House Available For Rent In Dha Phase 1","https://www.zameen.com/Property/dha_phase_1_dha_phase_1_-_block_k_kanal_5_bed_double_unit_corner_house_available_for_rent_in_dha_phase_1-53919426-1651-4.html"
"1 Kanal Elegant House Available for Rent in DHA Phase 3 Z Block An exceptional opportunity to rent a beautifully maintained 1 Kanal full house located in the highly desirable Z Block of DHA Phase 3. This property offers a perfect blend of comfort, functionality, and prime location, making it ideal for families seeking a secure and upscale lifestyle. Property Highlights: 4 Spacious Bedrooms with Attached Bathrooms Stylish & Functional Kitchen Comfortable TV Lounge for Family Gatherings Proper Drawing & Dining Area Beautiful Lawn with Bajri Work Ample Parking Space for 4 Cars Solid Construction with Quality Finishing Peaceful & Secure Surroundings Ready for Immediate Possession The house is situated in a prime residential area with easy access to commercial markets, schools, parks, and mosques. The layout is thoughtfully designed to provide maximum space utilization and comfortable living. This is an ideal option for families looking for a well-maintained house in one of the most prestigious locations of DHA. For further details and visit arrangements, contact: [redacted phone number] Serious clients only. Dealers are welcome.","2026-03-09T07:08:38.000Z","https://media.zameen.com/thumbnails/153897930-120x90.webp","Crown Estate & Marketing","Parking Spaces: 4 | Double Glazed Windows: Yes | Central Air Conditioning: Yes | Central Heating: Yes | Flooring: Marble | Electricity Backup: Ups | Waste Disposal: Yes | Bedrooms: 4 | Bathrooms: 4 | Servant Quarters: 1 | Drawing Room: Yes | Dining Room: Yes | Kitchens: 2 | Study Room: Yes | Prayer Room: Yes | Powder Room : Yes | Store Rooms: 1 | Steam Room: Yes | Lounge or Sitting Room: Yes | Laundry Room: Yes | Broadband Internet Access: Yes | Community Lawn or Garden: Yes | Community Swimming Pool: Yes | Community Gym: Yes | First Aid or Medical Centre: Yes | Day Care Centre: Yes | Kids Play Area: Yes | Barbeque Area: Yes | Mosque: Yes | Community Centre: Yes | Lawn or Garden: Yes | Swimming Pool: Yes | Sauna: Yes | Jacuzzi: Yes | Nearby Schools: Yes | Maintenance Staff: Yes | Security Staff: Yes | Facilities for Disabled: Yes","1","kanal","5","4","Lahore","Asim Iqbal","PKR","53851850","31.475378","DHA Defence, DHA Phase 3","74.373808","+923210603355","https://media.zameen.com/thumbnails/294567423-800x600.webp","https://media.zameen.com/thumbnails/294567424-800x600.webp","https://media.zameen.com/thumbnails/294567425-800x600.webp","https://media.zameen.com/thumbnails/294567426-800x600.webp","https://media.zameen.com/thumbnails/294567428-800x600.webp","https://media.zameen.com/thumbnails/294567429-800x600.webp","https://media.zameen.com/thumbnails/294567433-800x600.webp","https://media.zameen.com/thumbnails/294567434-800x600.webp","https://media.zameen.com/thumbnails/294567435-800x600.webp","https://media.zameen.com/thumbnails/294567436-800x600.webp","https://media.zameen.com/thumbnails/294567438-800x600.webp","https://media.zameen.com/thumbnails/294567439-800x600.webp","https://media.zameen.com/thumbnails/294567440-800x600.webp","https://media.zameen.com/thumbnails/294567441-800x600.webp","https://media.zameen.com/thumbnails/294567442-800x600.webp","https://media.zameen.com/thumbnails/294567443-800x600.webp",,,,,,,,,,,,,,,,,,,,,,,,,,,,,,,,,,,"225000","house","rent","zameen.com","1 KANAL HOUSE FOR RENT- DHA PHASE 3 (Z BLOCK)","https://www.zameen.com/Property/dha_defence_dha_phase_3_1_kanal_house_for_rent-_dha_phase_3_z_block-53851850-1454-4.html"
"4 kanal Bangalow in gulberg, 4 huge halls 4 bedroom 2 kitchen Ample parking Huge garden Central London Ideal for silent office Software offices etc Reasonable rent For more information please contact","2026-03-09T06:36:16.000Z","https://media.zameen.com/thumbnails/20474136-120x90.webp","Awaab Real Estate & Consultants","Built in year: 2010 | View: Modern | Parking Spaces: 25 | Double Glazed Windows: Yes | Central Air Conditioning: Yes | Central Heating: Yes | Flooring: Tiles | Electricity Backup: Generator | Waste Disposal: Yes | Floors: 1 | Other Main Features: 1 | Bedrooms: 4 | Bathrooms: 5 | Servant Quarters: 2 | Drawing Room: Yes | Dining Room: Yes | Kitchens: 2 | Study Room: Yes | Prayer Room: Yes | Powder Room : Yes | Gym: Yes | Store Rooms: 2 | Steam Room: Yes | Lounge or Sitting Room: Yes | Laundry Room: Yes | Other Rooms: 2 | Broadband Internet Access: Yes | Satellite or Cable TV Ready: Yes | Intercom: Yes | Other Business and Communication Facilities: True | Community Lawn or Garden: Yes | Community Swimming Pool: Yes | Community Gym: Yes | First Aid or Medical Centre: Yes | Day Care Centre: Yes | Kids Play Area: Yes | Barbeque Area: Yes | Mosque: Yes | Community Centre: Yes | Other Community Facilities: True | Lawn or Garden: Yes | Swimming Pool: Yes | Sauna: Yes | Jacuzzi: Yes | Nearby Schools: yes  | Nearby Hospitals: yes  | Nearby Shopping Malls: yes  | Nearby Restaurants: yes  | Distance From Airport (kms): yes  | Nearby Public Transport Service: yes  | Other Nearby Places: yes  | Maintenance Staff: Yes | Security Staff: Yes | Facilities for Disabled: Yes | Other Facilities: yes","4","kanal","5","7","Lahore","Muhammad Faheem","PKR","53829910","31.522361","Gulberg","74.347172","+923334142182","https://media.zameen.com/thumbnails/294355843-800x600.webp","https://media.zameen.com/thumbnails/294355844-800x600.webp","https://media.zameen.com/thumbnails/294355845-800x600.webp","https://media.zameen.com/thumbnails/294355846-800x600.webp","https://media.zameen.com/thumbnails/294355847-800x600.webp","https://media.zameen.com/thumbnails/294355848-800x600.webp","https://media.zameen.com/thumbnails/294355849-800x600.webp","https://media.zameen.com/thumbnails/294355850-800x600.webp","https://media.zameen.com/thumbnails/294355851-800x600.webp","https://media.zameen.com/thumbnails/294355852-800x600.webp","https://media.zameen.com/thumbnails/294355853-800x600.webp","https://media.zameen.com/thumbnails/294355854-800x600.webp","https://media.zameen.com/thumbnails/294898343-800x600.webp",,,,,,,,,,,,,,,,,,,,,,,,,,,,,,,,,,,,,,"1250000","house","rent","zameen.com","4 Kanal Bungalow Hot Location","https://www.zameen.com/Property/lahore_gulberg_4_kanal_bungalow_hot_location-53829910-7-4.html"
"Bahria Town Lahore Rental Houses & Apartments Looking for a comfortable and secure place to rent in Lahore? Bahria Town Lahore offers beautifully designed houses and modern apartments available for rent in a well-planned, gated community. With wide carpeted roads, 24/7 security, uninterrupted utilities, parks, schools, hospitals, and commercial areas, Bahria Town ensures a premium lifestyle for families and professionals alike. Houses for Rent 5 Marla, 8 Marla, 10 Marla & 1 Kanal Houses Brand New & Slightly Used Options 36 Bedrooms with Attached Baths Spacious TV Lounge & Drawing Room Modern Kitchen & Stylish Interiors Servant Quarter (in bigger houses) Near Parks, Mosques & Commercial Areas Apartments for Rent 1 Bed, 2 Bed & 3 Bed Luxury Apartments Fully Furnished & Semi-Furnished Options Ideal for Families & Working Professionals Secure Building with Lift & Parking Prime Locations (Sector C, D, E & Talwar Chowk Area) Why Choose Bahria Town? Gated Community with 24/7 Security Load Shedding Free Environment Schools, Hospitals & Shopping Malls Parks, Eiffel Tower & Recreational Spots Easy Access to Canal Road & Multan Road Reasonable rental options available according to your budget. Contact now for further details, visits, and best deals in Bahria Town Lahore.","2026-03-09T06:10:51.000Z","https://media.zameen.com/thumbnails/276903044-120x90.webp","Taaq Property Network","View: good | Parking Spaces: 2 | Lobby in Building: Yes | Double Glazed Windows: Yes | Central Air Conditioning: Yes | Central Heating: Yes | Flooring: Tiles | Electricity Backup: Ups | Waste Disposal: Yes | Floor: 3 | Floors in Building: 5 | Elevators: 1 | Service Elevators in Building: Yes | Other Main Features: Yes | Furnished: Yes | Bedrooms: 1 | Bathrooms: 1 | Store Rooms: 1 | Broadband Internet Access: Yes | Satellite or Cable TV Ready: Yes | Business Center or Media Room in Building: Yes | Conference Room in Building: Yes | Intercom: Yes | ATM Machines: Yes | Other Business and Communication Facilities: Yes | Community Lawn or Garden: Yes | Community Swimming Pool: Yes | Community Gym: Yes | First Aid or Medical Centre: Yes | Day Care Centre: Yes | Kids Play Area: Yes | Barbeque Area: Yes | Mosque: Yes | Community Centre: Yes | Other Community Facilities: Yes | Sauna: Yes | Jacuzzi: Yes | Other Healthcare and Recreation Facilities: Yes | Nearby Schools: Yes | Nearby Hospitals: Yes | Nearby Shopping Malls: Yes | Nearby Restaurants: Yes | Distance From Airport (kms): 27 km | Nearby Public Transport Service: Yes | Other Nearby Places: Yes | Maintenance Staff: Yes | Security Staff: Yes | Laundry or Dry Cleaning Facility: Yes | Communal/Shared Kitchen: Yes | Facilities for Disabled: Yes | Pet Policy: Allowed | Other Facilities: Yes","550","sqft","1","1","Lahore","Talha Siddiq","PKR","52593733","31.364887","Bahria Town, Bahria Town - Sector E","74.186554","+923070961462","https://media.zameen.com/thumbnails/294432397-800x600.webp","https://media.zameen.com/thumbnails/294432398-800x600.webp","https://media.zameen.com/thumbnails/294432399-800x600.webp","https://media.zameen.com/thumbnails/294432400-800x600.webp","https://media.zameen.com/thumbnails/294432401-800x600.webp","https://media.zameen.com/thumbnails/294432402-800x600.webp","https://media.zameen.com/thumbnails/294432403-800x600.webp","https://media.zameen.com/thumbnails/294432404-800x600.webp","https://media.zameen.com/thumbnails/294432405-800x600.webp","https://media.zameen.com/thumbnails/294432406-800x600.webp",,,,,,,,,,,,,,,,,,,,,,,,,,,,,,,,,,,,,,,,,"55000","flat","rent","zameen.com","One Bed Luxury Furnished Apartment Available For Rent In Sector E Bahria Town Lahore","https://www.zameen.com/Property/bahria_town_bahria_town_-_sector_e_one_bed_luxury_furnished_apartment_available_for_rent_in_sector_e_bahria_town_lahore-52593733-1802-4.html"
"Dha 9 Town 5 Marla Beautiful House For Rent. Withe Original Pictures. Bedroom And Attached Bathroom It'S Have 3 Bedrooms Tile Flooring Beautiful Company Kitchen Big Tv Lounge Sitting Area 1 Car Parking Near To Market School/ Masjid/ Park / For More Contact Us. .","2026-03-09T06:05:27.000Z","https://media.zameen.com/thumbnails/274155435-120x90.webp","Smart Home Properties","Built in year: 2017 | View: Yes | Parking Spaces: 2 | Double Glazed Windows: Yes | Central Air Conditioning: Yes | Central Heating: Yes | Flooring: Tiles | Electricity Backup: Other | Waste Disposal: Yes | Floors: 2 | Bedrooms: 3 | Bathrooms: 3 | Servant Quarters: 1 | Drawing Room: Yes | Dining Room: Yes | Kitchens: 2 | Study Room: Yes | Prayer Room: Yes | Powder Room : Yes | Store Rooms: 1 | Steam Room: Yes | Lounge or Sitting Room: Yes | Laundry Room: Yes | Other Rooms: Yes | Broadband Internet Access: Yes | Satellite or Cable TV Ready: Yes | Intercom: Yes | Other Business and Communication Facilities: Yes | Community Lawn or Garden: Yes | Community Swimming Pool: Yes | Community Gym: Yes | First Aid or Medical Centre: Yes | Day Care Centre: Yes | Kids Play Area: Yes | Barbeque Area: Yes | Mosque: Yes | Community Centre: Yes | Other Community Facilities: Yes | Lawn or Garden: Yes | Swimming Pool: Yes | Sauna: Yes | Jacuzzi: Yes | Other Healthcare and Recreation Facilities: Yes | Nearby Schools: Yes | Nearby Hospitals: Yes | Nearby Shopping Malls: Yes | Nearby Restaurants: Yes | Distance From Airport (kms): 6 | Nearby Public Transport Service: Yes | Other Nearby Places: Yes | Maintenance Staff: Yes | Security Staff: Yes | Facilities for Disabled: Yes | Other Facilities: Yes","5","marla","3","3","Lahore","m rashid","PKR","53882832","31.443859","DHA Defence, DHA 9 Town, DHA 9 Town - Block A","74.44052","+923215010511","https://media.zameen.com/thumbnails/294844004-800x600.webp","https://media.zameen.com/thumbnails/294844005-800x600.webp","https://media.zameen.com/thumbnails/294844006-800x600.webp","https://media.zameen.com/thumbnails/294844007-800x600.webp","https://media.zameen.com/thumbnails/294844008-800x600.webp","https://media.zameen.com/thumbnails/294844009-800x600.webp","https://media.zameen.com/thumbnails/294844010-800x600.webp","https://media.zameen.com/thumbnails/294844011-800x600.webp","https://media.zameen.com/thumbnails/294844012-800x600.webp","https://media.zameen.com/thumbnails/294844013-800x600.webp","https://media.zameen.com/thumbnails/294844014-800x600.webp","https://media.zameen.com/thumbnails/294844015-800x600.webp","https://media.zameen.com/thumbnails/294844016-800x600.webp","https://media.zameen.com/thumbnails/294844017-800x600.webp","https://media.zameen.com/thumbnails/294844018-800x600.webp","https://media.zameen.com/thumbnails/294844019-800x600.webp",,,,,,,,,,,,,,,,,,,,,,,,,,,,,,,,,,,"120000","house","rent","zameen.com","5 Marla Beautiful House For Rent In A Block 9 Town","https://www.zameen.com/Property/dha_9_town_dha_9_town_-_block_a_5_marla_beautiful_house_for_rent_in_a_block_9_town-53882832-8173-4.html"
"Explore Comfortable Living In This Spacious 1-Bedroom, 1-Bathroom Unfurnished Apartment In Sector C, Bahria Town, Lahore. Situated Near Key Amenities, Including The Bahria Country Club, Bahria Grand Mosque, Jasmine Mall, And KFC, This Apartment Offers Convenience And Accessibility. The Grand Jamia Masjid, The World'S 7th Largest Mosque, Is Also Close To Bahria Town'S Commercial Hub, The Bahria Town International School, Akhtar Saeed Medical &Amp;Amp;Amp; Dental College, Commercial Areas, Green Parks, And A Sports Complex. The Apartment Features A Spacious Bedroom, A Well-Appointed Bathroom, A Functional Kitchen, And A Comfortable Living Area. Bahria Town Is Renowned For Its State-Of-The-Art Infrastructure, Security, And Well-Maintained Surroundings. It Is An Ideal Location For Singles, Couples, Or Small Families Looking For A Comfortable And Convenient Lifestyle. Don'T Miss Out On This Opportunity To Live In One Of Lahore'S Most Sought-After Areas. Contact Us Today To Arrange A Viewing Or For More Information.","2026-03-09T05:28:20.000Z","https://media.zameen.com/thumbnails/229627972-120x90.webp","Aiwa Properties","Built in year: 2025 | View: VERY GOOD | Parking Spaces | Lobby in Building: Yes | Double Glazed Windows: Yes | Central Air Conditioning: Yes | Central Heating: Yes | Flooring: Tiles | Electricity Backup: Generator | Waste Disposal: Yes | Floor | Elevators: 2 | Service Elevators in Building: Yes | Other Main Features: Yes | Bedrooms: 6 | Bathrooms: 1 | Servant Quarters: 1 | Drawing Room: Yes | Dining Room: Yes | Kitchens: 1 | Study Room: Yes | Prayer Room: Yes | Powder Room : Yes | Gym: Yes | Store Rooms: 1 | Steam Room: Yes | Lounge or Sitting Room: Yes | Laundry Room: Yes | Other Rooms: Yes | Broadband Internet Access: Yes | Satellite or Cable TV Ready: Yes | Business Center or Media Room in Building: Yes | Conference Room in Building: Yes | Intercom: Yes | ATM Machines: Yes | Other Business and Communication Facilities: Yes | Community Lawn or Garden: Yes | Community Swimming Pool: Yes | Community Gym: Yes | First Aid or Medical Centre: Yes | Day Care Centre: Yes | Kids Play Area: Yes | Barbeque Area: Yes | Mosque: Yes | Community Centre: Yes | Other Community Facilities: Main Market and Park Nearby | Sauna: Yes | Jacuzzi: Yes | Other Healthcare and Recreation Facilities: Yes | Nearby Schools: Bahria Town International School | Nearby Hospitals: Bahria International Hospital | Nearby Shopping Malls: Jasmine Mall | Nearby Restaurants: Gloria Jeans Cafe, Subway and DHA Restaurants | Distance From Airport (kms): 4.5(kms) | Nearby Public Transport Service: All Types of Public Transport Available At 500 Meters (nawaz Shareef Interchange) & Daewoo Bus Service In Ph... | Other Nearby Places: DHA Phase 5 & dha phase 6 | Maintenance Staff: Yes | Security Staff: Yes | Laundry or Dry Cleaning Facility: Yes | Communal/Shared Kitchen: Yes | Facilities for Disabled: Yes | Pet Policy: Allowed | Other Facilities: Available","500","sqft","1","1","Lahore","Waqas Riaz","PKR","47049412","31.374195","Bahria Town, Bahria Town - Sector C","74.191482","+923087299555","https://media.zameen.com/thumbnails/291257527-800x600.webp","https://media.zameen.com/thumbnails/291257525-800x600.webp","https://media.zameen.com/thumbnails/291257526-800x600.webp","https://media.zameen.com/thumbnails/291257528-800x600.webp","https://media.zameen.com/thumbnails/291257529-800x600.webp","https://media.zameen.com/thumbnails/291257530-800x600.webp","https://media.zameen.com/thumbnails/291257531-800x600.webp","https://media.zameen.com/thumbnails/291257532-800x600.webp",,,,,,,,,,,,,,,,,,,,,,,,,,,,,,,,,,,,,,,,,,,"33000","flat","rent","zameen.com","One Bed Non Furnished Apartment Available For Rent In Bahria Town Lahore","https://www.zameen.com/Property/bahria_town_bahria_town_-_sector_c_one_bed_non_furnished_apartment_available_for_rent_in_bahria_town_lahore-47049412-1784-4.html"
"2 KANAL OFFICE USE HOUSE FOR RENT GULBERG GARDEN TOWN LAHORE 6 Bedrooms With Attached Bath Dd Tv lounge, kitchen And A Servant Quarter Ample Cars Parking Ideal For NGO Office Multinational Company Head offices, Cooperate offices Building Banks school college and university, Contact us for more details Deal In Main Boulevard Gulberg Ferozepur Road Jail Road Mall Road Upper Mall Main Canal Road Zaman Park Gor Cantt Cavalry Ground Shadman Shah Jamal Muslim Town Garden Town Model Town Gulberg Industrial-Estate Quaid-E-Azam-Industrial-Estate Sundar Industrial Estate Lahore, Punjab Raiwind Road Multan Road lahore Faisalabad Road sheikhupura Road Ferozpur Road Gujranwala Road Factory Warehouse Sale,Purchase & Rent Contact us for more details","2026-03-09T01:59:13.000Z","https://media.zameen.com/thumbnails/20470902-120x90.webp","Hamza Real Estate","Built in year: 2001 | View: NEW | Parking Spaces: 5 | Double Glazed Windows: Yes | Central Air Conditioning: Yes | Central Heating: Yes | Flooring: Tiles | Electricity Backup: Other | Waste Disposal: Yes | Floors: 2 | Other Main Features: GOOD | Furnished: Yes | Bedrooms: 5 | Bathrooms: 6 | Servant Quarters: 2 | Drawing Room: Yes | Dining Room: Yes | Kitchens: 1 | Study Room: Yes | Prayer Room: Yes | Powder Room : Yes | Gym: Yes | Store Rooms: 2 | Steam Room: Yes | Lounge or Sitting Room: Yes | Laundry Room: Yes | Other Rooms: 9 | Broadband Internet Access: Yes | Satellite or Cable TV Ready: Yes | Intercom: Yes | Other Business and Communication Facilities: Yes | Community Lawn or Garden: Yes | Community Swimming Pool: Yes | Community Gym: Yes | First Aid or Medical Centre: Yes | Day Care Centre: Yes | Kids Play Area: Yes | Barbeque Area: Yes | Mosque: Yes | Community Centre: Yes | Other Community Facilities: Yes | Lawn or Garden: Yes | Swimming Pool: Yes | Sauna: Yes | Jacuzzi: Yes | Other Healthcare and Recreation Facilities: Hospital | Nearby Schools: Yes | Nearby Hospitals: Yes | Nearby Shopping Malls: Yes | Nearby Restaurants: Yes | Distance From Airport (kms): 7 | Nearby Public Transport Service: Yes | Other Nearby Places: Yes | Maintenance Staff: Yes | Security Staff: Yes | Facilities for Disabled: Yes | Other Facilities: NEAR PARK","2","kanal","7","5","Lahore","Imran Shahid","PKR","53875506","31.522361","Gulberg, Gulberg 2","74.347173","+924235789100","https://media.zameen.com/thumbnails/294784026-800x600.webp","https://media.zameen.com/thumbnails/294784027-800x600.webp","https://media.zameen.com/thumbnails/294784028-800x600.webp","https://media.zameen.com/thumbnails/294784029-800x600.webp","https://media.zameen.com/thumbnails/294784030-800x600.webp","https://media.zameen.com/thumbnails/294784031-800x600.webp","https://media.zameen.com/thumbnails/294784032-800x600.webp","https://media.zameen.com/thumbnails/294784033-800x600.webp","https://media.zameen.com/thumbnails/294784034-800x600.webp","https://media.zameen.com/thumbnails/294784035-800x600.webp","https://media.zameen.com/thumbnails/294784036-800x600.webp","https://media.zameen.com/thumbnails/294784037-800x600.webp","https://media.zameen.com/thumbnails/294784038-800x600.webp","https://media.zameen.com/thumbnails/294784039-800x600.webp","https://media.zameen.com/thumbnails/294784040-800x600.webp","https://media.zameen.com/thumbnails/294784041-800x600.webp","https://media.zameen.com/thumbnails/294784042-800x600.webp","https://media.zameen.com/thumbnails/294784043-800x600.webp","https://media.zameen.com/thumbnails/294784044-800x600.webp","https://media.zameen.com/thumbnails/294784045-800x600.webp","https://media.zameen.com/thumbnails/294784046-800x600.webp","https://media.zameen.com/thumbnails/294784047-800x600.webp","https://media.zameen.com/thumbnails/294784048-800x600.webp","https://media.zameen.com/thumbnails/294784049-800x600.webp","https://media.zameen.com/thumbnails/294784050-800x600.webp","https://media.zameen.com/thumbnails/294784051-800x600.webp","https://media.zameen.com/thumbnails/294784052-800x600.webp","https://media.zameen.com/thumbnails/294784053-800x600.webp","https://media.zameen.com/thumbnails/294784054-800x600.webp","https://media.zameen.com/thumbnails/294784055-800x600.webp","https://media.zameen.com/thumbnails/294784056-800x600.webp","https://media.zameen.com/thumbnails/294784057-800x600.webp","https://media.zameen.com/thumbnails/294784058-800x600.webp","https://media.zameen.com/thumbnails/294784059-800x600.webp","https://media.zameen.com/thumbnails/295008033-800x600.webp","https://media.zameen.com/thumbnails/295008034-800x600.webp","https://media.zameen.com/thumbnails/295008035-800x600.webp","https://media.zameen.com/thumbnails/295008036-800x600.webp","https://media.zameen.com/thumbnails/295008037-800x600.webp","https://media.zameen.com/thumbnails/295008038-800x600.webp",,,,,,,,,,,"650000","house","rent","zameen.com","2 KANAL OFFICE USE HOUSE FOR RENT GULBERG GARDEN TOWN MODEL TOWN SHADMAN GOR LAHORE","https://www.zameen.com/Property/gulberg_gulberg_2_2_kanal_office_use_house_for_rent_gulberg_garden_town_model_town_shadman_gor_lahore-53875506-3809-4.html"
"4 BEDROOM ATTACHED BATH KITCHEN LOUNGE DRAWING STORE POWDER ROOM SERVANT ROOM FOR MORE DETAILS CONTACT US PLEASE","2026-03-08T19:59:40.000Z","https://media.zameen.com/thumbnails/223796381-120x90.webp","NATIONWIDE ESTATE","Built in year: 2025 | View: GOOD | Parking Spaces: 4 | Double Glazed Windows: Yes | Central Air Conditioning: Yes | Central Heating: Yes | Flooring: Tiles | Electricity Backup: Solar | Waste Disposal: Yes | Other Main Features: Yes | Furnished: Yes | Bedrooms: 5 | Bathrooms: 6 | Servant Quarters | Drawing Room: Yes | Dining Room: Yes | Kitchens: 2 | Study Room: Yes | Prayer Room: Yes | Powder Room : Yes | Gym: Yes | Store Rooms | Steam Room: Yes | Lounge or Sitting Room: Yes | Laundry Room: Yes | Other Rooms: Yes | Broadband Internet Access: Yes | Satellite or Cable TV Ready: Yes | Intercom: Yes | Other Business and Communication Facilities: Yes | Community Lawn or Garden: Yes | Community Swimming Pool: Yes | Community Gym: Yes | First Aid or Medical Centre: Yes | Day Care Centre: Yes | Kids Play Area: Yes | Barbeque Area: Yes | Mosque: Yes | Community Centre: Yes | Other Community Facilities: Yes | Sauna: Yes | Jacuzzi: Yes | Other Healthcare and Recreation Facilities: Yes | Nearby Schools: Yes | Nearby Hospitals: Yes | Nearby Shopping Malls: Yes | Nearby Restaurants: Yes | Distance From Airport (kms): 5KM | Nearby Public Transport Service: Yes | Other Nearby Places: Yes | Maintenance Staff: Yes | Security Staff: Yes | Facilities for Disabled: Yes | Other Facilities: Yes","12","marla","5","4","Lahore","M. Khubaib","PKR","53427323","31.536408","Askari, Askari 10","74.416037","+923001554536","https://media.zameen.com/thumbnails/290183452-800x600.webp","https://media.zameen.com/thumbnails/290183453-800x600.webp","https://media.zameen.com/thumbnails/290183454-800x600.webp","https://media.zameen.com/thumbnails/290183455-800x600.webp","https://media.zameen.com/thumbnails/290183456-800x600.webp","https://media.zameen.com/thumbnails/290183457-800x600.webp","https://media.zameen.com/thumbnails/290183458-800x600.webp","https://media.zameen.com/thumbnails/290183459-800x600.webp","https://media.zameen.com/thumbnails/290183460-800x600.webp","https://media.zameen.com/thumbnails/290183461-800x600.webp","https://media.zameen.com/thumbnails/290183462-800x600.webp","https://media.zameen.com/thumbnails/290183463-800x600.webp",,,,,,,,,,,,,,,,,,,,,,,,,,,,,,,,,,,,,,,"145000","flat","rent","zameen.com","12 MARLA 4 BEDROOM APARTMENT AVAILABLE FOR RENT","https://www.zameen.com/Property/askari_askari_10_12_marla_4_bedroom_apartment_available_for_rent-53427323-1011-4.html"
"Looking for a comfortable and secure place to rent in Lahore? Bahria Town Lahore offers beautifully designed houses and modern apartments available for rent in a well-planned, gated community. With wide carpeted roads, 24/7 security, uninterrupted utilities, parks, schools, hospitals, and commercial areas, Bahria Town ensures a premium lifestyle for families and professionals alike. Houses for Rent 5 Marla, 8 Marla, 10 Marla & 1 Kanal Houses Brand New & Slightly Used Options 36 Bedrooms with Attached Baths Spacious TV Lounge & Drawing Room Modern Kitchen & Stylish Interiors Servant Quarter (in bigger houses) Near Parks, Mosques & Commercial Areas Apartments for Rent 1 Bed, 2 Bed & 3 Bed Luxury Apartments Fully Furnished & Semi-Furnished Options Ideal for Families & Working Professionals Secure Building with Lift & Parking Prime Locations (Sector C, D, E & Talwar Chowk Area) Why Choose Bahria Town? Gated Community with 24/7 Security Load Shedding Free Environment Schools, Hospitals & Shopping Malls Parks, Eiffel Tower & Recreational Spots Easy Access to Canal Road & Multan Road Reasonable rental options available according to your budget. Contact now for further details, visits, and best deals in Bahria Town Lahore.","2026-03-08T18:33:26.000Z",,,"Built in year: 2028 | View: Facing Park | Parking Spaces | Double Glazed Windows: Yes | Central Air Conditioning: Yes | Central Heating: Yes | Flooring: Tiles | Electricity Backup: Other | Waste Disposal: Yes | Elevators | Service Elevators in Building: Yes | Other Main Features: yes  | Furnished: Yes | Bedrooms | Bathrooms: 1 | Servant Quarters: 1 | Drawing Room: Yes | Dining Room: Yes | Kitchens | Study Room: Yes | Prayer Room: Yes | Powder Room : Yes | Gym: Yes | Store Rooms: 1 | Steam Room: Yes | Lounge or Sitting Room: Yes | Laundry Room: Yes | Other Rooms: Yes | Broadband Internet Access: Yes | Satellite or Cable TV Ready: Yes | Business Center or Media Room in Building: Yes | Conference Room in Building: Yes | Intercom: Yes | ATM Machines: Yes | Other Business and Communication Facilities: Yes | Community Lawn or Garden: Yes | Community Swimming Pool: Yes | Community Gym: Yes | First Aid or Medical Centre: Yes | Day Care Centre: Yes | Kids Play Area: Yes | Barbeque Area: Yes | Mosque: Yes | Community Centre: Yes | Other Community Facilities: Yes | Sauna: Yes | Jacuzzi: Yes | Other Healthcare and Recreation Facilities: Yes | Nearby Schools: LGS | Nearby Hospitals: Yes | Nearby Shopping Malls: Dolmen Mall | Nearby Restaurants: Karak Khel | Distance From Airport (kms): 8 kms | Nearby Public Transport Service: Yes | Other Nearby Places: Yes | Maintenance Staff: Yes | Security Staff: Yes | Facilities for Disabled: Yes | Other Facilities: Yes","400","sqft","1","0","Lahore","Sanwal Khan","PKR","53848382","31.364887","Bahria Town, Bahria Town - Sector E","74.186554","+923179562706","https://media.zameen.com/thumbnails/294534389-800x600.webp","https://media.zameen.com/thumbnails/294534380-800x600.webp","https://media.zameen.com/thumbnails/294534381-800x600.webp","https://media.zameen.com/thumbnails/294534382-800x600.webp","https://media.zameen.com/thumbnails/294534383-800x600.webp","https://media.zameen.com/thumbnails/294534384-800x600.webp","https://media.zameen.com/thumbnails/294534385-800x600.webp","https://media.zameen.com/thumbnails/294534386-800x600.webp","https://media.zameen.com/thumbnails/294534387-800x600.webp","https://media.zameen.com/thumbnails/294534388-800x600.webp","https://media.zameen.com/thumbnails/294534390-800x600.webp","https://media.zameen.com/thumbnails/294539128-800x600.webp","https://media.zameen.com/thumbnails/294539129-800x600.webp","https://media.zameen.com/thumbnails/294539130-800x600.webp","https://media.zameen.com/thumbnails/294539131-800x600.webp","https://media.zameen.com/thumbnails/294539132-800x600.webp","https://media.zameen.com/thumbnails/294539133-800x600.webp",,,,,,,,,,,,,,,,,,,,,,,,,,,,,,,,,,"38000","flat","rent","zameen.com","Studio Furnished Apartment Available For Rent In Sector E Bahria Town Lahore","https://www.zameen.com/Property/bahria_town_bahria_town_-_sector_e_studio_furnished_apartment_available_for_rent_in_sector_e_bahria_town_lahore-53848382-1802-4.html"
"Looking to building a home in this city in the near future? Surely, there is no better location than Garden Town. We bet you can't find a bargain at Rs. 110000 elsewhere. Check out our list for all the available Flat in the city. Live your dream life in Garden Town. Looking for a property to rent? The Flat comes fully-furnished. If you're looking for 1680 Square Feet property, we have what you need! Property details are listed as follows. A family that dines together, stays together! With this new home, you can personalise your dining room just the way your family likes. You can set your washing machine and laundry products conveniently in the laundry room of the Flat. Only for families. The property's spacious drawing room is perfect for families who entertain guests frequently. You can hang out in the lounge area with your friends and enjoy watching TV. Contact us via the given numbers to find your dream home. we have more options of different reauerments so you feel easy contact with us thank you.","2026-03-08T18:10:34.000Z","https://media.zameen.com/thumbnails/123683346-120x90.webp","Five Star Real Estate","Built in year: 2026 | View: good | Parking Spaces: 1 | Flooring: Tiles | Floor: 1 | Bedrooms: 3 | Bathrooms: 5 | Servant Quarters: 1 | Drawing Room: Yes | Dining Room: Yes | Kitchens: 1 | Study Room: Yes | Powder Room : Yes | Gym: Yes | Store Rooms: 1 | Steam Room: Yes | Lounge or Sitting Room: Yes | Laundry Room: Yes | Broadband Internet Access: Yes | Community Lawn or Garden: Yes | First Aid or Medical Centre: Yes | Kids Play Area: Yes | Mosque: Yes | Nearby Schools: Yes | Nearby Hospitals: Yes | Nearby Shopping Malls: Yes | Nearby Restaurants: Yes | Distance From Airport (kms): y | Nearby Public Transport Service: Yes | Other Nearby Places: Yes | Security Staff: Yes | Other Facilities: Yes","1680","sqft","5","3","Lahore","FIVE STAR SHEHROZ","PKR","53585861","31.503922","Garden Town","74.323139","+923008865508","https://media.zameen.com/thumbnails/292136913-800x600.webp","https://media.zameen.com/thumbnails/292136914-800x600.webp","https://media.zameen.com/thumbnails/292136915-800x600.webp","https://media.zameen.com/thumbnails/292136916-800x600.webp","https://media.zameen.com/thumbnails/292136917-800x600.webp","https://media.zameen.com/thumbnails/292136918-800x600.webp",,,,,,,,,,,,,,,,,,,,,,,,,,,,,,,,,,,,,,,,,,,,,"110000","flat","rent","zameen.com","Beautifully Constructed Flat Is Available For rent In Garden Town","https://www.zameen.com/Property/lahore_garden_town_beautifully_constructed_flat_is_available_for_rent_in_garden_town-53585861-4-4.html"
"10 Marla Modern Style Brand New Condition House For Rent In Defence Raya Phase 6 - 4 bedrooms with attached baths. - Tv lounge. - Drawing room - Store room. - Powder room. - Kitchen -laundry Area. -Terrace. -Solid woodwork. -Garage. -Lawn. -Roof. For Further Details Please Contact. -Near to Family park. - "" "" Shops. - "" "" Masjid. - "" "" Commercial market. -Near to main gate. Genuine customers interested in checking this property out should get in touch immediately so as not to miss this opportunity. -It is sure to be a profitable deal for any client. -We need only serious buyers to contact us.","2026-03-08T14:38:27.000Z","https://media.zameen.com/thumbnails/20471153-120x90.webp","Estate 99","Double Glazed Windows: Yes | Central Air Conditioning: Yes | Central Heating: Yes | Flooring: Tiles | Electricity Backup: Ups | Bedrooms: 4 | Bathrooms: 4 | Servant Quarters: 1 | Drawing Room: Yes | Dining Room: Yes | Kitchens: 2 | Powder Room : Yes | Store Rooms: 1 | Steam Room: Yes | Lounge or Sitting Room: Yes | Broadband Internet Access: Yes | Satellite or Cable TV Ready: Yes | Intercom: Yes | Community Lawn or Garden: Yes | Lawn or Garden: Yes | Maintenance Staff: Yes | Security Staff: Yes","10","marla","4","4","Lahore","Usman Sakhi Khan","PKR","53915475","31.469155","DHA Defence, Defence Raya","74.470553","+923239666123","https://media.zameen.com/thumbnails/295136835-800x600.webp","https://media.zameen.com/thumbnails/295136836-800x600.webp","https://media.zameen.com/thumbnails/295136837-800x600.webp","https://media.zameen.com/thumbnails/295136838-800x600.webp","https://media.zameen.com/thumbnails/295136839-800x600.webp","https://media.zameen.com/thumbnails/295136840-800x600.webp","https://media.zameen.com/thumbnails/295136841-800x600.webp","https://media.zameen.com/thumbnails/295136842-800x600.webp",,,,,,,,,,,,,,,,,,,,,,,,,,,,,,,,,,,,,,,,,,,"195000","house","rent","zameen.com","10 Marla Modern Style Brand New House For Rent In Defence Raya.","https://www.zameen.com/Property/dha_defence_defence_raya_10_marla_modern_style_brand_new_house_for_rent_in_defence_raya-53915475-8172-4.html"
"Welcome to Al Sadiq Real Estate ,We deals in All kinds of Property in All Sector of Bahria Town lahore. A Company That Actually Understands Your Needs And Dreams. We Have 5,8,10 Marla or 1,2 Kanal Houses, Apartments and flats Available for Sale or Rent According to your need for Residential or investment Purpose for Rental Income and Sale Purpose. We Also Deals in Residential and Commercial Plots of Bahria Town Lahore. For Buying, Rental And Investment Purpose Always Contact.","2026-03-08T14:10:41.000Z","https://media.zameen.com/thumbnails/35019835-120x90.webp","Al Sadiq Real Estate & Builders","Built in year: 2025 | View: GOOD | Parking Spaces: 1 | Double Glazed Windows: Yes | Central Air Conditioning: Yes | Central Heating: Yes | Flooring: Tiles | Electricity Backup: Generator | Waste Disposal: Yes | Floors | Other Main Features: CC TV | Furnished: Yes | Bedrooms: 5 | Bathrooms: 6 | Servant Quarters: 1 | Drawing Room: Yes | Dining Room: Yes | Kitchens: 2 | Study Room: Yes | Prayer Room: Yes | Powder Room : Yes | Gym: Yes | Store Rooms: 1 | Steam Room: Yes | Lounge or Sitting Room: Yes | Laundry Room: Yes | Other Rooms: Yes | Broadband Internet Access: Yes | Satellite or Cable TV Ready: Yes | Intercom: Yes | Other Business and Communication Facilities: Yes | Community Lawn or Garden: Yes | Community Swimming Pool: Yes | Community Gym: Yes | First Aid or Medical Centre: Yes | Day Care Centre: Yes | Kids Play Area: Yes | Barbeque Area: Yes | Mosque: Yes | Community Centre: Yes | Other Community Facilities: CC TV | Lawn or Garden: Yes | Swimming Pool: Yes | Sauna: Yes | Jacuzzi: Yes | Other Healthcare and Recreation Facilities: Yes | Nearby Schools: Yes | Nearby Hospitals: Yes | Nearby Shopping Malls: Yes | Nearby Restaurants: Yes | Distance From Airport (kms): 27KM | Nearby Public Transport Service: Yes | Other Nearby Places: Yes | Maintenance Staff: Yes | Security Staff: Yes | Facilities for Disabled: Yes | Other Facilities: Yes","10","marla","6","5","Lahore","Haider Zaman","PKR","53167211","31.375843","Bahria Town, Bahria Town - Sector C, Bahria Town - Jasmine Block","74.189715","+923223939465","https://media.zameen.com/thumbnails/286923360-800x600.webp","https://media.zameen.com/thumbnails/286923322-800x600.webp","https://media.zameen.com/thumbnails/286923323-800x600.webp","https://media.zameen.com/thumbnails/286923326-800x600.webp","https://media.zameen.com/thumbnails/286923329-800x600.webp","https://media.zameen.com/thumbnails/286923332-800x600.webp","https://media.zameen.com/thumbnails/286923335-800x600.webp","https://media.zameen.com/thumbnails/286923338-800x600.webp","https://media.zameen.com/thumbnails/286923340-800x600.webp","https://media.zameen.com/thumbnails/286923344-800x600.webp","https://media.zameen.com/thumbnails/286923348-800x600.webp","https://media.zameen.com/thumbnails/286923352-800x600.webp","https://media.zameen.com/thumbnails/286923355-800x600.webp","https://media.zameen.com/thumbnails/286923357-800x600.webp","https://media.zameen.com/thumbnails/286923362-800x600.webp","https://media.zameen.com/thumbnails/286923366-800x600.webp","https://media.zameen.com/thumbnails/286923370-800x600.webp","https://media.zameen.com/thumbnails/286923374-800x600.webp","https://media.zameen.com/thumbnails/286923376-800x600.webp","https://media.zameen.com/thumbnails/286923381-800x600.webp","https://media.zameen.com/thumbnails/286923387-800x600.webp","https://media.zameen.com/thumbnails/286923392-800x600.webp","https://media.zameen.com/thumbnails/286923396-800x600.webp","https://media.zameen.com/thumbnails/286923400-800x600.webp","https://media.zameen.com/thumbnails/286923405-800x600.webp",,,,,,,,,,,,,,,,,,,,,,,,,,"130000","house","rent","zameen.com","10 MARLA LIKE BRAND NEW HOUSE FOR RENT IN JASMINE BLOCK BAHRIA TOWN LAHORE","https://www.zameen.com/Property/bahria_town_sector_c_bahria_town_-_jasmine_block_10_marla_like_brand_new_house_for_rent_in_jasmine_block_bahria_town_lahore-53167211-1786-4.html"
"One Of The Best Living Area In Lahore 4 Bed Rooms With Attach Washrooms 1 Kitchen 1 Store Room 1 Servant Quarter 1 T. V Lounge 1 Drawing Room 1 Dining Room Washing Area Beautiful Location In Askari Flats For More Details Please Contact Us. [redacted phone number]","2026-03-08T09:14:12.000Z","https://media.zameen.com/thumbnails/20475282-120x90.webp","Ali Umer Associates","Built in year: 2020 | View: Margallah | Parking Spaces: 1 | Lobby in Building: Yes | Double Glazed Windows: Yes | Central Air Conditioning: Yes | Central Heating: Yes | Flooring: Tiles | Electricity Backup: Ups | Waste Disposal: Yes | Floor: 5 | Floors in Building: 10 | Elevators: 2 | Service Elevators in Building: Yes | Other Main Features: 1 | Furnished: Yes | Bedrooms: 3 | Bathrooms: 3 | Servant Quarters: 1 | Drawing Room: Yes | Dining Room: Yes | Kitchens: 1 | Study Room: Yes | Prayer Room: Yes | Powder Room : Yes | Gym: Yes | Store Rooms: 1 | Steam Room: Yes | Lounge or Sitting Room: Yes | Laundry Room: Yes | Other Rooms: 1 | Broadband Internet Access: Yes | Satellite or Cable TV Ready: Yes | Business Center or Media Room in Building: Yes | Conference Room in Building: Yes | Intercom: Yes | ATM Machines: Yes | Other Business and Communication Facilities: 1 | Community Lawn or Garden: Yes | Community Swimming Pool: Yes | Community Gym: Yes | First Aid or Medical Centre: Yes | Day Care Centre: Yes | Kids Play Area: Yes | Barbeque Area: Yes | Mosque: Yes | Community Centre: Yes | Other Community Facilities: Yes | Sauna: Yes | Jacuzzi: Yes | Other Healthcare and Recreation Facilities: 1 | Nearby Schools: APS | Nearby Hospitals: Yes | Nearby Shopping Malls: Yes | Nearby Restaurants: Yes | Distance From Airport (kms): 5km | Nearby Public Transport Service: Yes | Other Nearby Places: Yes | Maintenance Staff: Yes | Security Staff: Yes | Laundry or Dry Cleaning Facility: Yes | Communal/Shared Kitchen: Yes | Facilities for Disabled: Yes | Pet Policy: Not Allowed | Other Facilities: Yes","12","marla","5","4","Lahore","Ali Sher","PKR","20370036","31.460187","Askari, Askari 11","74.432459","+923214647371","https://media.zameen.com/thumbnails/257722903-800x600.webp","https://media.zameen.com/thumbnails/257722900-800x600.webp","https://media.zameen.com/thumbnails/257722904-800x600.webp","https://media.zameen.com/thumbnails/257722909-800x600.webp","https://media.zameen.com/thumbnails/257722911-800x600.webp","https://media.zameen.com/thumbnails/257722913-800x600.webp","https://media.zameen.com/thumbnails/257722915-800x600.webp","https://media.zameen.com/thumbnails/257722917-800x600.webp","https://media.zameen.com/thumbnails/257722923-800x600.webp","https://media.zameen.com/thumbnails/257722926-800x600.webp","https://media.zameen.com/thumbnails/257722928-800x600.webp","https://media.zameen.com/thumbnails/257722934-800x600.webp","https://media.zameen.com/thumbnails/257722935-800x600.webp","https://media.zameen.com/thumbnails/257722940-800x600.webp","https://media.zameen.com/thumbnails/257722944-800x600.webp","https://media.zameen.com/thumbnails/257722950-800x600.webp","https://media.zameen.com/thumbnails/257722952-800x600.webp","https://media.zameen.com/thumbnails/257722955-800x600.webp","https://media.zameen.com/thumbnails/257722959-800x600.webp","https://media.zameen.com/thumbnails/257722962-800x600.webp","https://media.zameen.com/thumbnails/257722964-800x600.webp","https://media.zameen.com/thumbnails/257722967-800x600.webp","https://media.zameen.com/thumbnails/257722968-800x600.webp","https://media.zameen.com/thumbnails/257722971-800x600.webp","https://media.zameen.com/thumbnails/257722974-800x600.webp","https://media.zameen.com/thumbnails/257722977-800x600.webp","https://media.zameen.com/thumbnails/257722978-800x600.webp","https://media.zameen.com/thumbnails/257722981-800x600.webp","https://media.zameen.com/thumbnails/257722984-800x600.webp","https://media.zameen.com/thumbnails/257722985-800x600.webp","https://media.zameen.com/thumbnails/257722989-800x600.webp",,,,,,,,,,,,,,,,,,,,"150000","flat","rent","zameen.com","4 Bed Brand New Flat For Rent Askari 11 Lahore","https://www.zameen.com/Property/askari_askari_11_4_bed_brand_new_flat_for_rent_askari_11_lahore-20370036-1503-4.html"
"1 Bedroom Furnished Apartment Available For Rent Bahria Town Lahore Near To Masjid And Market And Park","2026-03-08T07:49:27.000Z","https://media.zameen.com/thumbnails/273118316-120x90.webp","Alpine Properties","Built in year: 2025 | View: yes  | Parking Spaces: 1 | Lobby in Building: Yes | Double Glazed Windows: Yes | Central Air Conditioning: Yes | Central Heating: Yes | Flooring: Tiles | Electricity Backup: Generator | Waste Disposal: Yes | Floor: 2 | Floors in Building: 5 | Elevators: 1 | Service Elevators in Building: Yes | Other Main Features: yes  | Furnished: Yes | Bedrooms: 1 | Bathrooms: 1 | Drawing Room: Yes | Dining Room: Yes | Kitchens: 1 | Study Room: Yes | Prayer Room: Yes | Powder Room : Yes | Gym: Yes | Steam Room: Yes | Lounge or Sitting Room: Yes | Laundry Room: Yes | Broadband Internet Access: Yes | Satellite or Cable TV Ready: Yes | Business Center or Media Room in Building: Yes | Conference Room in Building: Yes | Intercom: Yes | ATM Machines: Yes | Other Business and Communication Facilities: yes  | Community Lawn or Garden: Yes | Community Swimming Pool: Yes | Community Gym: Yes | First Aid or Medical Centre: Yes | Day Care Centre: Yes | Kids Play Area: Yes | Barbeque Area: Yes | Mosque: Yes | Community Centre: Yes | Other Community Facilities: yes  | Jacuzzi: Yes | Other Healthcare and Recreation Facilities: yes  | Nearby Schools: yes  | Nearby Hospitals: yes  | Nearby Shopping Malls: yes  | Nearby Restaurants: yes  | Distance From Airport (kms): 25 | Nearby Public Transport Service: yes  | Other Nearby Places: yes  | Maintenance Staff: Yes | Security Staff: Yes | Laundry or Dry Cleaning Facility: Yes | Communal/Shared Kitchen: Yes | Facilities for Disabled: Yes | Pet Policy: Allowed | Other Facilities: yes","500","sqft","1","1","Lahore","Aqib Kamboh","PKR","53864214","31.374414","Bahria Town, Bahria Town - Sector D","74.177749","+923209479750","https://media.zameen.com/thumbnails/294682173-800x600.webp","https://media.zameen.com/thumbnails/294682170-800x600.webp","https://media.zameen.com/thumbnails/294682171-800x600.webp","https://media.zameen.com/thumbnails/294682172-800x600.webp","https://media.zameen.com/thumbnails/294682174-800x600.webp","https://media.zameen.com/thumbnails/294682175-800x600.webp","https://media.zameen.com/thumbnails/294682176-800x600.webp","https://media.zameen.com/thumbnails/294682177-800x600.webp","https://media.zameen.com/thumbnails/294682178-800x600.webp","https://media.zameen.com/thumbnails/294682179-800x600.webp",,,,,,,,,,,,,,,,,,,,,,,,,,,,,,,,,,,,,,,,,"40000","flat","rent","zameen.com","1 Bedroom Furnished Apartment Available For Rent AA Block Bahria Town Lahore","https://www.zameen.com/Property/bahria_town_bahria_town_-_sector_d_1_bedroom_furnished_apartment_available_for_rent_aa_block_bahria_town_lahore-53864214-1796-4.html"
"Remax Real Estate and Builders Is the Name of Trust in Dynamic Real Estate Market for Its Valued Clients Base from Last 15 Years. We Are Offering You Secure Investment Opportunities In LDA Housing Societies And Projects According To Your Return On Investment Needs. We Have Professionals Realtors Team Who Are Committed To Provide Excellent Real Estate Services And Consultancy In Approved Housing Societies Across Pakistan. For Investment Selling and Buying of Residential and Commercial Plots in Bahria Town and Bahria Orchard Lahore.","2026-03-08T07:25:38.000Z","https://media.zameen.com/thumbnails/274610948-120x90.webp","Remax Estate & Builders","Built in year: 2026 | View: good | Parking Spaces | Lobby in Building: Yes | Double Glazed Windows: Yes | Central Air Conditioning: Yes | Central Heating: Yes | Flooring: Tiles | Electricity Backup: Generator | Waste Disposal: Yes | Floor: 4 | Floors in Building: 5 | Elevators | Service Elevators in Building: Yes | Other Main Features: available | Furnished: Yes | Bedrooms: 1 | Bathrooms: 1 | Servant Quarters | Drawing Room: Yes | Dining Room: Yes | Kitchens: 1 | Study Room: Yes | Prayer Room: Yes | Powder Room : Yes | Gym: Yes | Store Rooms | Steam Room: Yes | Lounge or Sitting Room: Yes | Laundry Room: Yes | Other Rooms: n/a | Broadband Internet Access: Yes | Satellite or Cable TV Ready: Yes | Business Center or Media Room in Building: Yes | Conference Room in Building: Yes | Intercom: Yes | ATM Machines: Yes | Other Business and Communication Facilities: available | Community Lawn or Garden: Yes | Community Swimming Pool: Yes | Community Gym: Yes | First Aid or Medical Centre: Yes | Day Care Centre: Yes | Kids Play Area: Yes | Barbeque Area: Yes | Mosque: Yes | Community Centre: Yes | Other Community Facilities: available | Sauna: Yes | Jacuzzi: Yes | Other Healthcare and Recreation Facilities: yes  | Nearby Schools: yes  | Nearby Hospitals: yes  | Nearby Shopping Malls: yes  | Nearby Restaurants: yes  | Nearby Public Transport Service: yes  | Other Nearby Places: yes  | Maintenance Staff: Yes | Security Staff: Yes | Facilities for Disabled: Yes | Other Facilities: yes","550","sqft","1","1","Lahore","Muhammad wahab","PKR","53794002","31.355909","Bahria Town, Bahria Town - Sector E, Bahria Town - Quaid Block","74.181014","+923214443733","https://media.zameen.com/thumbnails/294025246-800x600.webp","https://media.zameen.com/thumbnails/294025247-800x600.webp","https://media.zameen.com/thumbnails/294025248-800x600.webp","https://media.zameen.com/thumbnails/294025249-800x600.webp","https://media.zameen.com/thumbnails/294025250-800x600.webp","https://media.zameen.com/thumbnails/294025251-800x600.webp",,,,,,,,,,,,,,,,,,,,,,,,,,,,,,,,,,,,,,,,,,,,,"55000","flat","rent","zameen.com","One Bed Luxury Apartment Available For Rent In Quaid Block Bahria Town Lahore","https://www.zameen.com/Property/bahria_town_sector_e_bahria_town_-_quaid_block_one_bed_luxury_apartment_available_for_rent_in_quaid_block_bahria_town_lahore-53794002-1808-4.html"
"5 MARLA ELEGANT AND FULLY MAINTAINED SUPER HOT LOCATED BUNGALOW IS AVAILABLE IN THE BEST BLOCK OF DHA LAHORE. About The Property: 03 Master Size Bed Rooms With Attached Bath All Baths Are Equipped With Imported Fittings Kitchen With Amazing Wood Work Spacious TV Lounge Store Room Prayer Room Amazing Wood Work In Bungalow The House Is Located Near the Park/Mosque Near By Commercial Area Complete Wiring Of UPS And Generator Done In The House Solid Steel Work Used For Outside Main Gate Complete Marble/Tiled/Wooden Flooring All The Construction Near And Adjacent To House Is New The Washing Area Is Elegantly Managed At The Back Side Of the House Good Sizes Of Washrooms With Large Wardrobes In It. Superb Elevation Main Hospitals Are So Nearby That Hardly Just 5 Minutes Away Exclusive Views From The Terrace. Spacious Terrace Where One Can Easily Have a Good Walk All The Basic Necessities Of Life Are Available. All The Basic Utilities Are Available Including Connections Of Water/Sewage/Gas And Electricity. Please Feel Free To Contact Us.","2026-03-08T06:13:12.000Z","https://media.zameen.com/thumbnails/20474605-120x90.webp","Property House","View: EXCELLENT | Parking Spaces | Double Glazed Windows: Yes | Central Air Conditioning: Yes | Central Heating: Yes | Flooring: Tiles | Electricity Backup: Ups | Waste Disposal: Yes | Floors: 2 | Other Main Features: Hot Location | Furnished: Yes | Bedrooms: 10 | Bathrooms: 10 | Servant Quarters: 1 | Drawing Room: Yes | Dining Room: Yes | Kitchens: 2 | Study Room: Yes | Prayer Room: Yes | Powder Room : Yes | Store Rooms: 1 | Lounge or Sitting Room: Yes | Laundry Room: Yes | Broadband Internet Access: Yes | Satellite or Cable TV Ready: Yes | Intercom: Yes | Community Lawn or Garden: Yes | Mosque: Yes | Lawn or Garden: Yes","5","marla","4","3","Lahore","Murtaza","PKR","53871787","31.44082","DHA Defence, DHA 9 Town","74.438589","+923225441356","https://media.zameen.com/thumbnails/294747741-800x600.webp","https://media.zameen.com/thumbnails/294747742-800x600.webp","https://media.zameen.com/thumbnails/294747743-800x600.webp","https://media.zameen.com/thumbnails/294747744-800x600.webp","https://media.zameen.com/thumbnails/294747745-800x600.webp","https://media.zameen.com/thumbnails/294747746-800x600.webp","https://media.zameen.com/thumbnails/294747747-800x600.webp","https://media.zameen.com/thumbnails/294747748-800x600.webp","https://media.zameen.com/thumbnails/294747749-800x600.webp","https://media.zameen.com/thumbnails/294747750-800x600.webp","https://media.zameen.com/thumbnails/294747751-800x600.webp","https://media.zameen.com/thumbnails/294747752-800x600.webp","https://media.zameen.com/thumbnails/294747753-800x600.webp","https://media.zameen.com/thumbnails/294747754-800x600.webp","https://media.zameen.com/thumbnails/294747755-800x600.webp","https://media.zameen.com/thumbnails/294747756-800x600.webp","https://media.zameen.com/thumbnails/294747757-800x600.webp","https://media.zameen.com/thumbnails/294747758-800x600.webp","https://media.zameen.com/thumbnails/294747759-800x600.webp","https://media.zameen.com/thumbnails/294747760-800x600.webp","https://media.zameen.com/thumbnails/294747761-800x600.webp","https://media.zameen.com/thumbnails/294747762-800x600.webp","https://media.zameen.com/thumbnails/294747763-800x600.webp","https://media.zameen.com/thumbnails/294747764-800x600.webp","https://media.zameen.com/thumbnails/294747765-800x600.webp","https://media.zameen.com/thumbnails/294747766-800x600.webp","https://media.zameen.com/thumbnails/294747767-800x600.webp","https://media.zameen.com/thumbnails/294747768-800x600.webp","https://media.zameen.com/thumbnails/294747769-800x600.webp","https://media.zameen.com/thumbnails/294747770-800x600.webp","https://media.zameen.com/thumbnails/294747771-800x600.webp","https://media.zameen.com/thumbnails/294747772-800x600.webp","https://media.zameen.com/thumbnails/294747773-800x600.webp","https://media.zameen.com/thumbnails/294747774-800x600.webp",,,,,,,,,,,,,,,,,"105000","house","rent","zameen.com","5 MARLA ELEGANT AND FULLY MAINTAINED SUPER HOT LOCATED BUNGALOW IS AVAILABLE IN THE BEST BLOCK OF DHA LAHORE","https://www.zameen.com/Property/dha_defence_dha_9_town_5_marla_elegant_and_fully_maintained_super_hot_located_bungalow_is_available_in_the_best_block_of_dha_lahore-53871787-1452-4.html"
"D H A Lahore 2 kanal Owner Build design house with 100% original pics available for Rent this house have 5 Master bedrooms with attached bathrooms shower cabin Jacuzzi TUB imported fitting 2 T v lounge 3 company Aran kitchen 1 Drawing Room dining Room 6 huge car parking 2 lush green lawn 2 Servant Quarter imported Tails and Wooden floor Near to Mosque shopping Malls Branded store food court Reasonable Rent and All info about this house and more others options and all details . Mian Jee Real Estate Builders Contact","2026-03-07T22:30:35.000Z","https://media.zameen.com/thumbnails/170947222-120x90.webp","Mian Jee Real Estate & Builders","Built in year: 2023 | View: Yes | Parking Spaces | Double Glazed Windows: Yes | Central Air Conditioning: Yes | Central Heating: Yes | Flooring: Tiles | Electricity Backup: Ups | Waste Disposal: Yes | Floors: 2 | Other Main Features: Yes | Furnished: Yes | Bedrooms: 5 | Bathrooms: 5 | Servant Quarters: 2 | Drawing Room: Yes | Dining Room: Yes | Kitchens: 2 | Study Room: Yes | Prayer Room: Yes | Powder Room : Yes | Gym: Yes | Store Rooms | Steam Room: Yes | Lounge or Sitting Room: Yes | Laundry Room: Yes | Other Rooms: Yes | Broadband Internet Access: Yes | Satellite or Cable TV Ready: Yes | Intercom: Yes | Other Business and Communication Facilities: Yes | Community Lawn or Garden: Yes | Community Swimming Pool: Yes | Community Gym: Yes | First Aid or Medical Centre: Yes | Day Care Centre: Yes | Kids Play Area: Yes | Barbeque Area: Yes | Mosque: Yes | Community Centre: Yes | Other Community Facilities: Yes | Lawn or Garden: Yes | Swimming Pool: Yes | Sauna: Yes | Jacuzzi: Yes | Other Healthcare and Recreation Facilities: Yes | Nearby Schools: Yes | Nearby Hospitals: Yes | Nearby Shopping Malls: Yes | Nearby Restaurants: Yes | Distance From Airport (kms): 5 KM | Nearby Public Transport Service: Yes | Other Nearby Places: Yes | Maintenance Staff: Yes | Security Staff: Yes | Facilities for Disabled: Yes | Other Facilities: Yes","2","kanal","5","5","Lahore","Mian Abdul Jabbar","PKR","51015988","31.483283","DHA Defence, DHA Phase 1","74.395723","+923000408130","https://media.zameen.com/thumbnails/272978933-800x600.webp","https://media.zameen.com/thumbnails/272978934-800x600.webp","https://media.zameen.com/thumbnails/272978935-800x600.webp","https://media.zameen.com/thumbnails/272978936-800x600.webp","https://media.zameen.com/thumbnails/272978937-800x600.webp","https://media.zameen.com/thumbnails/272978938-800x600.webp","https://media.zameen.com/thumbnails/272978939-800x600.webp","https://media.zameen.com/thumbnails/272978940-800x600.webp","https://media.zameen.com/thumbnails/272978941-800x600.webp","https://media.zameen.com/thumbnails/272978942-800x600.webp","https://media.zameen.com/thumbnails/272978943-800x600.webp","https://media.zameen.com/thumbnails/272978944-800x600.webp","https://media.zameen.com/thumbnails/272978945-800x600.webp","https://media.zameen.com/thumbnails/272978946-800x600.webp","https://media.zameen.com/thumbnails/272978947-800x600.webp","https://media.zameen.com/thumbnails/272978948-800x600.webp","https://media.zameen.com/thumbnails/272978949-800x600.webp","https://media.zameen.com/thumbnails/272978950-800x600.webp","https://media.zameen.com/thumbnails/272978951-800x600.webp","https://media.zameen.com/thumbnails/272978952-800x600.webp","https://media.zameen.com/thumbnails/272978953-800x600.webp","https://media.zameen.com/thumbnails/272978954-800x600.webp","https://media.zameen.com/thumbnails/272978955-800x600.webp","https://media.zameen.com/thumbnails/272978956-800x600.webp","https://media.zameen.com/thumbnails/272978958-800x600.webp","https://media.zameen.com/thumbnails/272978959-800x600.webp","https://media.zameen.com/thumbnails/272978960-800x600.webp","https://media.zameen.com/thumbnails/272978961-800x600.webp","https://media.zameen.com/thumbnails/272978962-800x600.webp","https://media.zameen.com/thumbnails/272978963-800x600.webp","https://media.zameen.com/thumbnails/272978964-800x600.webp","https://media.zameen.com/thumbnails/272978965-800x600.webp","https://media.zameen.com/thumbnails/272978966-800x600.webp","https://media.zameen.com/thumbnails/272978967-800x600.webp","https://media.zameen.com/thumbnails/272978968-800x600.webp","https://media.zameen.com/thumbnails/272978969-800x600.webp",,,,,,,,,,,,,,,"500000","house","rent","zameen.com","2 Kanal Owner Build Design House With 100% Original Pictures Available For Rent D H A Lahore","https://www.zameen.com/Property/dha_defence_dha_phase_1_2_kanal_owner_build_design_house_with_100_original_pictures_available_for_rent_d_h_a_lahore-51015988-1442-4.html"
"D H A Lahore 2 Kanal Mazher Munir Design House Full Basement And Swimming Pool With 100% Original Pics Available For Rent This House Have 6 Master Bedrooms With Attached Bathrooms Shower Cabin Jacuzzi TUB Imported Fitting 3 T V Lounge 3 Company Aran Kitchen 1 Drawing Room Dining Room 6 Huge Car Parking 1 Lush Green Lawn 12 A. C Certain All Accessories Are Imported Store Room Cameras System Security Electronic Wire 2 Servant Quarter Imported Tails And Wooden Floor Near To Mosque Shopping Malls Branded Store Food Court Reasonable Rent And All Info About This House And More Others Options And All Details . Mian Jee Real Estate Builders Contact Mian Abdul Jabbar","2026-03-07T22:30:12.000Z","https://media.zameen.com/thumbnails/170947222-120x90.webp","Mian Jee Real Estate & Builders","Built in year: 2024 | View: Hot | Parking Spaces: 6 | Double Glazed Windows: Yes | Central Air Conditioning: Yes | Central Heating: Yes | Flooring: Tiles | Electricity Backup: Ups | Waste Disposal: Yes | Floors: 3 | Other Main Features: Yes | Bedrooms: 6 | Bathrooms: 7 | Servant Quarters: 2 | Drawing Room: Yes | Dining Room: Yes | Kitchens: 3 | Study Room: Yes | Prayer Room: Yes | Powder Room : Yes | Gym: Yes | Store Rooms: 1 | Steam Room: Yes | Lounge or Sitting Room: Yes | Laundry Room: Yes | Other Rooms: 1 | Broadband Internet Access: Yes | Satellite or Cable TV Ready: Yes | Intercom: Yes | Other Business and Communication Facilities: Yes | Community Lawn or Garden: Yes | Community Swimming Pool: Yes | Community Gym: Yes | First Aid or Medical Centre: Yes | Day Care Centre: Yes | Kids Play Area: Yes | Barbeque Area: Yes | Mosque: Yes | Community Centre: Yes | Other Community Facilities: Yes | Lawn or Garden: Yes | Swimming Pool: Yes | Sauna: Yes | Jacuzzi: Yes | Other Healthcare and Recreation Facilities: Yes | Nearby Schools: Yes | Nearby Hospitals: Yes | Nearby Shopping Malls: Yes | Nearby Restaurants: Yes | Distance From Airport (kms): 10 | Nearby Public Transport Service: Yes | Other Nearby Places: Yes | Maintenance Staff: Yes | Security Staff: Yes | Facilities for Disabled: Yes | Other Facilities: yes","2","kanal","7","6","Lahore","Mian Abdul Jabbar","PKR","51138322","31.462493","DHA Defence, DHA Phase 5","74.409342","+923004038130","https://media.zameen.com/thumbnails/271810300-800x600.webp","https://media.zameen.com/thumbnails/271810301-800x600.webp","https://media.zameen.com/thumbnails/271810302-800x600.webp","https://media.zameen.com/thumbnails/271810303-800x600.webp","https://media.zameen.com/thumbnails/271810304-800x600.webp","https://media.zameen.com/thumbnails/271810305-800x600.webp","https://media.zameen.com/thumbnails/271810306-800x600.webp","https://media.zameen.com/thumbnails/271810307-800x600.webp","https://media.zameen.com/thumbnails/271810308-800x600.webp","https://media.zameen.com/thumbnails/271810309-800x600.webp","https://media.zameen.com/thumbnails/271810310-800x600.webp","https://media.zameen.com/thumbnails/271810311-800x600.webp","https://media.zameen.com/thumbnails/271810312-800x600.webp","https://media.zameen.com/thumbnails/271810313-800x600.webp","https://media.zameen.com/thumbnails/271810314-800x600.webp","https://media.zameen.com/thumbnails/271810315-800x600.webp","https://media.zameen.com/thumbnails/271810316-800x600.webp","https://media.zameen.com/thumbnails/271810317-800x600.webp","https://media.zameen.com/thumbnails/271810318-800x600.webp","https://media.zameen.com/thumbnails/271810319-800x600.webp","https://media.zameen.com/thumbnails/271810320-800x600.webp","https://media.zameen.com/thumbnails/271810321-800x600.webp","https://media.zameen.com/thumbnails/271810322-800x600.webp","https://media.zameen.com/thumbnails/271810323-800x600.webp","https://media.zameen.com/thumbnails/271810324-800x600.webp","https://media.zameen.com/thumbnails/271810325-800x600.webp","https://media.zameen.com/thumbnails/271810326-800x600.webp","https://media.zameen.com/thumbnails/271810327-800x600.webp",,,,,,,,,,,,,,,,,,,,,,,"1150000","house","rent","zameen.com","D H A Lahore 2 Kanal Mazher Munir Design House Full Basement And Swimming With 100% Original Pics Available For Rent","https://www.zameen.com/Property/dha_defence_dha_phase_5_d_h_a_lahore_2_kanal_mazher_munir_design_house_full_basement_and_swimming_with_100_original_pics_available_for_rent-51138322-1447-4.html"
"Property Highlights: Bedrooms: 6 spacious, fully furnished bedrooms with elegant decor Living Areas: Tastefully decorated living and dining rooms, perfect for hosting Kitchen: Modern, fully equipped kitchen with top-of-the-line appliances Bathrooms: Stylishly designed bathrooms with premium fittings Parking: Secure parking for multiple vehicles Technology: High-speed internet, cable TV, and advanced security systems Climate Control: Air conditioning and heating throughout the property Additional Features: Quality furniture and fittings Ready to move in with all essentials provided Housekeeping services available upon request Location Advantages: Close to prestigious schools, shopping centers, and recreational parks Easy access to public transportation and major highways Located in a safe and peaceful neighborhood Contact Us: For further details or to arrange a viewing, please contact On Given number.","2026-03-07T22:29:23.000Z","https://media.zameen.com/thumbnails/170947222-120x90.webp","Mian Jee Real Estate & Builders","Built in year: 2025 | View: Yes | Parking Spaces | Double Glazed Windows: Yes | Central Air Conditioning: Yes | Central Heating: Yes | Flooring: Tiles | Electricity Backup: Ups | Waste Disposal: Yes | Floors: 2 | Other Main Features: Yes | Furnished: Yes | Bedrooms: 6 | Bathrooms: 6 | Servant Quarters: 2 | Drawing Room: Yes | Dining Room: Yes | Kitchens: 2 | Study Room: Yes | Prayer Room: Yes | Powder Room : Yes | Gym: Yes | Store Rooms | Steam Room: Yes | Lounge or Sitting Room: Yes | Laundry Room: Yes | Other Rooms: Yes | Broadband Internet Access: Yes | Satellite or Cable TV Ready: Yes | Intercom: Yes | Other Business and Communication Facilities: Yes | Community Lawn or Garden: Yes | Community Swimming Pool: Yes | Community Gym: Yes | First Aid or Medical Centre: Yes | Day Care Centre: Yes | Kids Play Area: Yes | Barbeque Area: Yes | Mosque: Yes | Community Centre: Yes | Other Community Facilities: Yes | Lawn or Garden: Yes | Swimming Pool: Yes | Sauna: Yes | Jacuzzi: Yes | Other Healthcare and Recreation Facilities: Yes | Nearby Schools: Yes | Nearby Hospitals: Yes | Nearby Shopping Malls: Yes | Nearby Restaurants: Yes | Distance From Airport (kms): Yes | Nearby Public Transport Service: Yes | Other Nearby Places: Yes | Maintenance Staff: Yes | Security Staff: Yes | Facilities for Disabled: Yes | Other Facilities: Yes","4","kanal","6","6","Lahore","Mian Abdul Jabbar","PKR","50784404","31.494408","DHA Defence, DHA Phase 8","74.437666","+923000408130","https://media.zameen.com/thumbnails/272979139-800x600.webp","https://media.zameen.com/thumbnails/272979140-800x600.webp","https://media.zameen.com/thumbnails/272979141-800x600.webp","https://media.zameen.com/thumbnails/272979142-800x600.webp","https://media.zameen.com/thumbnails/272979143-800x600.webp","https://media.zameen.com/thumbnails/272979144-800x600.webp","https://media.zameen.com/thumbnails/272979145-800x600.webp","https://media.zameen.com/thumbnails/272979146-800x600.webp","https://media.zameen.com/thumbnails/272979147-800x600.webp","https://media.zameen.com/thumbnails/272979148-800x600.webp","https://media.zameen.com/thumbnails/272979149-800x600.webp","https://media.zameen.com/thumbnails/272979150-800x600.webp","https://media.zameen.com/thumbnails/272979151-800x600.webp","https://media.zameen.com/thumbnails/272979152-800x600.webp","https://media.zameen.com/thumbnails/272979153-800x600.webp","https://media.zameen.com/thumbnails/272979154-800x600.webp","https://media.zameen.com/thumbnails/272979155-800x600.webp","https://media.zameen.com/thumbnails/272979156-800x600.webp","https://media.zameen.com/thumbnails/272979157-800x600.webp","https://media.zameen.com/thumbnails/272979158-800x600.webp","https://media.zameen.com/thumbnails/272979159-800x600.webp","https://media.zameen.com/thumbnails/272979160-800x600.webp","https://media.zameen.com/thumbnails/272979162-800x600.webp","https://media.zameen.com/thumbnails/272979163-800x600.webp","https://media.zameen.com/thumbnails/272979164-800x600.webp","https://media.zameen.com/thumbnails/272979165-800x600.webp","https://media.zameen.com/thumbnails/272979166-800x600.webp","https://media.zameen.com/thumbnails/272979167-800x600.webp","https://media.zameen.com/thumbnails/272979168-800x600.webp","https://media.zameen.com/thumbnails/272979169-800x600.webp","https://media.zameen.com/thumbnails/272979170-800x600.webp","https://media.zameen.com/thumbnails/272979171-800x600.webp","https://media.zameen.com/thumbnails/272979172-800x600.webp","https://media.zameen.com/thumbnails/272979173-800x600.webp","https://media.zameen.com/thumbnails/272979174-800x600.webp","https://media.zameen.com/thumbnails/272979175-800x600.webp","https://media.zameen.com/thumbnails/272979176-800x600.webp","https://media.zameen.com/thumbnails/272979177-800x600.webp","https://media.zameen.com/thumbnails/272979178-800x600.webp","https://media.zameen.com/thumbnails/272979179-800x600.webp","https://media.zameen.com/thumbnails/272979180-800x600.webp","https://media.zameen.com/thumbnails/272979181-800x600.webp","https://media.zameen.com/thumbnails/272979182-800x600.webp","https://media.zameen.com/thumbnails/272979183-800x600.webp",,,,,,,"1250000","house","rent","zameen.com","4 Kanal Beautifully Designed Fully Furnished House With 100% Original Pictures Available For Rent In DHA Lahore","https://www.zameen.com/Property/dha_defence_dha_phase_8_4_kanal_beautifully_designed_fully_furnished_house_with_100_original_pictures_available_for_rent_in_dha_lahore-50784404-1451-4.html"
"D H A Lahore 2 Kanal Brand New Mazher Munir Design House Fully Furnished With 100% Original Pics Available For Rent This House Have 6 Master Bedrooms With Attached Bathrooms Shower Cabin Jacuzzi TUB Imported Fitting 2 T V Lounge 3 Company Aran Kitchen 1 Drawing Room Dining Room 4 Huge Car Parking 2 Lush Green Lawn 12 A. C Certain All Accessories Are Imported Store Room Cameras System Security Electronic Wire 2 Servant Quarter Imported Tails And Wooden Floor Near To Mosque Shopping Malls Branded Store Food Court Reasonable Rent And All Info About This House And More Others Options And All Details . Mian Jee Real Estate Builders Contact Mian Abdul Jabbar","2026-03-07T22:28:33.000Z","https://media.zameen.com/thumbnails/170947222-120x90.webp","Mian Jee Real Estate & Builders","Built in year: 2024 | View: Hot | Parking Spaces: 4 | Double Glazed Windows: Yes | Central Air Conditioning: Yes | Central Heating: Yes | Flooring: Tiles | Electricity Backup: Ups | Waste Disposal: Yes | Floors: 2 | Other Main Features: Yes | Furnished: Yes | Bedrooms: 6 | Bathrooms: 7 | Servant Quarters: 2 | Drawing Room: Yes | Dining Room: Yes | Kitchens: 3 | Study Room: Yes | Prayer Room: Yes | Powder Room : Yes | Gym: Yes | Store Rooms: 1 | Steam Room: Yes | Lounge or Sitting Room: Yes | Laundry Room: Yes | Other Rooms: 1 | Broadband Internet Access: Yes | Satellite or Cable TV Ready: Yes | Intercom: Yes | Other Business and Communication Facilities: Yes | Community Lawn or Garden: Yes | Community Swimming Pool: Yes | Community Gym: Yes | First Aid or Medical Centre: Yes | Day Care Centre: Yes | Kids Play Area: Yes | Barbeque Area: Yes | Mosque: Yes | Community Centre: Yes | Other Community Facilities: Yes | Lawn or Garden: Yes | Sauna: Yes | Jacuzzi: Yes | Other Healthcare and Recreation Facilities: Yes | Nearby Schools: Yes | Nearby Hospitals: Yes | Nearby Shopping Malls: Yes | Nearby Restaurants: Yes | Distance From Airport (kms): 10 | Nearby Public Transport Service: Yes | Other Nearby Places: Yes | Maintenance Staff: Yes | Security Staff: Yes | Facilities for Disabled: Yes | Other Facilities: Yes","2","kanal","6","6","Lahore","Mian Abdul Jabbar","PKR","50434710","31.484893","DHA Defence, DHA Phase 7","74.472342","+923000408130","https://media.zameen.com/thumbnails/272979946-800x600.webp","https://media.zameen.com/thumbnails/272979947-800x600.webp","https://media.zameen.com/thumbnails/272979948-800x600.webp","https://media.zameen.com/thumbnails/272979949-800x600.webp","https://media.zameen.com/thumbnails/272979950-800x600.webp","https://media.zameen.com/thumbnails/272979951-800x600.webp","https://media.zameen.com/thumbnails/272979952-800x600.webp","https://media.zameen.com/thumbnails/272979953-800x600.webp","https://media.zameen.com/thumbnails/272979954-800x600.webp","https://media.zameen.com/thumbnails/272979955-800x600.webp","https://media.zameen.com/thumbnails/272979956-800x600.webp","https://media.zameen.com/thumbnails/272979957-800x600.webp","https://media.zameen.com/thumbnails/272979958-800x600.webp","https://media.zameen.com/thumbnails/272979959-800x600.webp","https://media.zameen.com/thumbnails/272979960-800x600.webp","https://media.zameen.com/thumbnails/272979961-800x600.webp","https://media.zameen.com/thumbnails/272979962-800x600.webp","https://media.zameen.com/thumbnails/272979963-800x600.webp","https://media.zameen.com/thumbnails/272979964-800x600.webp","https://media.zameen.com/thumbnails/272979965-800x600.webp","https://media.zameen.com/thumbnails/272979966-800x600.webp","https://media.zameen.com/thumbnails/272979967-800x600.webp","https://media.zameen.com/thumbnails/272979968-800x600.webp","https://media.zameen.com/thumbnails/272979969-800x600.webp","https://media.zameen.com/thumbnails/272979970-800x600.webp","https://media.zameen.com/thumbnails/272979971-800x600.webp","https://media.zameen.com/thumbnails/272979972-800x600.webp",,,,,,,,,,,,,,,,,,,,,,,,"650000","house","rent","zameen.com","D H A Lahore 2 Kanal Brand New Mazher Munir Design House Fully Furnished With 100% Original Pics Available For Rent","https://www.zameen.com/Property/dha_defence_dha_phase_7_d_h_a_lahore_2_kanal_brand_new_mazher_munir_design_house_fully_furnished_with_100_original_pics_available_for_rent-50434710-1450-4.html"
"D H A Lahore 2 kanal Mazher Munir design house with 100% original pics available for Rent this house have 5 Master bedrooms with attached bathrooms shower cabin Jacuzzi TUB imported fitting 2 T v lounge 3 company Aran kitchen 1 Drawing Room dining Room 6 huge car parking lush green lawn 12 A. C certain All accessories are imported store room cameras system Security Electronic Wire 2 Servant Quarter imported Tails and Wooden floor Near to Mosque shopping Malls Branded store food court Reasonable Rent and All info about this house and more others options and all details . Mian Jee Real Estate Builders Contact","2026-03-07T22:23:33.000Z","https://media.zameen.com/thumbnails/170947222-120x90.webp","Mian Jee Real Estate & Builders","Built in year: 2023 | View: Hot | Parking Spaces: 6 | Double Glazed Windows: Yes | Central Air Conditioning: Yes | Central Heating: Yes | Flooring: Tiles | Electricity Backup: Ups | Waste Disposal: Yes | Floors: 2 | Other Main Features: Yes | Furnished: Yes | Bedrooms: 5 | Bathrooms: 6 | Servant Quarters: 2 | Drawing Room: Yes | Dining Room: Yes | Kitchens: 3 | Study Room: Yes | Prayer Room: Yes | Powder Room : Yes | Gym: Yes | Store Rooms: 1 | Steam Room: Yes | Lounge or Sitting Room: Yes | Laundry Room: Yes | Other Rooms: 1 | Broadband Internet Access: Yes | Satellite or Cable TV Ready: Yes | Intercom: Yes | Other Business and Communication Facilities: Yes | Community Lawn or Garden: Yes | Community Swimming Pool: Yes | Community Gym: Yes | First Aid or Medical Centre: Yes | Day Care Centre: Yes | Kids Play Area: Yes | Barbeque Area: Yes | Mosque: Yes | Community Centre: Yes | Other Community Facilities: Yes | Lawn or Garden: Yes | Swimming Pool: Yes | Sauna: Yes | Jacuzzi: Yes | Other Healthcare and Recreation Facilities: Yes | Nearby Schools: Yes | Nearby Hospitals: Yes | Nearby Shopping Malls: Yes | Nearby Restaurants: Yes | Distance From Airport (kms): 10 | Nearby Public Transport Service: Yes | Other Nearby Places: Yes | Maintenance Staff: Yes | Security Staff: Yes | Facilities for Disabled: Yes | Other Facilities: Yes","2","kanal","6","5","Lahore","Mian Abdul Jabbar","PKR","49845222","31.521909","DHA Defence, DHA Phase 8, DHA Phase 8 - Ex Park View","74.43748","+923000408130","https://media.zameen.com/thumbnails/279490468-800x600.webp","https://media.zameen.com/thumbnails/279490470-800x600.webp","https://media.zameen.com/thumbnails/279490471-800x600.webp","https://media.zameen.com/thumbnails/279490472-800x600.webp","https://media.zameen.com/thumbnails/279490473-800x600.webp","https://media.zameen.com/thumbnails/279490782-800x600.webp","https://media.zameen.com/thumbnails/279490783-800x600.webp","https://media.zameen.com/thumbnails/279490843-800x600.webp","https://media.zameen.com/thumbnails/279490844-800x600.webp","https://media.zameen.com/thumbnails/279490845-800x600.webp","https://media.zameen.com/thumbnails/279490846-800x600.webp","https://media.zameen.com/thumbnails/279490848-800x600.webp","https://media.zameen.com/thumbnails/279490849-800x600.webp","https://media.zameen.com/thumbnails/279490850-800x600.webp","https://media.zameen.com/thumbnails/279490851-800x600.webp","https://media.zameen.com/thumbnails/279490852-800x600.webp","https://media.zameen.com/thumbnails/279490853-800x600.webp","https://media.zameen.com/thumbnails/279490854-800x600.webp","https://media.zameen.com/thumbnails/279490855-800x600.webp","https://media.zameen.com/thumbnails/279490856-800x600.webp","https://media.zameen.com/thumbnails/279490857-800x600.webp","https://media.zameen.com/thumbnails/279490858-800x600.webp","https://media.zameen.com/thumbnails/279490859-800x600.webp","https://media.zameen.com/thumbnails/279490860-800x600.webp","https://media.zameen.com/thumbnails/279490861-800x600.webp","https://media.zameen.com/thumbnails/279490862-800x600.webp","https://media.zameen.com/thumbnails/279490863-800x600.webp","https://media.zameen.com/thumbnails/279490864-800x600.webp","https://media.zameen.com/thumbnails/279490865-800x600.webp","https://media.zameen.com/thumbnails/279490866-800x600.webp","https://media.zameen.com/thumbnails/279490867-800x600.webp","https://media.zameen.com/thumbnails/279490868-800x600.webp","https://media.zameen.com/thumbnails/279490869-800x600.webp","https://media.zameen.com/thumbnails/279490870-800x600.webp","https://media.zameen.com/thumbnails/279490871-800x600.webp","https://media.zameen.com/thumbnails/279490872-800x600.webp",,,,,,,,,,,,,,,"470000","house","rent","zameen.com","DHA Lahore 2 Kanal Mazhar Munir Design House With 100% Original Pictures","https://www.zameen.com/Property/dha_phase_8_dha_phase_8_-_ex_park_view_dha_lahore_2_kanal_mazhar_munir_design_house_with_100_original_pictures-49845222-485-4.html"
"D H A Lahore 2 kanal Faisal Rasool design house Fully Furnished with Swimming Pool with 100% original pics available for Rent this house have 7 Master bedrooms with attached bathrooms shower cabin Jacuzzi TUB imported fitting 3 T v lounge 3 company Aran kitchen 1 Drawing Room dining Room 6 huge car parking lush green lawn 12 A. C certain All accessories are imported store room cameras system Security Electronic Wire 2 Servant Quarter imported Tails and Wooden floor Near to Mosque shopping Malls Branded store food court Contact Mian Abdul Jabbar Reasonable Rent All info about this house and more options and all details . Mian Jee Real Estate Builders","2026-03-07T22:21:08.000Z","https://media.zameen.com/thumbnails/170947222-120x90.webp","Mian Jee Real Estate & Builders","Built in year: 2023 | View: Hot | Parking Spaces: 6 | Double Glazed Windows: Yes | Central Air Conditioning: Yes | Central Heating: Yes | Flooring: Tiles | Electricity Backup: Ups | Waste Disposal: Yes | Floors: 3 | Other Main Features: Yes | Furnished: Yes | Bedrooms: 7 | Bathrooms: 8 | Servant Quarters: 2 | Drawing Room: Yes | Dining Room: Yes | Kitchens: 3 | Study Room: Yes | Prayer Room: Yes | Powder Room : Yes | Gym: Yes | Store Rooms: 1 | Steam Room: Yes | Lounge or Sitting Room: Yes | Laundry Room: Yes | Other Rooms: 1 | Broadband Internet Access: Yes | Satellite or Cable TV Ready: Yes | Intercom: Yes | Other Business and Communication Facilities: Yes | Community Lawn or Garden: Yes | Community Swimming Pool: Yes | Community Gym: Yes | First Aid or Medical Centre: Yes | Day Care Centre: Yes | Kids Play Area: Yes | Barbeque Area: Yes | Mosque: Yes | Community Centre: Yes | Other Community Facilities: Yes | Lawn or Garden: Yes | Swimming Pool: Yes | Sauna: Yes | Jacuzzi: Yes | Other Healthcare and Recreation Facilities: Yes | Nearby Schools: Yes | Nearby Hospitals: Yes | Nearby Shopping Malls: Yes | Nearby Restaurants: Yes | Distance From Airport (kms): 10 | Nearby Public Transport Service: Yes | Other Nearby Places: Yes | Maintenance Staff: Yes | Security Staff: Yes | Facilities for Disabled: Yes | Other Facilities: yes","2","kanal","6","7","Lahore","Mian Abdul Jabbar","PKR","48286355","31.478745","DHA Defence, DHA Phase 2","74.407969","+923000408130","https://media.zameen.com/thumbnails/272982585-800x600.webp","https://media.zameen.com/thumbnails/272982586-800x600.webp","https://media.zameen.com/thumbnails/272982587-800x600.webp","https://media.zameen.com/thumbnails/272982588-800x600.webp","https://media.zameen.com/thumbnails/272982589-800x600.webp","https://media.zameen.com/thumbnails/272982590-800x600.webp","https://media.zameen.com/thumbnails/272982591-800x600.webp","https://media.zameen.com/thumbnails/272982592-800x600.webp","https://media.zameen.com/thumbnails/272982593-800x600.webp","https://media.zameen.com/thumbnails/272982594-800x600.webp","https://media.zameen.com/thumbnails/272982595-800x600.webp","https://media.zameen.com/thumbnails/272982596-800x600.webp","https://media.zameen.com/thumbnails/272982597-800x600.webp","https://media.zameen.com/thumbnails/272982598-800x600.webp","https://media.zameen.com/thumbnails/272982599-800x600.webp","https://media.zameen.com/thumbnails/272982600-800x600.webp","https://media.zameen.com/thumbnails/272982601-800x600.webp","https://media.zameen.com/thumbnails/272982602-800x600.webp","https://media.zameen.com/thumbnails/272982603-800x600.webp","https://media.zameen.com/thumbnails/272982604-800x600.webp","https://media.zameen.com/thumbnails/272982605-800x600.webp","https://media.zameen.com/thumbnails/272982606-800x600.webp","https://media.zameen.com/thumbnails/272982607-800x600.webp","https://media.zameen.com/thumbnails/272982608-800x600.webp","https://media.zameen.com/thumbnails/272982609-800x600.webp","https://media.zameen.com/thumbnails/272982610-800x600.webp","https://media.zameen.com/thumbnails/272982611-800x600.webp","https://media.zameen.com/thumbnails/272982612-800x600.webp","https://media.zameen.com/thumbnails/272982613-800x600.webp","https://media.zameen.com/thumbnails/272982614-800x600.webp","https://media.zameen.com/thumbnails/272982615-800x600.webp","https://media.zameen.com/thumbnails/272982616-800x600.webp","https://media.zameen.com/thumbnails/272982617-800x600.webp","https://media.zameen.com/thumbnails/272982618-800x600.webp","https://media.zameen.com/thumbnails/272982619-800x600.webp","https://media.zameen.com/thumbnails/272982620-800x600.webp","https://media.zameen.com/thumbnails/272982621-800x600.webp",,,,,,,,,,,,,,"725000","house","rent","zameen.com","D H A Lahore 2 Kanal Faisal Rasool Design House Fully Furnished With Swimming Pool With 100% Original Pics Available For Rent","https://www.zameen.com/Property/dha_defence_dha_phase_2_d_h_a_lahore_2_kanal_faisal_rasool_design_house_fully_furnished_with_swimming_pool_with_100_original_pics_available_for_rent-48286355-1444-4.html"
"D H A Lahore 2 kanal Mazher Munir design fully Furnished house with Swimming pool with 100% original pics available for Rent this house have 5 Master bedrooms with attached bathrooms shower cabin Jacuzzi TUB imported fitting 2 T v lounge 3 company Aran kitchen Drawing Room dining Room huge car parking lush green lawn 12 A. C certain All accessories are imported store room cameras system Security Electronic Wire 2 Servant Quarter imported Tails and Wooden floor Near to Mosque shopping Malls Branded store food court Reasonable Rent All info about this house and more options and all details . Mian Jee Real Estate Builders","2026-03-07T22:18:05.000Z","https://media.zameen.com/thumbnails/170947222-120x90.webp","Mian Jee Real Estate & Builders","Built in year: 2023 | View: Hot | Parking Spaces: 6 | Double Glazed Windows: Yes | Central Air Conditioning: Yes | Central Heating: Yes | Flooring: Tiles | Electricity Backup: Generator | Waste Disposal: Yes | Floors: 2 | Other Main Features: Yes | Furnished: Yes | Bedrooms: 5 | Bathrooms: 6 | Servant Quarters: 2 | Drawing Room: Yes | Dining Room: Yes | Kitchens: 3 | Study Room: Yes | Prayer Room: Yes | Powder Room : Yes | Gym: Yes | Store Rooms: 1 | Steam Room: Yes | Lounge or Sitting Room: Yes | Laundry Room: Yes | Other Rooms: 1 | Broadband Internet Access: Yes | Satellite or Cable TV Ready: Yes | Intercom: Yes | Other Business and Communication Facilities: Yes | Community Lawn or Garden: Yes | Community Swimming Pool: Yes | Community Gym: Yes | First Aid or Medical Centre: Yes | Day Care Centre: Yes | Kids Play Area: Yes | Barbeque Area: Yes | Mosque: Yes | Community Centre: Yes | Other Community Facilities: Yes | Lawn or Garden: Yes | Swimming Pool: Yes | Sauna: Yes | Jacuzzi: Yes | Other Healthcare and Recreation Facilities: Yes | Nearby Schools: Yes | Nearby Hospitals: Yes | Nearby Shopping Malls: Yes | Nearby Restaurants: Yes | Distance From Airport (kms): 10 | Nearby Public Transport Service: Yes | Other Nearby Places: Yes | Maintenance Staff: Yes | Security Staff: Yes | Facilities for Disabled: Yes | Other Facilities: Yes","2","kanal","6","5","Lahore","Mian Abdul Jabbar","PKR","46144685","31.462493","DHA Defence, DHA Phase 5","74.409342","+923000408130","https://media.zameen.com/thumbnails/272984142-800x600.webp","https://media.zameen.com/thumbnails/272984143-800x600.webp","https://media.zameen.com/thumbnails/272984144-800x600.webp","https://media.zameen.com/thumbnails/272984145-800x600.webp","https://media.zameen.com/thumbnails/272984146-800x600.webp","https://media.zameen.com/thumbnails/272984147-800x600.webp","https://media.zameen.com/thumbnails/272984148-800x600.webp","https://media.zameen.com/thumbnails/272984149-800x600.webp","https://media.zameen.com/thumbnails/272984150-800x600.webp","https://media.zameen.com/thumbnails/272984151-800x600.webp","https://media.zameen.com/thumbnails/272984152-800x600.webp","https://media.zameen.com/thumbnails/272984153-800x600.webp","https://media.zameen.com/thumbnails/272984154-800x600.webp","https://media.zameen.com/thumbnails/272984155-800x600.webp","https://media.zameen.com/thumbnails/272984156-800x600.webp","https://media.zameen.com/thumbnails/272984157-800x600.webp","https://media.zameen.com/thumbnails/272984158-800x600.webp","https://media.zameen.com/thumbnails/272984159-800x600.webp","https://media.zameen.com/thumbnails/272984160-800x600.webp","https://media.zameen.com/thumbnails/272984161-800x600.webp","https://media.zameen.com/thumbnails/272984162-800x600.webp","https://media.zameen.com/thumbnails/272984163-800x600.webp","https://media.zameen.com/thumbnails/272984164-800x600.webp","https://media.zameen.com/thumbnails/272984165-800x600.webp","https://media.zameen.com/thumbnails/272984166-800x600.webp","https://media.zameen.com/thumbnails/272984167-800x600.webp","https://media.zameen.com/thumbnails/272984168-800x600.webp","https://media.zameen.com/thumbnails/272984169-800x600.webp","https://media.zameen.com/thumbnails/272984170-800x600.webp","https://media.zameen.com/thumbnails/272984171-800x600.webp","https://media.zameen.com/thumbnails/272984172-800x600.webp","https://media.zameen.com/thumbnails/272984173-800x600.webp","https://media.zameen.com/thumbnails/272984174-800x600.webp","https://media.zameen.com/thumbnails/272984175-800x600.webp","https://media.zameen.com/thumbnails/272984176-800x600.webp","https://media.zameen.com/thumbnails/272984177-800x600.webp","https://media.zameen.com/thumbnails/272984178-800x600.webp","https://media.zameen.com/thumbnails/272984179-800x600.webp","https://media.zameen.com/thumbnails/272984180-800x600.webp","https://media.zameen.com/thumbnails/272984181-800x600.webp","https://media.zameen.com/thumbnails/272984182-800x600.webp","https://media.zameen.com/thumbnails/272984183-800x600.webp","https://media.zameen.com/thumbnails/272984184-800x600.webp","https://media.zameen.com/thumbnails/272984185-800x600.webp","https://media.zameen.com/thumbnails/272984186-800x600.webp","https://media.zameen.com/thumbnails/272984187-800x600.webp",,,,,"875000","house","rent","zameen.com","DHA Lahore 2 Kanal Mazher Munir Design Fully Furnished House With Swimming Pool With 100% Original Pics Available For Rent","https://www.zameen.com/Property/dha_defence_dha_phase_5_dha_lahore_2_kanal_mazher_munir_design_fully_furnished_house_with_swimming_pool_with_100_original_pics_available_for_rent-46144685-1447-4.html"
"D H A Lahore 2 kanal brand new Faisal Rasool design house and Fully Furnished with 100% original pics available for Rent this house have 6 Master bedrooms with attached bathrooms shower cabin Jacuzzi TUB imported fitting 2 T v lounge 3 company Aran kitchen Drawing Room dining Room huge car parking lush green lawn 12 A. C certain All accessories are imported store room cameras system Security Electronic Wire 2 Servant Quarter imported Tails and Wooden floor Near to Mosque shopping Malls Branded store food court Reasonable Rent All info about this house and more options and all details . Mian Jee Real Estate Builders Contact Mian Abdul Jabbar","2026-03-07T22:17:40.000Z","https://media.zameen.com/thumbnails/170947222-120x90.webp","Mian Jee Real Estate & Builders","Built in year: 2023 | View: Hot | Parking Spaces: 6 | Double Glazed Windows: Yes | Central Air Conditioning: Yes | Central Heating: Yes | Flooring: Tiles | Electricity Backup: Generator | Waste Disposal: Yes | Floors: 2 | Other Main Features: Yes | Furnished: Yes | Bedrooms: 6 | Bathrooms: 7 | Servant Quarters: 2 | Drawing Room: Yes | Dining Room: Yes | Kitchens: 3 | Study Room: Yes | Prayer Room: Yes | Powder Room : Yes | Gym: Yes | Store Rooms: 1 | Steam Room: Yes | Lounge or Sitting Room: Yes | Laundry Room: Yes | Other Rooms: 1 | Broadband Internet Access: Yes | Satellite or Cable TV Ready: Yes | Intercom: Yes | Other Business and Communication Facilities: Yes | Community Lawn or Garden: Yes | Community Swimming Pool: Yes | Community Gym: Yes | First Aid or Medical Centre: Yes | Day Care Centre: Yes | Kids Play Area: Yes | Barbeque Area: Yes | Mosque: Yes | Community Centre: Yes | Other Community Facilities: Yes | Lawn or Garden: Yes | Swimming Pool: Yes | Sauna: Yes | Jacuzzi: Yes | Other Healthcare and Recreation Facilities: Yes | Nearby Schools: Yes | Nearby Hospitals: Yes | Nearby Shopping Malls: Yes | Nearby Restaurants: Yes | Distance From Airport (kms): 10 | Nearby Public Transport Service: Yes | Other Nearby Places: Yes | Maintenance Staff: Yes | Security Staff: Yes | Facilities for Disabled: Yes | Other Facilities: .","2","kanal","6","6","Lahore","Mian Abdul Jabbar","PKR","46146809","31.471571","DHA Defence, DHA Phase 6","74.445906","+923000408130","https://media.zameen.com/thumbnails/272983812-800x600.webp","https://media.zameen.com/thumbnails/272983813-800x600.webp","https://media.zameen.com/thumbnails/272983814-800x600.webp","https://media.zameen.com/thumbnails/272983815-800x600.webp","https://media.zameen.com/thumbnails/272983816-800x600.webp","https://media.zameen.com/thumbnails/272983817-800x600.webp","https://media.zameen.com/thumbnails/272983818-800x600.webp","https://media.zameen.com/thumbnails/272983819-800x600.webp","https://media.zameen.com/thumbnails/272983820-800x600.webp","https://media.zameen.com/thumbnails/272983821-800x600.webp","https://media.zameen.com/thumbnails/272983822-800x600.webp","https://media.zameen.com/thumbnails/272983823-800x600.webp","https://media.zameen.com/thumbnails/272983824-800x600.webp","https://media.zameen.com/thumbnails/272983825-800x600.webp","https://media.zameen.com/thumbnails/272983826-800x600.webp","https://media.zameen.com/thumbnails/272983827-800x600.webp","https://media.zameen.com/thumbnails/272983828-800x600.webp","https://media.zameen.com/thumbnails/272983829-800x600.webp","https://media.zameen.com/thumbnails/272983830-800x600.webp","https://media.zameen.com/thumbnails/272983831-800x600.webp","https://media.zameen.com/thumbnails/272983832-800x600.webp","https://media.zameen.com/thumbnails/272983833-800x600.webp","https://media.zameen.com/thumbnails/272983834-800x600.webp","https://media.zameen.com/thumbnails/272983835-800x600.webp","https://media.zameen.com/thumbnails/272983836-800x600.webp","https://media.zameen.com/thumbnails/272983837-800x600.webp","https://media.zameen.com/thumbnails/272983838-800x600.webp","https://media.zameen.com/thumbnails/272983839-800x600.webp","https://media.zameen.com/thumbnails/272983840-800x600.webp","https://media.zameen.com/thumbnails/272983841-800x600.webp","https://media.zameen.com/thumbnails/272983842-800x600.webp","https://media.zameen.com/thumbnails/272983843-800x600.webp","https://media.zameen.com/thumbnails/272983844-800x600.webp","https://media.zameen.com/thumbnails/272983845-800x600.webp","https://media.zameen.com/thumbnails/272983846-800x600.webp","https://media.zameen.com/thumbnails/272983847-800x600.webp","https://media.zameen.com/thumbnails/272983848-800x600.webp","https://media.zameen.com/thumbnails/272983849-800x600.webp","https://media.zameen.com/thumbnails/272983850-800x600.webp","https://media.zameen.com/thumbnails/272983851-800x600.webp","https://media.zameen.com/thumbnails/272983852-800x600.webp","https://media.zameen.com/thumbnails/272983853-800x600.webp","https://media.zameen.com/thumbnails/272983854-800x600.webp","https://media.zameen.com/thumbnails/272983855-800x600.webp","https://media.zameen.com/thumbnails/272983856-800x600.webp","https://media.zameen.com/thumbnails/272983857-800x600.webp","https://media.zameen.com/thumbnails/272983858-800x600.webp",,,,"1150000","house","rent","zameen.com","D H A Lahore 2 Kanal Brand New Faisal Rasool Design House And Fully Furnished With 100% Original Pics Available For Rent","https://www.zameen.com/Property/dha_defence_dha_phase_6_d_h_a_lahore_2_kanal_brand_new_faisal_rasool_design_house_and_fully_furnished_with_100_original_pics_available_for_rent-46146809-1448-4.html"
"D H A Lahore 2 kanal brand new Faisal Rasool Design house and Fully Furnished with Basement with 100% original pics available for Rent this house have 6 Master bedrooms with attached bathrooms shower cabin Jacuzzi TUB imported fitting 3 T v lounge 3 company Aran kitchen Drawing Room dining Room huge car parking lush green lawn 15 A. C certain All accessories are imported store room cameras system Security Electronic Wire 2 Servant Quarter imported Tails and Wooden floor Near to Mosque shopping Malls Branded store food court Reasonable Rent All info about this house and more options and all details . Mian Jee Real Estate Builders Contact","2026-03-07T22:16:54.000Z","https://media.zameen.com/thumbnails/170947222-120x90.webp","Mian Jee Real Estate & Builders","Built in year: 2023 | View: Hot | Parking Spaces: 6 | Double Glazed Windows: Yes | Central Air Conditioning: Yes | Central Heating: Yes | Flooring: Tiles | Electricity Backup: Generator | Waste Disposal: Yes | Floors: 3 | Other Main Features: Yes | Furnished: Yes | Bedrooms: 6 | Bathrooms: 7 | Servant Quarters: 2 | Drawing Room: Yes | Dining Room: Yes | Kitchens: 3 | Study Room: Yes | Prayer Room: Yes | Powder Room : Yes | Gym: Yes | Store Rooms: 1 | Steam Room: Yes | Lounge or Sitting Room: Yes | Laundry Room: Yes | Other Rooms: 1 | Broadband Internet Access: Yes | Satellite or Cable TV Ready: Yes | Intercom: Yes | Other Business and Communication Facilities: Yes | Community Lawn or Garden: Yes | Community Swimming Pool: Yes | Community Gym: Yes | First Aid or Medical Centre: Yes | Day Care Centre: Yes | Kids Play Area: Yes | Barbeque Area: Yes | Mosque: Yes | Community Centre: Yes | Other Community Facilities: Yes | Lawn or Garden: Yes | Swimming Pool: Yes | Sauna: Yes | Jacuzzi: Yes | Other Healthcare and Recreation Facilities: Yes | Nearby Schools: Yes | Nearby Hospitals: Yes | Nearby Shopping Malls: Yes | Nearby Restaurants: Yes | Distance From Airport (kms): 10 | Nearby Public Transport Service: Yes | Other Nearby Places: Yes | Maintenance Staff: Yes | Security Staff: Yes | Facilities for Disabled: Yes | Other Facilities: near main road","2","kanal","6","5","Lahore","Mian Abdul Jabbar","PKR","45791605","31.471571","DHA Defence, DHA Phase 6","74.445906","+923000408130","https://media.zameen.com/thumbnails/257924653-800x600.webp","https://media.zameen.com/thumbnails/257924654-800x600.webp","https://media.zameen.com/thumbnails/257924655-800x600.webp","https://media.zameen.com/thumbnails/257924656-800x600.webp","https://media.zameen.com/thumbnails/257924657-800x600.webp","https://media.zameen.com/thumbnails/257924658-800x600.webp","https://media.zameen.com/thumbnails/257924659-800x600.webp","https://media.zameen.com/thumbnails/257924660-800x600.webp","https://media.zameen.com/thumbnails/257924661-800x600.webp","https://media.zameen.com/thumbnails/257924662-800x600.webp","https://media.zameen.com/thumbnails/257924663-800x600.webp","https://media.zameen.com/thumbnails/257924664-800x600.webp","https://media.zameen.com/thumbnails/257924665-800x600.webp","https://media.zameen.com/thumbnails/257924666-800x600.webp","https://media.zameen.com/thumbnails/257924667-800x600.webp","https://media.zameen.com/thumbnails/257924669-800x600.webp","https://media.zameen.com/thumbnails/257924671-800x600.webp","https://media.zameen.com/thumbnails/257924672-800x600.webp","https://media.zameen.com/thumbnails/257924673-800x600.webp","https://media.zameen.com/thumbnails/257924674-800x600.webp","https://media.zameen.com/thumbnails/257924675-800x600.webp","https://media.zameen.com/thumbnails/257924676-800x600.webp","https://media.zameen.com/thumbnails/257924677-800x600.webp","https://media.zameen.com/thumbnails/257924678-800x600.webp","https://media.zameen.com/thumbnails/277152785-800x600.webp","https://media.zameen.com/thumbnails/277152786-800x600.webp",,,,,,,,,,,,,,,,,,,,,,,,,"2100000","house","rent","zameen.com","DHA Lahore 2 Kanal Brand New Faisal Rasool Design House And Fully Furnished With Basement With 100% Original Pics Available For Rent","https://www.zameen.com/Property/dha_defence_dha_phase_6_dha_lahore_2_kanal_brand_new_faisal_rasool_design_house_and_fully_furnished_with_basement_with_100_original_pics_available_for_rent-45791605-1448-4.html"
"D H A Lahore 2 Kanal Owner Build Design House Fully Furnished With Basement And Swimming Pool 100% Original Pics Available For Rent This House Have 6 Master Bedrooms With Attached Bathrooms Shower Cabin Jacuzzi TUB Imported Fitting 3 T V Lounge 3 Company Aran Kitchen Drawing Room Dining Room Huge Car Parking Lush Green Lawn 12 A. C Certain All Accessories Are Imported Store Room Cameras System Security Electronic Wire 2 Servant Quarter Imported Tails And Wooden Floor Near To Mosque Shopping Malls Branded Store Food Court Reasonable Rent All Info About This House And More Options And All Details . Mian Jee Real Estate Builders Contact","2026-03-07T22:16:38.000Z","https://media.zameen.com/thumbnails/170947222-120x90.webp","Mian Jee Real Estate & Builders","Built in year: 2023 | View: Hot | Parking Spaces: 6 | Double Glazed Windows: Yes | Central Air Conditioning: Yes | Central Heating: Yes | Flooring: Tiles | Electricity Backup: Generator | Waste Disposal: Yes | Floors: 3 | Other Main Features: Yes | Furnished: Yes | Bedrooms: 6 | Bathrooms: 7 | Servant Quarters: 2 | Drawing Room: Yes | Dining Room: Yes | Kitchens: 3 | Study Room: Yes | Prayer Room: Yes | Powder Room : Yes | Gym: Yes | Store Rooms: 1 | Steam Room: Yes | Lounge or Sitting Room: Yes | Laundry Room: Yes | Other Rooms: 1 | Broadband Internet Access: Yes | Satellite or Cable TV Ready: Yes | Intercom: Yes | Other Business and Communication Facilities: Yes | Community Lawn or Garden: Yes | Community Swimming Pool: Yes | Community Gym: Yes | First Aid or Medical Centre: Yes | Day Care Centre: Yes | Kids Play Area: Yes | Barbeque Area: Yes | Mosque: Yes | Community Centre: Yes | Other Community Facilities: Yes | Lawn or Garden: Yes | Swimming Pool: Yes | Sauna: Yes | Jacuzzi: Yes | Other Healthcare and Recreation Facilities: Yes | Nearby Schools: Yes | Nearby Hospitals: Yes | Nearby Shopping Malls: Yes | Nearby Restaurants: Yes | Distance From Airport (kms): 10 | Nearby Public Transport Service: Yes | Other Nearby Places: Yes | Maintenance Staff: Yes | Security Staff: Yes | Facilities for Disabled: Yes | Other Facilities: HOT LOCATION","2","kanal","6","6","Lahore","Mian Abdul Jabbar","PKR","45927040","31.462493","DHA Defence, DHA Phase 5","74.409342","+923000408130","https://media.zameen.com/thumbnails/272984546-800x600.webp","https://media.zameen.com/thumbnails/272984547-800x600.webp","https://media.zameen.com/thumbnails/272984548-800x600.webp","https://media.zameen.com/thumbnails/272984549-800x600.webp","https://media.zameen.com/thumbnails/272984550-800x600.webp","https://media.zameen.com/thumbnails/272984551-800x600.webp","https://media.zameen.com/thumbnails/272984552-800x600.webp","https://media.zameen.com/thumbnails/272984553-800x600.webp","https://media.zameen.com/thumbnails/272984554-800x600.webp","https://media.zameen.com/thumbnails/272984555-800x600.webp","https://media.zameen.com/thumbnails/272984556-800x600.webp","https://media.zameen.com/thumbnails/272984557-800x600.webp","https://media.zameen.com/thumbnails/272984558-800x600.webp","https://media.zameen.com/thumbnails/272984559-800x600.webp","https://media.zameen.com/thumbnails/272984560-800x600.webp","https://media.zameen.com/thumbnails/272984561-800x600.webp","https://media.zameen.com/thumbnails/272984562-800x600.webp","https://media.zameen.com/thumbnails/272984563-800x600.webp","https://media.zameen.com/thumbnails/272984564-800x600.webp","https://media.zameen.com/thumbnails/272984565-800x600.webp","https://media.zameen.com/thumbnails/272984566-800x600.webp","https://media.zameen.com/thumbnails/272984567-800x600.webp","https://media.zameen.com/thumbnails/272984568-800x600.webp","https://media.zameen.com/thumbnails/272984569-800x600.webp","https://media.zameen.com/thumbnails/272984570-800x600.webp","https://media.zameen.com/thumbnails/272984571-800x600.webp","https://media.zameen.com/thumbnails/272984572-800x600.webp","https://media.zameen.com/thumbnails/272984573-800x600.webp","https://media.zameen.com/thumbnails/272984574-800x600.webp","https://media.zameen.com/thumbnails/272984575-800x600.webp","https://media.zameen.com/thumbnails/272984576-800x600.webp","https://media.zameen.com/thumbnails/272984577-800x600.webp","https://media.zameen.com/thumbnails/272984578-800x600.webp","https://media.zameen.com/thumbnails/272984579-800x600.webp","https://media.zameen.com/thumbnails/272984580-800x600.webp","https://media.zameen.com/thumbnails/272984581-800x600.webp","https://media.zameen.com/thumbnails/272984582-800x600.webp","https://media.zameen.com/thumbnails/272984583-800x600.webp","https://media.zameen.com/thumbnails/272984584-800x600.webp","https://media.zameen.com/thumbnails/272984585-800x600.webp","https://media.zameen.com/thumbnails/272984586-800x600.webp","https://media.zameen.com/thumbnails/272984587-800x600.webp","https://media.zameen.com/thumbnails/272984588-800x600.webp","https://media.zameen.com/thumbnails/272984589-800x600.webp","https://media.zameen.com/thumbnails/272984590-800x600.webp","https://media.zameen.com/thumbnails/272984591-800x600.webp","https://media.zameen.com/thumbnails/272984592-800x600.webp","https://media.zameen.com/thumbnails/272984593-800x600.webp","https://media.zameen.com/thumbnails/272984594-800x600.webp",,"1000000","house","rent","zameen.com","DHA Lahore 2 Kanal Owner Build Design House Fully Furnished With Basement And Swimming Pool 100% Original Pics Available For Rent","https://www.zameen.com/Property/dha_defence_dha_phase_5_dha_lahore_2_kanal_owner_build_design_house_fully_furnished_with_basement_and_swimming_pool_100_original_pics_available_for_rent-45927040-1447-4.html"
"D H A Lahore 2 Kanal Owner Build Design Corner House With Basement With 100% Original Pics Available For Rent This House Have 6 Master Bedrooms With Attached Bathrooms Shower Cabin Jacuzzi TUB Imported Fitting 3 T V Lounge 3 Company Aran Kitchen Drawing Room Dining Room Huge Car Parking Lush Green Lawn 10 A. C Certain All Accessories Are Imported Store Room Cameras System Security Electronic Wire 2 Servant Quarter Imported Tails And Wooden Floor Near To Mosque Shopping Malls Branded Store Food Court Reasonable Rent All Info About This House And More Options And All Details . Mian Jee Real Estate Builders Contact Mian Abdul Jabbar","2026-03-07T22:16:07.000Z","https://media.zameen.com/thumbnails/170947222-120x90.webp","Mian Jee Real Estate & Builders","Built in year: 2023 | View: Hot | Parking Spaces: 6 | Double Glazed Windows: Yes | Central Air Conditioning: Yes | Central Heating: Yes | Flooring: Tiles | Electricity Backup: Ups | Waste Disposal: Yes | Floors: 3 | Other Main Features: Yes | Furnished: Yes | Bedrooms: 6 | Bathrooms: 7 | Servant Quarters: 2 | Drawing Room: Yes | Dining Room: Yes | Kitchens: 3 | Study Room: Yes | Prayer Room: Yes | Powder Room : Yes | Gym: Yes | Store Rooms: 1 | Steam Room: Yes | Lounge or Sitting Room: Yes | Laundry Room: Yes | Other Rooms: 1 | Broadband Internet Access: Yes | Satellite or Cable TV Ready: Yes | Intercom: Yes | Other Business and Communication Facilities: Yes | Community Lawn or Garden: Yes | Community Swimming Pool: Yes | Community Gym: Yes | First Aid or Medical Centre: Yes | Day Care Centre: Yes | Kids Play Area: Yes | Barbeque Area: Yes | Mosque: Yes | Community Centre: Yes | Other Community Facilities: Yes | Lawn or Garden: Yes | Swimming Pool: Yes | Sauna: Yes | Jacuzzi: Yes | Other Healthcare and Recreation Facilities: Yes | Nearby Schools: Yes | Nearby Hospitals: Yes | Nearby Shopping Malls: Yes | Nearby Restaurants: Yes | Distance From Airport (kms): 10 | Nearby Public Transport Service: Yes | Other Nearby Places: Yes | Maintenance Staff: Yes | Security Staff: Yes | Facilities for Disabled: Yes | Other Facilities: Yes","2","kanal","6","6","Lahore","Mian Abdul Jabbar","PKR","46144226","31.462493","DHA Defence, DHA Phase 5","74.409342","+923000408130","https://media.zameen.com/thumbnails/272496605-800x600.webp","https://media.zameen.com/thumbnails/272496606-800x600.webp","https://media.zameen.com/thumbnails/272496607-800x600.webp","https://media.zameen.com/thumbnails/272496608-800x600.webp","https://media.zameen.com/thumbnails/272496609-800x600.webp","https://media.zameen.com/thumbnails/272496610-800x600.webp","https://media.zameen.com/thumbnails/272496611-800x600.webp","https://media.zameen.com/thumbnails/272496612-800x600.webp","https://media.zameen.com/thumbnails/272496613-800x600.webp","https://media.zameen.com/thumbnails/272496614-800x600.webp","https://media.zameen.com/thumbnails/272496615-800x600.webp","https://media.zameen.com/thumbnails/272496616-800x600.webp","https://media.zameen.com/thumbnails/272496617-800x600.webp","https://media.zameen.com/thumbnails/272496618-800x600.webp","https://media.zameen.com/thumbnails/272496619-800x600.webp","https://media.zameen.com/thumbnails/272496620-800x600.webp","https://media.zameen.com/thumbnails/272496621-800x600.webp","https://media.zameen.com/thumbnails/272496622-800x600.webp","https://media.zameen.com/thumbnails/272496623-800x600.webp","https://media.zameen.com/thumbnails/272496624-800x600.webp","https://media.zameen.com/thumbnails/272496625-800x600.webp","https://media.zameen.com/thumbnails/272496626-800x600.webp","https://media.zameen.com/thumbnails/272498151-800x600.webp","https://media.zameen.com/thumbnails/272496628-800x600.webp",,,,,,,,,,,,,,,,,,,,,,,,,,,"750000","house","rent","zameen.com","DHA Lahore 2 Kanal Owner Build Design Corner House With Basement With 100% Original Pics Available For Rent","https://www.zameen.com/Property/dha_defence_dha_phase_5_dha_lahore_2_kanal_owner_build_design_corner_house_with_basement_with_100_original_pics_available_for_rent-46144226-1447-4.html"
"D H A Lahore 2 kanal Mazher Munir design house with Swimming Pool Full Basement and Fully Furnished 100% original pics available for Rent this house have 6 Master bedrooms with attached bathrooms shower cabin Jacuzzi TUB imported fitting 3 T v lounge 3 company Aran kitchen Drawing Room dining Room huge car parking lush green lawn 10 A. C certain All accessories are imported store room cameras system Security Electronic Wire 2 Servant Quarter imported Tails and Wooden floor Near to Mosque shopping Malls Branded store food court Reasonable Rent All info about this house and more options and all details . Mian Jee Real Estate Builders","2026-03-07T22:15:40.000Z","https://media.zameen.com/thumbnails/170947222-120x90.webp","Mian Jee Real Estate & Builders","Built in year: 2023 | View: Hot | Parking Spaces: 4 | Double Glazed Windows: Yes | Central Air Conditioning: Yes | Central Heating: Yes | Flooring: Tiles | Electricity Backup: Generator | Waste Disposal: Yes | Floors: 3 | Other Main Features: Yes | Furnished: Yes | Bedrooms: 6 | Bathrooms: 7 | Servant Quarters: 2 | Drawing Room: Yes | Dining Room: Yes | Kitchens: 3 | Study Room: Yes | Prayer Room: Yes | Powder Room : Yes | Gym: Yes | Store Rooms: 1 | Steam Room: Yes | Lounge or Sitting Room: Yes | Laundry Room: Yes | Other Rooms: 1 | Broadband Internet Access: Yes | Satellite or Cable TV Ready: Yes | Intercom: Yes | Other Business and Communication Facilities: Yes | Community Lawn or Garden: Yes | Community Swimming Pool: Yes | Community Gym: Yes | First Aid or Medical Centre: Yes | Day Care Centre: Yes | Kids Play Area: Yes | Barbeque Area: Yes | Mosque: Yes | Community Centre: Yes | Other Community Facilities: Yes | Lawn or Garden: Yes | Swimming Pool: Yes | Sauna: Yes | Jacuzzi: Yes | Other Healthcare and Recreation Facilities: Yes | Nearby Schools: Yes | Nearby Hospitals: Yes | Nearby Shopping Malls: Yes | Nearby Restaurants: Yes | Distance From Airport (kms): 10 | Nearby Public Transport Service: Yes | Other Nearby Places: Yes | Maintenance Staff: Yes | Security Staff: Yes | Facilities for Disabled: Yes | Other Facilities: yes","2","kanal","6","6","Lahore","Mian Abdul Jabbar","PKR","44500001","31.471571","DHA Defence, DHA Phase 6","74.445906","+923004038130","https://media.zameen.com/thumbnails/257924366-800x600.webp","https://media.zameen.com/thumbnails/257924350-800x600.webp","https://media.zameen.com/thumbnails/257924355-800x600.webp","https://media.zameen.com/thumbnails/257924358-800x600.webp","https://media.zameen.com/thumbnails/257924364-800x600.webp","https://media.zameen.com/thumbnails/257924369-800x600.webp","https://media.zameen.com/thumbnails/257924370-800x600.webp","https://media.zameen.com/thumbnails/257924375-800x600.webp","https://media.zameen.com/thumbnails/257924377-800x600.webp","https://media.zameen.com/thumbnails/257924378-800x600.webp","https://media.zameen.com/thumbnails/257924381-800x600.webp","https://media.zameen.com/thumbnails/257924383-800x600.webp","https://media.zameen.com/thumbnails/257924387-800x600.webp","https://media.zameen.com/thumbnails/257924391-800x600.webp","https://media.zameen.com/thumbnails/257924398-800x600.webp","https://media.zameen.com/thumbnails/257924405-800x600.webp","https://media.zameen.com/thumbnails/257924411-800x600.webp","https://media.zameen.com/thumbnails/257924414-800x600.webp","https://media.zameen.com/thumbnails/257924418-800x600.webp","https://media.zameen.com/thumbnails/257924424-800x600.webp","https://media.zameen.com/thumbnails/257924426-800x600.webp","https://media.zameen.com/thumbnails/257924429-800x600.webp","https://media.zameen.com/thumbnails/257924432-800x600.webp","https://media.zameen.com/thumbnails/257924435-800x600.webp","https://media.zameen.com/thumbnails/257924437-800x600.webp","https://media.zameen.com/thumbnails/257924441-800x600.webp","https://media.zameen.com/thumbnails/257924443-800x600.webp","https://media.zameen.com/thumbnails/257924448-800x600.webp","https://media.zameen.com/thumbnails/257924452-800x600.webp","https://media.zameen.com/thumbnails/257924454-800x600.webp","https://media.zameen.com/thumbnails/257924457-800x600.webp","https://media.zameen.com/thumbnails/257924460-800x600.webp",,,,,,,,,,,,,,,,,,,"750000","house","rent","zameen.com","D H A Lahore 2 Kanal Mazher Munir Design House With Swimming Pool Fully Furnished 100% Original Pics Available For Rent","https://www.zameen.com/Property/dha_defence_dha_phase_6_d_h_a_lahore_2_kanal_mazher_munir_design_house_with_swimming_pool_fully_furnished_100_original_pics_available_for_rent-44500001-1448-4.html"
"Bahria Town Lahore is a privately developed residential and commercial real estate project by Bahria Town Group, one of Pakistan's leading real estate companies. It's known for its modern infrastructure, secure environment, and high living standards. Location Bahria Town Lahore is located on Main Canal Bank Road, near Raiwind Road, and is accessible from multiple city points such as Thokar Niaz Baig, Multan Road, and Lahore Ring Road. Key Features Gated Community with 24/7 security and surveillance Wide Carpeted Roads with green belts Underground Electricity State-of-the-art Infrastructure Modern Urban Planning with parks, schools, hospitals, and commercial zones Lush Landscaping and recreational spaces Main Sectors & Precincts Bahria Town Lahore is divided into multiple sectors, labeled from Sector A to Sector F, and new extensions like Bahria Orchard, Safari Villas, and Overseas Enclave. Each sector has: Parks and mosques Commercial markets Community clubs and gyms Educational institutes like Beaconhouse and The Roots International School Healthcare facilities like Bahria International Hospital Investment & Living Popular among investors due to high returns and rapid development Ideal for families looking for peaceful, well-maintained living Offers a wide range of properties: Residential plots (5, 10 Marla, 1 Kanal) Commercial plots Luxury villas and apartments Notable Landmarks Grand Jamia Mosque (3rd largest in Pakistan) Eiffel Tower replica Trafalgar Square replica Theme Parks and Mini Golf Clubs","2026-03-07T20:15:36.000Z","https://media.zameen.com/thumbnails/289947097-120x90.webp","Khokhar Real Estate And Builders","Built in year: 2025 | View: yes  | Parking Spaces | Lobby in Building: Yes | Double Glazed Windows: Yes | Central Air Conditioning: Yes | Central Heating: Yes | Flooring: Tiles | Electricity Backup: Other | Waste Disposal: Yes | Floor: 6 | Floors in Building: 10 | Elevators | Service Elevators in Building: Yes | Other Main Features: yes  | Furnished: Yes | Bedrooms: 1 | Bathrooms: 1 | Servant Quarters: 1 | Drawing Room: Yes | Dining Room: Yes | Kitchens | Study Room: Yes | Prayer Room: Yes | Powder Room : Yes | Gym: Yes | Store Rooms: 1 | Steam Room: Yes | Lounge or Sitting Room: Yes | Laundry Room: Yes | Other Rooms: yes  | Broadband Internet Access: Yes | Satellite or Cable TV Ready: Yes | Business Center or Media Room in Building: Yes | Conference Room in Building: Yes | Intercom: Yes | ATM Machines: Yes | Other Business and Communication Facilities: yes  | Community Lawn or Garden: Yes | Community Swimming Pool: Yes | Community Gym: Yes | First Aid or Medical Centre: Yes | Day Care Centre: Yes | Kids Play Area: Yes | Barbeque Area: Yes | Mosque: Yes | Community Centre: Yes | Other Community Facilities: yes  | Sauna: Yes | Jacuzzi: Yes | Other Healthcare and Recreation Facilities: yes  | Nearby Schools: Yes | Nearby Hospitals: Yes | Nearby Shopping Malls: Yes | Nearby Restaurants: Yes | Distance From Airport (kms): 6 | Nearby Public Transport Service: Yes | Other Nearby Places: Main Boulevard | Maintenance Staff: Yes | Security Staff: Yes | Laundry or Dry Cleaning Facility: Yes | Communal/Shared Kitchen: Yes | Facilities for Disabled: Yes | Pet Policy: Allowed | Other Facilities: Yes","500","sqft","1","1","Lahore","Najeeb Ullah Khokhar","PKR","53320474","31.374414","Bahria Town, Bahria Town - Sector D","74.177749","+923219959574","https://media.zameen.com/thumbnails/289954254-800x600.webp","https://media.zameen.com/thumbnails/289954255-800x600.webp","https://media.zameen.com/thumbnails/289954256-800x600.webp","https://media.zameen.com/thumbnails/289954257-800x600.webp","https://media.zameen.com/thumbnails/289954258-800x600.webp","https://media.zameen.com/thumbnails/289954259-800x600.webp","https://media.zameen.com/thumbnails/289954260-800x600.webp","https://media.zameen.com/thumbnails/289954261-800x600.webp",,,,,,,,,,,,,,,,,,,,,,,,,,,,,,,,,,,,,,,,,,,"45000","flat","rent","zameen.com","One Bed Furnished Apartment Available For Rent In Sector D Bahria Town Lahore","https://www.zameen.com/Property/bahria_town_bahria_town_-_sector_d_one_bed_furnished_apartment_available_for_rent_in_sector_d_bahria_town_lahore-53320474-1796-4.html"
"Live where luxury meets lifestyle a premium 2 bedroom apartment for rent in Defence Raya Golf Apartments, Lahore. Experience exclusive golf community living in this luxury 2 bedroom apartment for rent, located in Building B, Defence Raya Golf Apartments. Designed for comfort, space, and modern lifestyle, this apartment is an excellent choice for families, professionals, and corporate executives seeking secure and upscale living in Lahore. Apartment Overview This beautifully planned apartment features a spacious TV lounge, 2 master bedrooms with attached bathrooms, and a fully equipped modern kitchen with appliances. A powder room ensures guest convenience, while a separate maid room with attached bath adds practicality. The private terrace with peaceful views enhances everyday living and offers a refreshing outdoor space. Key Features & Highlights Prime Location Building B Defence Raya 2 Master Bedrooms with Attached Bathrooms Spacious & Well-Lit TV Lounge Modern Kitchen with Appliances Powder Room Maid Room with Attached Bath Private Terrace with Scenic Views Secure & Well-Maintained Building Access to Defence Raya Golf Community Lifestyle Rental Value & Lifestyle Advantage Defence Raya Golf Apartments are among Lahores most in-demand rental destinations, offering strong rental value, premium living standards, and a secure gated environment. Ideal for executive rentals, corporate clients, expatriates, and family living. For Booking, Rent Details & Site Visit Contact now for complete details and to schedule a visit.","2026-03-07T19:38:02.000Z","https://media.zameen.com/thumbnails/74577670-120x90.webp","Man Associates","Built in year: 2026 | View: Facing Golf | Parking Spaces | Lobby in Building: Yes | Double Glazed Windows: Yes | Central Air Conditioning: Yes | Central Heating: Yes | Flooring: Tiles | Electricity Backup: Generator | Waste Disposal: Yes | Floor: 1 | Floors in Building: 11 | Elevators: 2 | Other Main Features: Brand New | Furnished: Yes | Bedrooms: 3 | Bathrooms: 4 | Servant Quarters | Drawing Room: Yes | Dining Room: Yes | Kitchens: 1 | Study Room: Yes | Prayer Room: Yes | Powder Room : Yes | Gym: Yes | Store Rooms: 1 | Steam Room: Yes | Lounge or Sitting Room: Yes | Laundry Room: Yes | Other Rooms: Maid Room | Broadband Internet Access: Yes | Satellite or Cable TV Ready: Yes | Business Center or Media Room in Building: Yes | Conference Room in Building: Yes | Intercom: Yes | ATM Machines: Yes | Other Business and Communication Facilities: Yes | Community Lawn or Garden: Yes | Community Swimming Pool: Yes | Community Gym: Yes | First Aid or Medical Centre: Yes | Day Care Centre: Yes | Kids Play Area: Yes | Barbeque Area: Yes | Mosque: Yes | Community Centre: Yes | Other Community Facilities: Yes | Sauna: Yes | Jacuzzi: Yes | Other Healthcare and Recreation Facilities: Yes | Nearby Schools: Yes | Nearby Hospitals: Yes | Nearby Shopping Malls: Yes | Nearby Restaurants: Yes | Distance From Airport (kms): Yes | Nearby Public Transport Service: Yes | Other Nearby Places: Yes","1668","sqft","4","3","Lahore","Shoaib Meo","PKR","53670243","31.469155","DHA Defence, Defence Raya","74.470553","+923224088999","https://media.zameen.com/thumbnails/292928077-800x600.webp","https://media.zameen.com/thumbnails/292928068-800x600.webp","https://media.zameen.com/thumbnails/292928069-800x600.webp","https://media.zameen.com/thumbnails/292928070-800x600.webp","https://media.zameen.com/thumbnails/292928071-800x600.webp","https://media.zameen.com/thumbnails/292928072-800x600.webp","https://media.zameen.com/thumbnails/292928073-800x600.webp","https://media.zameen.com/thumbnails/292928074-800x600.webp","https://media.zameen.com/thumbnails/292928075-800x600.webp","https://media.zameen.com/thumbnails/292928076-800x600.webp","https://media.zameen.com/thumbnails/292928078-800x600.webp","https://media.zameen.com/thumbnails/292928079-800x600.webp","https://media.zameen.com/thumbnails/292928080-800x600.webp","https://media.zameen.com/thumbnails/292928081-800x600.webp","https://media.zameen.com/thumbnails/292928082-800x600.webp","https://media.zameen.com/thumbnails/292928083-800x600.webp",,,,,,,,,,,,,,,,,,,,,,,,,,,,,,,,,,,"175000","flat","rent","zameen.com","Luxury 2 Bed Apartment For Rent Building B Defence Raya Golf Apartments Lahore Terrace + Maid Room","https://www.zameen.com/Property/dha_defence_defence_raya_luxury_2_bed_apartment_for_rent_building_b_defence_raya_golf_apartments_lahore_terrace_maid_room-53670243-8172-4.html"
"5 Marla House for Rent DHA 9 Town | Modern Design & Prime Location Looking for a stylish and comfortable home in DHA 9 Town? This brand-new 5 Marla house is perfect for families seeking luxury, convenience, and security all in one place! Key Features: Prime Location: Situated in DHA 9 Town, close to schools, markets, and main roads Modern Design: Sleek architecture with elegant interiors Spacious Layout: 3 bedrooms with attached baths, drawing & dining area Dual Kitchens: Perfect for family needs, fully fitted Premium Finishing: Imported fixtures and high-quality construction Parking & Security: 2-car covered parking and secure gated community Why Youll Love It: Ready to move in immediately Ideal for families who appreciate comfort and style Enjoy a vibrant community with all amenities at your doorstep Contact now to schedule a visit and make this dream home yours!","2026-03-07T19:36:38.000Z","https://media.zameen.com/thumbnails/74577670-120x90.webp","Man Associates","Built in year: 2026 | View: Facing Park  | Parking Spaces: 2 | Double Glazed Windows: Yes | Central Air Conditioning: Yes | Central Heating: Yes | Flooring: Wooden | Electricity Backup: Solar | Waste Disposal: Yes | Floors: 2 | Other Main Features: Corner  | Bedrooms: 3 | Bathrooms: 5 | Servant Quarters: 1 | Drawing Room: Yes | Dining Room: Yes | Kitchens: 2 | Study Room: Yes | Prayer Room: Yes | Powder Room : Yes | Store Rooms: 1 | Lounge or Sitting Room: Yes | Other Rooms: 3 | Broadband Internet Access: Yes | Satellite or Cable TV Ready: Yes | Intercom: Yes | Other Business and Communication Facilities: Defence Raya  | Community Lawn or Garden: Yes | Community Swimming Pool: Yes | Community Gym: Yes | First Aid or Medical Centre: Yes | Day Care Centre: Yes | Kids Play Area: Yes | Barbeque Area: Yes | Mosque: Yes | Community Centre: Yes | Other Community Facilities: Near Golf Courvce  | Lawn or Garden: Yes | Swimming Pool: Yes | Sauna: Yes | Jacuzzi: Yes | Nearby Schools: APS, LGS, BEACONHOUSE  | Nearby Hospitals: PKLI, AVICENA, NATIONAL ,IMC | Nearby Shopping Malls: DOL;MEN MALL  | Nearby Restaurants: CAFE ALYNTO,BARAH,MEET ME IN PARIS,GLORIA JEANS | Distance From Airport (kms): 5 | Nearby Public Transport Service: Yes | Other Nearby Places: Commercial Area  | Maintenance Staff: Yes | Security Staff: Yes | Facilities for Disabled: Yes | Other Facilities: ALL","5","marla","5","3","Lahore","Shoaib Meo","PKR","53880754","31.443859","DHA Defence, DHA 9 Town, DHA 9 Town - Block A","74.44052","+923224088999","https://media.zameen.com/thumbnails/294824703-800x600.webp","https://media.zameen.com/thumbnails/294824704-800x600.webp","https://media.zameen.com/thumbnails/294824705-800x600.webp","https://media.zameen.com/thumbnails/294824706-800x600.webp","https://media.zameen.com/thumbnails/294824707-800x600.webp","https://media.zameen.com/thumbnails/294824708-800x600.webp","https://media.zameen.com/thumbnails/294824709-800x600.webp","https://media.zameen.com/thumbnails/294824710-800x600.webp","https://media.zameen.com/thumbnails/294824711-800x600.webp","https://media.zameen.com/thumbnails/294824712-800x600.webp","https://media.zameen.com/thumbnails/294824713-800x600.webp","https://media.zameen.com/thumbnails/294824714-800x600.webp","https://media.zameen.com/thumbnails/294824715-800x600.webp","https://media.zameen.com/thumbnails/294824716-800x600.webp","https://media.zameen.com/thumbnails/294824717-800x600.webp","https://media.zameen.com/thumbnails/294824718-800x600.webp","https://media.zameen.com/thumbnails/294824719-800x600.webp","https://media.zameen.com/thumbnails/294824720-800x600.webp","https://media.zameen.com/thumbnails/294824721-800x600.webp","https://media.zameen.com/thumbnails/294824722-800x600.webp","https://media.zameen.com/thumbnails/294824924-800x600.webp","https://media.zameen.com/thumbnails/294824925-800x600.webp","https://media.zameen.com/thumbnails/294824926-800x600.webp","https://media.zameen.com/thumbnails/294824927-800x600.webp","https://media.zameen.com/thumbnails/294824928-800x600.webp","https://media.zameen.com/thumbnails/294824929-800x600.webp","https://media.zameen.com/thumbnails/294824930-800x600.webp","https://media.zameen.com/thumbnails/294824931-800x600.webp","https://media.zameen.com/thumbnails/294824932-800x600.webp","https://media.zameen.com/thumbnails/294824933-800x600.webp","https://media.zameen.com/thumbnails/294824934-800x600.webp","https://media.zameen.com/thumbnails/294824935-800x600.webp","https://media.zameen.com/thumbnails/294824936-800x600.webp",,,,,,,,,,,,,,,,,,"89000","house","rent","zameen.com","5 Marla Ultra Modern Designer Luxury House for Rent in DHA 9 Town Prime Location, Ready to Move In","https://www.zameen.com/Property/dha_9_town_dha_9_town_-_block_a_5_marla_ultra_modern_designer_luxury_house_for_rent_in_dha_9_town_prime_location_ready_to_move_in-53880754-8173-4.html"
"5 Marla Out Class Stylish Luxury Bungalow For Rent In DHA Phase 9 Town Owner Needy a Luxurious Bungalow Approach 50 Ft Wide Bungalow Details 3 Master Bed with attached Baths 4 Bathrooms in the Bungalow. 1 Beautiful T. V Lounge 1 Drawing & Dining 1 Fotile Company Kitchens 0 Servant Quarters 1 Big Cars Parking Grohi Sanitary Fittings 1 Store Rooms Beautiful Lawn & Terrace Bar B. Q Area in Bungalow Ash Wood Door Almirah Amazing Wallpapers & Entrance Lobby Imported Marbles & Tiles Flooring 1 Imported jacuzzis and 2 Cabin Showers in baths. Main Approach from Ring Road Near Main Boulevard, All Banks Hub, Real Estates Hub, Al-Fatah Store and Gloria Jeans are on the way. Very Reasonable Demand. Meeting Possible 24 7. FOR MORE UPDATES CALL US WE WILL HELP YOU LIKE WHAT YOU WANT.","2026-03-09T09:44:17.000Z","https://media.zameen.com/thumbnails/20471514-120x90.webp","OLX Real Estate",,"5","marla","3","3","Lahore","jamil","PKR","53828525","31.44082","DHA Defence, DHA 9 Town","74.438589","+923234899987","https://media.zameen.com/thumbnails/294465412-800x600.webp","https://media.zameen.com/thumbnails/294465413-800x600.webp","https://media.zameen.com/thumbnails/294465414-800x600.webp","https://media.zameen.com/thumbnails/294465415-800x600.webp","https://media.zameen.com/thumbnails/294465416-800x600.webp",,,,,,,,,,,,,,,,,,,,,,,,,,,,,,,,,,,,,,,,,,,,,,"96000","house","rent","zameen.com","5 Marla Out Class Stylish Luxury Bungalow For Rent In DHA Phase 9 Town","https://www.zameen.com/Property/dha_defence_dha_9_town_5_marla_out_class_stylish_luxury_bungalow_for_rent_in_dha_phase_9_town-53828525-1452-4.html"
"WE HAVE MULTIPLE OPTION ON BEDIAN AND ABRKI ROAD, LAHORE. NOTE: UPLOUDED PICTURES ARE NOT THE SAME FARM HOUSE. ALL FARM HOUSES ARE LUXURY AND WELL-MAINTAINED. PRICES START FROM 20K TO 75K AND THIS RENT IS ONLY FOR FOR 6 TO 8 HOURS. FACILITIES BELOW. Built in year: 2024 View: LUSH Parking Spaces: 20 Double Glazed Windows Central Air Conditioning Central Heating Flooring: Tiles Electricity Backup: Generator Floors: 1 Other Main Features: yes Rooms Bedrooms: 2 Bathrooms: 4 Drawing Room Dining Room Kitchens: 1 Study Room Prayer Room Store Rooms: 1 Other Rooms: 2 Business and Communication Broadband Internet Access Satellite or Cable TV Ready Intercom Other Business and Communication Facilities: yes Community Features Community Lawn or Garden Community Swimming Pool Community Gym First Aid or Medical Centre Day Care Centre Kids Play Area Barbeque Area Mosque Community Centre Other Community Facilities: yes Healthcare Recreational Lawn or Garden Swimming Pool Sauna Jacuzzi Nearby Locations and Other Facilities Nearby Schools: yes Nearby Hospitals: PKLI Nearby Shopping Malls: DOLMEN MALL Nearby Restaurants: YES Distance From Airport (kms): 5 KM Nearby Public Transport Service: yes Other Nearby Places: yes","2026-03-10T08:58:53.000Z","https://media.zameen.com/thumbnails/176140857-120x90.webp","Ali Real Estate","Built in year: 2025 | View: GOOD | Parking Spaces: 20 | Double Glazed Windows: Yes | Central Air Conditioning: Yes | Central Heating: Yes | Flooring: Tiles | Electricity Backup: Generator | Waste Disposal: Yes | Floors: 2 | Other Main Features: Yes | Furnished: Yes | Bedrooms: 4 | Bathrooms: 6 | Servant Quarters: 1 | Drawing Room: Yes | Dining Room: Yes | Kitchens: 1 | Study Room: Yes | Prayer Room: Yes | Powder Room : Yes | Gym: Yes | Store Rooms: 1 | Steam Room: Yes | Lounge or Sitting Room: Yes | Laundry Room: Yes | Other Rooms: Yes | Broadband Internet Access: Yes | Satellite or Cable TV Ready: Yes | Intercom: Yes | Other Business and Communication Facilities: yes  | Community Lawn or Garden: Yes | Community Swimming Pool: Yes | Community Gym: Yes | First Aid or Medical Centre: Yes | Day Care Centre: Yes | Kids Play Area: Yes | Barbeque Area: Yes | Mosque: Yes | Community Centre: Yes | Other Community Facilities: yes  | Lawn or Garden: Yes | Swimming Pool: Yes | Sauna: Yes | Jacuzzi: Yes | Other Healthcare and Recreation Facilities: Yes | Nearby Schools: Yes | Nearby Hospitals:  YES | Nearby Shopping Malls: DOLMEN MALL | Nearby Restaurants:  YES | Distance From Airport (kms): 5 KM | Nearby Public Transport Service: Yes | Other Nearby Places: Yes | Maintenance Staff: Yes | Security Staff: Yes | Facilities for Disabled: Yes | Other Facilities: .","6","kanal","3","2","Lahore","Shahbaz Ahmad","PKR","53541061","31.473474","Bedian Road","74.429569","+923064410764","https://media.zameen.com/thumbnails/295225143-800x600.webp","https://media.zameen.com/thumbnails/291643430-800x600.webp","https://media.zameen.com/thumbnails/291643431-800x600.webp","https://media.zameen.com/thumbnails/291642815-800x600.webp","https://media.zameen.com/thumbnails/291642816-800x600.webp","https://media.zameen.com/thumbnails/291642817-800x600.webp","https://media.zameen.com/thumbnails/291642818-800x600.webp","https://media.zameen.com/thumbnails/291642824-800x600.webp","https://media.zameen.com/thumbnails/291642819-800x600.webp","https://media.zameen.com/thumbnails/291642825-800x600.webp","https://media.zameen.com/thumbnails/291642826-800x600.webp","https://media.zameen.com/thumbnails/291642821-800x600.webp","https://media.zameen.com/thumbnails/291642822-800x600.webp","https://media.zameen.com/thumbnails/291642823-800x600.webp","https://media.zameen.com/thumbnails/291643084-800x600.webp",,,,,,,,,,,,,,,,,,,,,,,,,,,,,,,,,,,,"30000","farm house","rent","zameen.com","Farm House With Swimming Pool For Rent On Bedia Road Near DHA","https://www.zameen.com/Property/lahore_bedian_road_farm_house_with_swimming_pool_for_rent_on_bedia_road_near_dha-53541061-378-4.html"
"SHAH JEE ESTATE 30 Marla House 7 Bedroom With Attached Washroom 2 Tv Lounge 2 Drawing Room 1 Dining Room 2 Kitchen 1 Washing Area 2 Store Room 1 Servant Quarters, 8 Parking Spaces Lawn or Garden & Facing Park Good Location. Description 30 marla Independent House For Rent. It Can Be Use For Residential Or Commercial Purposes. Ideal For Cafe, Banks, Silent Offices, Local And International Brands Or Companies. Corporate Offices, Frime Location Of Gulberg + all Famous Brands And Banks Near This Point. large Parking Space. this Property Also For S Rent Purpose, Read Less ^ Read Less~","2026-03-09T07:57:18.000Z","https://media.zameen.com/thumbnails/234267298-120x90.webp","Shah Jee Estate","Built in year: 2024 | View: 1 | Parking Spaces: 9 | Double Glazed Windows: Yes | Central Air Conditioning: Yes | Central Heating: Yes | Flooring: Tiles | Electricity Backup: Generator | Waste Disposal: Yes | Floors: 1 | Other Main Features: 1 | Furnished: Yes | Bedrooms: 7 | Bathrooms: 7 | Servant Quarters: 2 | Drawing Room: Yes | Dining Room: Yes | Kitchens: 2 | Study Room: Yes | Prayer Room: Yes | Powder Room : Yes | Gym: Yes | Store Rooms: 1 | Steam Room: Yes | Lounge or Sitting Room: Yes | Laundry Room: Yes | Other Rooms: 1 | Broadband Internet Access: Yes | Satellite or Cable TV Ready: Yes | Intercom: Yes | Other Business and Communication Facilities: 1 | Community Lawn or Garden: Yes | Community Swimming Pool: Yes | Community Gym: Yes | First Aid or Medical Centre: Yes | Day Care Centre: Yes | Kids Play Area: Yes | Barbeque Area: Yes | Mosque: Yes | Community Centre: Yes | Other Community Facilities: 1 | Lawn or Garden: Yes | Swimming Pool: Yes | Sauna: Yes | Jacuzzi: Yes | Other Healthcare and Recreation Facilities: 1 | Nearby Schools: lgs | Nearby Hospitals: ijaz hospital | Nearby Shopping Malls: mm alam | Nearby Restaurants: kfc | Distance From Airport (kms): 11 | Nearby Public Transport Service: 1 | Other Nearby Places: 1 | Maintenance Staff: Yes | Security Staff: Yes | Facilities for Disabled: Yes | Other Facilities: 1","6750","sqft","6","7","Lahore","Ali Shah","PKR","52436883","31.515489583794","Gulberg, Gulberg 2","74.347519005008","+923001221022","https://media.zameen.com/thumbnails/277076305-800x600.webp","https://media.zameen.com/thumbnails/277076306-800x600.webp","https://media.zameen.com/thumbnails/277076307-800x600.webp","https://media.zameen.com/thumbnails/277076308-800x600.webp","https://media.zameen.com/thumbnails/277076309-800x600.webp","https://media.zameen.com/thumbnails/277076310-800x600.webp","https://media.zameen.com/thumbnails/277076311-800x600.webp","https://media.zameen.com/thumbnails/277076312-800x600.webp","https://media.zameen.com/thumbnails/277076313-800x600.webp","https://media.zameen.com/thumbnails/277076314-800x600.webp","https://media.zameen.com/thumbnails/277076315-800x600.webp","https://media.zameen.com/thumbnails/277076316-800x600.webp","https://media.zameen.com/thumbnails/277076317-800x600.webp","https://media.zameen.com/thumbnails/277076318-800x600.webp","https://media.zameen.com/thumbnails/277076319-800x600.webp","https://media.zameen.com/thumbnails/277076320-800x600.webp","https://media.zameen.com/thumbnails/277076321-800x600.webp","https://media.zameen.com/thumbnails/277076322-800x600.webp","https://media.zameen.com/thumbnails/277076323-800x600.webp","https://media.zameen.com/thumbnails/277076324-800x600.webp","https://media.zameen.com/thumbnails/277076325-800x600.webp","https://media.zameen.com/thumbnails/277076326-800x600.webp","https://media.zameen.com/thumbnails/277076327-800x600.webp","https://media.zameen.com/thumbnails/277076328-800x600.webp","https://media.zameen.com/thumbnails/277076329-800x600.webp","https://media.zameen.com/thumbnails/277076330-800x600.webp","https://media.zameen.com/thumbnails/277076331-800x600.webp","https://media.zameen.com/thumbnails/277076332-800x600.webp","https://media.zameen.com/thumbnails/277076333-800x600.webp","https://media.zameen.com/thumbnails/277076334-800x600.webp","https://media.zameen.com/thumbnails/277076335-800x600.webp","https://media.zameen.com/thumbnails/277076336-800x600.webp","https://media.zameen.com/thumbnails/277076337-800x600.webp","https://media.zameen.com/thumbnails/277076338-800x600.webp","https://media.zameen.com/thumbnails/277076339-800x600.webp","https://media.zameen.com/thumbnails/277076340-800x600.webp","https://media.zameen.com/thumbnails/277076341-800x600.webp","https://media.zameen.com/thumbnails/277076342-800x600.webp","https://media.zameen.com/thumbnails/277076343-800x600.webp","https://media.zameen.com/thumbnails/277076344-800x600.webp","https://media.zameen.com/thumbnails/277076345-800x600.webp","https://media.zameen.com/thumbnails/277076346-800x600.webp","https://media.zameen.com/thumbnails/277076347-800x600.webp","https://media.zameen.com/thumbnails/277076348-800x600.webp","https://media.zameen.com/thumbnails/277076349-800x600.webp","https://media.zameen.com/thumbnails/277076350-800x600.webp","https://media.zameen.com/thumbnails/277076351-800x600.webp",,,,"500000","house","rent","zameen.com","30 Marla House For Rent SHAH JEE ESTATE","https://www.zameen.com/Property/gulberg_gulberg_2_30_marla_house_for_rent_shah_jee_estate-52436883-3809-4.html"
"Hattar Marketing Offering Best Investment, Selling and Rental Opportunities to its valued client based from last many years in dynamic real estate market. We are offering you Secure Investment Opportunities in LDA Approved Housing Societies and Projects according your Return-on-Investment Needs. We Believe on Face 2 Face Deals. No Under table Deals or margins. Authorized Dealer of Bahria Town All Projects. Bahria Town is a city in itself. If you live here, you do not have to travel to the main city to go shopping. From high-end clothing and accessory brands to local grocery products, this society provides its residents with a wide variety of retail options. Bahria Town Lahore has its own power generation system, which ensures there is no load-shedding in the society. Siemens has installed and commissioned a grid station that produces 78 MWA with 132 KVA transmission lines. An uninterrupted power supply is one of the most sought-after features of any housing society. This is one of the biggest reasons why a lot of people want to invest in property in Bahria Town Lahore.","2026-03-10T06:11:40.000Z","https://media.zameen.com/thumbnails/282496288-120x90.webp","Hattar Marketing","Built in year: 2025 | View: Superb | Parking Spaces | Double Glazed Windows: Yes | Central Air Conditioning: Yes | Central Heating: Yes | Flooring: Tiles | Electricity Backup: Other | Waste Disposal: Yes | Elevators | Service Elevators in Building: Yes | Other Main Features: Yes | Furnished: Yes | Bedrooms: 1 | Bathrooms: 1 | Servant Quarters: 2 | Drawing Room: Yes | Dining Room: Yes | Kitchens | Study Room: Yes | Prayer Room: Yes | Powder Room : Yes | Store Rooms: 2 | Steam Room: Yes | Lounge or Sitting Room: Yes | Laundry Room: Yes | Other Rooms: Yes | Broadband Internet Access: Yes | Satellite or Cable TV Ready: Yes | Business Center or Media Room in Building: Yes | Conference Room in Building: Yes | Intercom: Yes | ATM Machines: Yes | Other Business and Communication Facilities: Yes | Community Lawn or Garden: Yes | Community Swimming Pool: Yes | Community Gym: Yes | First Aid or Medical Centre: Yes | Day Care Centre: Yes | Kids Play Area: Yes | Barbeque Area: Yes | Mosque: Yes | Community Centre: Yes | Other Community Facilities: Yes | Sauna: Yes | Jacuzzi: Yes | Other Healthcare and Recreation Facilities: Yes | Nearby Schools: Yes | Nearby Hospitals: Yes | Nearby Shopping Malls: Yes | Nearby Restaurants: Yes | Distance From Airport (kms): Yes | Nearby Public Transport Service: Yes | Other Nearby Places: Yes | Maintenance Staff: Yes | Security Staff: Yes | Laundry or Dry Cleaning Facility: Yes | Facilities for Disabled: Yes | Other Facilities: Yes","500","sqft","1","1","Lahore","Zaheer Iqbal","PKR","53725903","31.374195","Bahria Town, Bahria Town - Sector C","74.191482","+923405375980","https://media.zameen.com/thumbnails/295224883-800x600.webp","https://media.zameen.com/thumbnails/295224884-800x600.webp","https://media.zameen.com/thumbnails/295224885-800x600.webp","https://media.zameen.com/thumbnails/295224886-800x600.webp","https://media.zameen.com/thumbnails/295232739-800x600.webp","https://media.zameen.com/thumbnails/295232740-800x600.webp","https://media.zameen.com/thumbnails/295232741-800x600.webp","https://media.zameen.com/thumbnails/295232742-800x600.webp",,,,,,,,,,,,,,,,,,,,,,,,,,,,,,,,,,,,,,,,,,,"45000","flat","rent","zameen.com","Luxury One Bed Furnished Apartment Available For Rent In Sector C Bahria Town Lahore","https://www.zameen.com/Property/bahria_town_bahria_town_-_sector_c_luxury_one_bed_furnished_apartment_available_for_rent_in_sector_c_bahria_town_lahore-53725903-1784-4.html"
"10 Marla House available for rent DHA Phase-5 Block-D 4 master Bedrooms attached baths Drawing Dinning and Tv lounge wooden floor in drawing Dinning 2 car parking +","2026-03-09T09:51:25.000Z",,"Tameer Real Estate Consultant And Builders","Built in year: 2020 | View: awesome | Parking Spaces | Double Glazed Windows: Yes | Central Air Conditioning: Yes | Central Heating: Yes | Flooring: Tiles | Electricity Backup: Ups | Waste Disposal: Yes | Floors: 2 | Other Main Features: yes","10","marla","5","4","Lahore","Zeeshan Ahmed","PKR","53920285","31.467069","DHA Defence, DHA Phase 5, DHA Phase 5 - Block D","74.416108","+923214889931","https://media.zameen.com/thumbnails/295184129-800x600.webp","https://media.zameen.com/thumbnails/295184130-800x600.webp","https://media.zameen.com/thumbnails/295184131-800x600.webp","https://media.zameen.com/thumbnails/295184132-800x600.webp","https://media.zameen.com/thumbnails/295184133-800x600.webp","https://media.zameen.com/thumbnails/295184134-800x600.webp","https://media.zameen.com/thumbnails/295184135-800x600.webp","https://media.zameen.com/thumbnails/295184136-800x600.webp","https://media.zameen.com/thumbnails/295184137-800x600.webp","https://media.zameen.com/thumbnails/295184138-800x600.webp","https://media.zameen.com/thumbnails/295184139-800x600.webp","https://media.zameen.com/thumbnails/295184140-800x600.webp","https://media.zameen.com/thumbnails/295184141-800x600.webp","https://media.zameen.com/thumbnails/295184142-800x600.webp","https://media.zameen.com/thumbnails/295184143-800x600.webp","https://media.zameen.com/thumbnails/295184144-800x600.webp","https://media.zameen.com/thumbnails/295184145-800x600.webp",,,,,,,,,,,,,,,,,,,,,,,,,,,,,,,,,,"235000","house","rent","zameen.com","10 Marla House available for rent DHA Phase-5 Block-D","https://www.zameen.com/Property/dha_phase_5_dha_phase_5_-_block_d_10_marla_house_available_for_rent_dha_phase-5_block-d-53920285-1601-4.html"
"A well-maintained 2 Marla commercial apartment available for rent in Block AA, Bahria Town, Lahore. Situated on the 1st floor, offering a comfortable and peaceful setting. Designed with a practical layout and good natural light. Located in a prime commercial area with convenient access to main roads. Set within a secure and well-developed environment. An excellent option for those seeking a presentable commercial apartment. Contact for more details.","2026-03-09T06:40:52.000Z","https://media.zameen.com/thumbnails/20470842-120x90.webp","Danyial Estate & Builders","Built in year: 2025 | View: MODREN | Parking Spaces | Double Glazed Windows: Yes | Central Air Conditioning: Yes | Central Heating: Yes | Flooring: Tiles | Electricity Backup: Generator | Waste Disposal: Yes | Floor | Floors in Building: 3 | Other Main Features: STRONGLY BUILT | Furnished: Yes | Bedrooms: 4 | Bathrooms: 5 | Servant Quarters | Drawing Room: Yes | Dining Room: Yes | Kitchens: 1 | Study Room: Yes | Prayer Room: Yes | Powder Room : Yes | Gym: Yes | Store Rooms | Steam Room: Yes | Lounge or Sitting Room: Yes | Laundry Room: Yes | Other Rooms: Yes | Broadband Internet Access: Yes | Satellite or Cable TV Ready: Yes | Intercom: Yes | Other Business and Communication Facilities: Yes | Community Lawn or Garden: Yes | Community Swimming Pool: Yes | Community Gym: Yes | First Aid or Medical Centre: Yes | Day Care Centre: Yes | Kids Play Area: Yes | Barbeque Area: Yes | Mosque: Yes | Community Centre: Yes | Other Community Facilities: Yes | Sauna: Yes | Jacuzzi: Yes | Other Healthcare and Recreation Facilities: Yes | Nearby Schools: YESS | Nearby Hospitals: Yes | Nearby Shopping Malls: Yes | Nearby Restaurants: Yes | Distance From Airport (kms): FEW | Nearby Public Transport Service: Yes | Other Nearby Places: Yes | Maintenance Staff: Yes | Security Staff: Yes | Facilities for Disabled: Yes | Other Facilities: Yes","2","marla","1","0","Lahore","Danyial Asif","PKR","53769482","31.375514","Bahria Town, Bahria Town - Sector D, Bahria Town - Block AA","74.172735","+924235491105","https://media.zameen.com/thumbnails/293817202-800x600.webp","https://media.zameen.com/thumbnails/293817203-800x600.webp","https://media.zameen.com/thumbnails/293817204-800x600.webp","https://media.zameen.com/thumbnails/293817205-800x600.webp","https://media.zameen.com/thumbnails/293817206-800x600.webp",,,,,,,,,,,,,,,,,,,,,,,,,,,,,,,,,,,,,,,,,,,,,,"30000","flat","rent","zameen.com","2 Marla Apartment 1st Floor For Rent In AA Block Bahria Town Lahore","https://www.zameen.com/Property/bahria_town_sector_d_bahria_town_-_block_aa_2_marla_apartment_1st_floor_for_rent_in_aa_block_bahria_town_lahore-53769482-1797-4.html"
"D H A Lahore 2 kanal Owner Build design house with 100% original pics available for Rent this house have 7 Master bedrooms with attached bathrooms shower cabin Jacuzzi TUB imported fitting 2 T v lounge 3 company Aran kitchen 1 Drawing Room dining Room 6 huge car parking 2 lush green lawn 12 A. C certain All accessories are imported store room cameras system Security Electronic Wire 2 Servant Quarter imported Tails and Wooden floor Near to Mosque shopping Malls Branded store food court Reasonable Rent and All info about this house and more others options and all details . Mian Jee Real Estate Builders","2026-03-07T22:27:17.000Z","https://media.zameen.com/thumbnails/170947222-120x90.webp","Mian Jee Real Estate & Builders","Built in year: 2023 | View: Hot | Parking Spaces: 6 | Double Glazed Windows: Yes | Central Air Conditioning: Yes | Central Heating: Yes | Flooring: Tiles | Electricity Backup: Ups | Waste Disposal: Yes | Floors: 2 | Other Main Features: Yes | Furnished: Yes | Bedrooms: 7 | Bathrooms: 8 | Servant Quarters: 2 | Drawing Room: Yes | Dining Room: Yes | Kitchens: 3 | Study Room: Yes | Prayer Room: Yes | Powder Room : Yes | Gym: Yes | Store Rooms: 1 | Steam Room: Yes | Lounge or Sitting Room: Yes | Laundry Room: Yes | Other Rooms: 1 | Broadband Internet Access: Yes | Satellite or Cable TV Ready: Yes | Intercom: Yes | Other Business and Communication Facilities: Yes | Community Lawn or Garden: Yes | Community Swimming Pool: Yes | Community Gym: Yes | First Aid or Medical Centre: Yes | Day Care Centre: Yes | Kids Play Area: Yes | Barbeque Area: Yes | Mosque: Yes | Community Centre: Yes | Other Community Facilities: Yes | Lawn or Garden: Yes | Swimming Pool: Yes | Sauna: Yes | Jacuzzi: Yes | Other Healthcare and Recreation Facilities: Yes | Nearby Schools: Yes | Nearby Hospitals: Yes | Nearby Shopping Malls: Yes | Nearby Restaurants: Yes | Distance From Airport (kms): 10 | Nearby Public Transport Service: Yes | Other Nearby Places: Yes | Maintenance Staff: Yes | Security Staff: Yes | Facilities for Disabled: Yes | Other Facilities: available","2","kanal","6","7","Lahore","Mian Abdul Jabbar","PKR","50032920","31.475378","DHA Defence, DHA Phase 3","74.373808","+923000408130","https://media.zameen.com/thumbnails/272980494-800x600.webp","https://media.zameen.com/thumbnails/272980495-800x600.webp","https://media.zameen.com/thumbnails/272980496-800x600.webp","https://media.zameen.com/thumbnails/272980497-800x600.webp","https://media.zameen.com/thumbnails/272980498-800x600.webp","https://media.zameen.com/thumbnails/272980499-800x600.webp","https://media.zameen.com/thumbnails/272980500-800x600.webp","https://media.zameen.com/thumbnails/272980501-800x600.webp","https://media.zameen.com/thumbnails/272980502-800x600.webp","https://media.zameen.com/thumbnails/272980503-800x600.webp","https://media.zameen.com/thumbnails/272980504-800x600.webp","https://media.zameen.com/thumbnails/272980505-800x600.webp","https://media.zameen.com/thumbnails/272980506-800x600.webp","https://media.zameen.com/thumbnails/272980507-800x600.webp","https://media.zameen.com/thumbnails/272980508-800x600.webp","https://media.zameen.com/thumbnails/272980509-800x600.webp","https://media.zameen.com/thumbnails/272980510-800x600.webp","https://media.zameen.com/thumbnails/272980511-800x600.webp","https://media.zameen.com/thumbnails/272980512-800x600.webp","https://media.zameen.com/thumbnails/272980513-800x600.webp","https://media.zameen.com/thumbnails/272980514-800x600.webp","https://media.zameen.com/thumbnails/272980515-800x600.webp","https://media.zameen.com/thumbnails/272980516-800x600.webp","https://media.zameen.com/thumbnails/272980517-800x600.webp","https://media.zameen.com/thumbnails/272980518-800x600.webp","https://media.zameen.com/thumbnails/272980519-800x600.webp","https://media.zameen.com/thumbnails/272980520-800x600.webp","https://media.zameen.com/thumbnails/272980521-800x600.webp","https://media.zameen.com/thumbnails/272980522-800x600.webp","https://media.zameen.com/thumbnails/272980523-800x600.webp","https://media.zameen.com/thumbnails/272980524-800x600.webp","https://media.zameen.com/thumbnails/272980525-800x600.webp","https://media.zameen.com/thumbnails/272980526-800x600.webp","https://media.zameen.com/thumbnails/272980527-800x600.webp","https://media.zameen.com/thumbnails/272980528-800x600.webp","https://media.zameen.com/thumbnails/272980529-800x600.webp","https://media.zameen.com/thumbnails/272980530-800x600.webp","https://media.zameen.com/thumbnails/272980531-800x600.webp","https://media.zameen.com/thumbnails/272980533-800x600.webp","https://media.zameen.com/thumbnails/272980534-800x600.webp","https://media.zameen.com/thumbnails/272980536-800x600.webp","https://media.zameen.com/thumbnails/272980537-800x600.webp",,,,,,,,,"500000","house","rent","zameen.com","D H A Lahore 2 Kanal Owner Build Design House With 100% Original Pictures Available For Rent","https://www.zameen.com/Property/dha_defence_dha_phase_3_d_h_a_lahore_2_kanal_owner_build_design_house_with_100_original_pictures_available_for_rent-50032920-1454-4.html"
"Remax Real Estate and Builders Is the Name of Trust in Dynamic Real Estate Market for Its Valued Clients Base from Last 15 Years. We Are Offering You Secure Investment Opportunities In LDA Housing Societies And Projects According To Your Return On Investment Needs. We Have Professionals Realtors Team Who Are Committed To Provide Excellent Real Estate Services And Consultancy In Approved Housing Societies Across Pakistan. For Investment Selling and Buying of Residential and Commercial Plots in Bahria Town and Bahria Orchard Lahore.","2026-03-10T09:23:30.000Z","https://media.zameen.com/thumbnails/274610948-120x90.webp","Remax Estate & Builders","Built in year: 2025 | View: good | Parking Spaces | Lobby in Building: Yes | Double Glazed Windows: Yes | Central Air Conditioning: Yes | Central Heating: Yes | Flooring: Tiles | Electricity Backup: Generator | Waste Disposal: Yes | Floor: 4 | Floors in Building: 5 | Elevators | Service Elevators in Building: Yes | Other Main Features: available | Furnished: Yes | Bedrooms: 1 | Bathrooms: 1 | Servant Quarters | Drawing Room: Yes | Dining Room: Yes | Kitchens: 1 | Study Room: Yes | Prayer Room: Yes | Powder Room : Yes | Gym: Yes | Store Rooms | Steam Room: Yes | Lounge or Sitting Room: Yes | Other Rooms: n/a | Broadband Internet Access: Yes | Satellite or Cable TV Ready: Yes | Business Center or Media Room in Building: Yes | Conference Room in Building: Yes | Intercom: Yes | ATM Machines: Yes | Other Business and Communication Facilities: available | Community Lawn or Garden: Yes | Community Swimming Pool: Yes | Community Gym: Yes | First Aid or Medical Centre: Yes | Day Care Centre: Yes | Kids Play Area: Yes | Barbeque Area: Yes | Mosque: Yes | Community Centre: Yes | Other Community Facilities: available | Nearby Schools: Yes | Nearby Hospitals: Yes | Nearby Shopping Malls: Yes | Nearby Restaurants: Yes | Distance From Airport (kms): 13 km | Nearby Public Transport Service: Yes | Other Nearby Places: Yes | Security Staff: Yes | Other Facilities: Yes","550","sqft","1","1","Lahore","Mian Zubair","PKR","53804398","31.355909","Bahria Town, Bahria Town - Sector E, Bahria Town - Quaid Block","74.181014","+923214443733","https://media.zameen.com/thumbnails/294121840-800x600.webp","https://media.zameen.com/thumbnails/294121841-800x600.webp","https://media.zameen.com/thumbnails/294121842-800x600.webp","https://media.zameen.com/thumbnails/294121843-800x600.webp","https://media.zameen.com/thumbnails/294121844-800x600.webp","https://media.zameen.com/thumbnails/294121845-800x600.webp","https://media.zameen.com/thumbnails/294121846-800x600.webp","https://media.zameen.com/thumbnails/294121847-800x600.webp","https://media.zameen.com/thumbnails/294121848-800x600.webp","https://media.zameen.com/thumbnails/294121849-800x600.webp","https://media.zameen.com/thumbnails/294121850-800x600.webp",,,,,,,,,,,,,,,,,,,,,,,,,,,,,,,,,,,,,,,,"55000","flat","rent","zameen.com","One Bed Luxury Apartment Available For Rent In Quaid Block Bahria Town Lahore","https://www.zameen.com/Property/bahria_town_sector_e_bahria_town_-_quaid_block_one_bed_luxury_apartment_available_for_rent_in_quaid_block_bahria_town_lahore-53804398-1808-4.html"
"Bismillah Housing Scheme Is Known For Its Facilities While The Property Value Has Remained Stable Over The Years. A Price Tag Of PKR Rs. 40000 Is Quite Reasonable For A Spacious House In Bismillah Housing Scheme. Your Search Ends With This House. The House Available For Rent Checks All The Boxes, So What Are You Waiting For? Your Search For Properties Sized 3 Marla Is Now Over! Go Through This Listing. Let Us Take You On The Virtual Real Estate Tour Of Lahore City. To Make A Booking In Upcoming Projects, Get In Touch With Us Today.","2026-03-09T06:13:08.000Z","https://media.zameen.com/thumbnails/64146871-120x90.webp","Al Haramain Estate & Designer Builders","Built in year: 2025 | Parking Spaces: 4 | Double Glazed Windows: Yes | Central Air Conditioning: Yes | Central Heating: Yes | Flooring: Tiles | Electricity Backup: Solar | Waste Disposal: Yes | Floors: 2 | Other Main Features: Yes  | Bedrooms: 6 | Bathrooms: 6 | Servant Quarters: 2 | Drawing Room: Yes | Dining Room: Yes | Kitchens: 2 | Study Room: Yes | Prayer Room: Yes | Powder Room : Yes | Gym: Yes | Store Rooms: 2 | Steam Room: Yes | Lounge or Sitting Room: Yes | Laundry Room: Yes | Other Rooms: Yes | Broadband Internet Access: Yes | Satellite or Cable TV Ready: Yes | Intercom: Yes | Other Business and Communication Facilities: Yes  | Community Lawn or Garden: Yes | Community Swimming Pool: Yes | Community Gym: Yes | First Aid or Medical Centre: Yes | Day Care Centre: Yes | Kids Play Area: Yes | Barbeque Area: Yes | Mosque: Yes | Community Centre: Yes | Other Community Facilities: Yes  | Lawn or Garden: Yes | Swimming Pool: Yes | Sauna: Yes | Jacuzzi: Yes | Other Healthcare and Recreation Facilities: Yes  | Nearby Schools: Yes | Nearby Hospitals: Yes | Nearby Shopping Malls: Yes | Nearby Restaurants: Yes | Distance From Airport (kms): 13 | Nearby Public Transport Service: Yes | Other Nearby Places: Markaz | Maintenance Staff: Yes | Security Staff: Yes | Facilities for Disabled: Yes | Other Facilities: Yes","3","marla","4","3","Lahore","Waleed Khan","PKR","53721821","31.598386","GT Road, Bismillah Housing Scheme","74.480821","+923074493196",,,,,,,,,,,,,,,,,,,,,,,,,,,,,,,,,,,,,,,,,,,,,,,,,,,"40000","house","rent","zameen.com","It Is A Beautiful Location And Near To Main Gate And Near To Park And Mosque House For Rent","https://www.zameen.com/Property/gt_road_bismillah_housing_scheme_it_is_a_beautiful_location_and_near_to_main_gate_and_near_to_park_and_mosque_house_for_rent-53721821-8446-4.html"
"2 kanal beautiful house available for rent in garden town Lahore best option for IT call centre office use rent demand Garden Town offers real estate options in good locations surrounded by all kinds of facilities, so don't miss the opportunity. You need to trust us when we state: a better, more reasonable, price offer than this property's Rs. 675000 tag may not appear on your radar for a while. For the kind of well-designed House you are looking for, this one is a great option. Book your 9000 Square Feet House today to mark the beginning of your prosperous future. Rental property like this one doesn't pop up easily, so make a move before it's gone. If this House interests you wait, wait till you visit Garden Town. You can call us right away for more information about the project.","2026-03-08T16:11:59.000Z",,,"Nearby Schools: all | Nearby Hospitals: all | Nearby Shopping Malls: all | Nearby Restaurants: all | Distance From Airport (kms): 5km | Nearby Public Transport Service: all | Other Nearby Places: DHA ring road  | Security Staff: Yes | Other Facilities: Available","2","kanal","6","6","Lahore","Umar Hussain","PKR","50779573","31.503922","Garden Town","74.323139","+923057512898","https://media.zameen.com/thumbnails/262218405-800x600.webp","https://media.zameen.com/thumbnails/262218406-800x600.webp","https://media.zameen.com/thumbnails/262218407-800x600.webp","https://media.zameen.com/thumbnails/262218410-800x600.webp","https://media.zameen.com/thumbnails/262218411-800x600.webp","https://media.zameen.com/thumbnails/262218412-800x600.webp",,,,,,,,,,,,,,,,,,,,,,,,,,,,,,,,,,,,,,,,,,,,,"675000","house","rent","zameen.com","House For Rent","https://www.zameen.com/Property/lahore_garden_town_house_for_rent-50779573-4-4.html"
"5 Marla House Is Available For Rent In DHA 11 Rahbar Phase 2 Lahore. Perfect For Small Families Looking For Comfort, Convenience, And A Secure Environment. Property Features: - 3 Bedrooms With Attached Washrooms - TV Lounge","2026-03-09T18:03:34.000Z","https://media.zameen.com/thumbnails/20471153-120x90.webp","Estate 99","Built in year: 2024 | View: open | Parking Spaces: 2 | Double Glazed Windows: Yes | Central Air Conditioning: Yes | Central Heating: Yes | Flooring: Tiles | Electricity Backup: Other | Waste Disposal: Yes | Floors: 3 | Other Main Features: yes  | Furnished: Yes | Bedrooms: 5 | Bathrooms: 5 | Servant Quarters: 1 | Drawing Room: Yes | Dining Room: Yes | Kitchens: 1 | Study Room: Yes | Prayer Room: Yes | Powder Room : Yes | Gym: Yes | Store Rooms: 1 | Steam Room: Yes | Lounge or Sitting Room: Yes | Laundry Room: Yes | Other Rooms: yes  | Broadband Internet Access: Yes | Satellite or Cable TV Ready: Yes | Intercom: Yes | Other Business and Communication Facilities: yes  | Community Lawn or Garden: Yes | Community Swimming Pool: Yes | Community Gym: Yes | First Aid or Medical Centre: Yes | Day Care Centre: Yes | Kids Play Area: Yes | Barbeque Area: Yes | Mosque: Yes | Community Centre: Yes | Other Community Facilities: yes  | Lawn or Garden: Yes | Swimming Pool: Yes | Sauna: Yes | Jacuzzi: Yes | Other Healthcare and Recreation Facilities: yes  | Nearby Schools: yes  | Nearby Hospitals: yes  | Nearby Shopping Malls: yes  | Nearby Restaurants: yes  | Distance From Airport (kms): yes  | Nearby Public Transport Service: yes  | Other Nearby Places: yes  | Maintenance Staff: Yes | Security Staff: Yes | Facilities for Disabled: Yes | Other Facilities: yes","5","marla","4","3","Lahore","Syed Rahat Ali","PKR","53776175","31.386102","DHA 11 Rahbar, DHA 11 Rahbar Phase 2","74.274945","+923234844559","https://media.zameen.com/thumbnails/293930059-800x600.webp","https://media.zameen.com/thumbnails/293930060-800x600.webp","https://media.zameen.com/thumbnails/293930061-800x600.webp","https://media.zameen.com/thumbnails/293930062-800x600.webp","https://media.zameen.com/thumbnails/293930063-800x600.webp","https://media.zameen.com/thumbnails/293930064-800x600.webp","https://media.zameen.com/thumbnails/293930065-800x600.webp","https://media.zameen.com/thumbnails/293930066-800x600.webp","https://media.zameen.com/thumbnails/293930067-800x600.webp","https://media.zameen.com/thumbnails/293930068-800x600.webp","https://media.zameen.com/thumbnails/293930069-800x600.webp","https://media.zameen.com/thumbnails/293930070-800x600.webp","https://media.zameen.com/thumbnails/293930071-800x600.webp",,,,,,,,,,,,,,,,,,,,,,,,,,,,,,,,,,,,,,"95000","house","rent","zameen.com","5 Marla Full House coner For Rent DHA 11 Rahbar Phase 2 Lahore","https://www.zameen.com/Property/dha_11_rahbar_dha_11_rahbar_phase_2_5_marla_full_house_coner_for_rent_dha_11_rahbar_phase_2_lahore-53776175-3717-4.html"
"Lower Portion Available 2bedroom Tv Lounge Drawing Room Car Parking","2026-03-09T16:47:35.000Z","https://media.zameen.com/thumbnails/199964942-120x90.webp","M. K & Afzal Associates","Built in year: 2023 | View: MODERN | Parking Spaces: 1 | Double Glazed Windows: Yes | Central Air Conditioning: Yes | Central Heating: Yes | Flooring: Tiles | Electricity Backup: Ups | Waste Disposal: Yes | Floors: 2 | Other Main Features: OK | Furnished: Yes | Bedrooms: 3 | Bathrooms: 3 | Servant Quarters: 0 | Drawing Room: true | Dining Room: true | Kitchens: 1 | Study Room: true | Prayer Room: true | Powder Room : true | Gym: Yes | Store Rooms: 1 | Steam Room: true | Lounge or Sitting Room: true | Laundry Room: true | Other Rooms: Yes | Broadband Internet Access: Yes | Satellite or Cable TV Ready: Yes | Intercom: Yes | Other Business and Communication Facilities: yes  | Community Lawn or Garden: Yes | Community Swimming Pool: Yes | Community Gym: Yes | First Aid or Medical Centre: Yes | Day Care Centre: Yes | Kids Play Area: Yes | Barbeque Area: Yes | Mosque: Yes | Community Centre: Yes | Other Community Facilities: Yes | Lawn or Garden: Yes | Swimming Pool: Yes | Sauna: Yes | Jacuzzi: Yes | Other Healthcare and Recreation Facilities: yes  | Nearby Schools: Yes | Nearby Hospitals: Yes | Nearby Shopping Malls: Yes | Nearby Restaurants: Yes | Distance From Airport (kms): 20 min drive  | Nearby Public Transport Service: Yes | Other Nearby Places: Yes | Maintenance Staff: Yes | Security Staff: Yes | Facilities for Disabled: Yes | Other Facilities: Yes","10","marla","3","2","Lahore","Muhammad Afzal","PKR","47463374","31.430421","Wapda Town, Wapda Town Phase 1","74.267721","+923214775507","https://media.zameen.com/thumbnails/279066767-800x600.webp","https://media.zameen.com/thumbnails/279066758-800x600.webp","https://media.zameen.com/thumbnails/279066759-800x600.webp","https://media.zameen.com/thumbnails/279066760-800x600.webp","https://media.zameen.com/thumbnails/279066761-800x600.webp","https://media.zameen.com/thumbnails/279066762-800x600.webp","https://media.zameen.com/thumbnails/279066763-800x600.webp","https://media.zameen.com/thumbnails/279066764-800x600.webp","https://media.zameen.com/thumbnails/279066765-800x600.webp","https://media.zameen.com/thumbnails/279066766-800x600.webp",,,,,,,,,,,,,,,,,,,,,,,,,,,,,,,,,,,,,,,,,"65000","lower portion","rent","zameen.com","LOWER PORTION 2BED TV. DRAWING ROOM  PARKING","https://www.zameen.com/Property/wapda_town_wapda_town_phase_1_lower_portion_2bed_tv_drawing_room_parking-47463374-4307-4.html"
"4 Bedrooms With Attached Bath DD Tv Lounge, 2 Big Hall Kitchen Servant Quarter Huge Car Parking Space Lobby Well Maintained House Hugely Loan Ideal For NGO Office Multinational Company Head Offices Cooperate Office","2026-03-09T09:45:28.000Z","https://media.zameen.com/thumbnails/218385235-120x90.webp","Bin Pasha Real Estate","Built in year: 2022 | View: Excellent  | Parking Spaces | Double Glazed Windows: Yes | Central Air Conditioning: Yes | Central Heating: Yes | Flooring: Tiles | Electricity Backup: None | Waste Disposal: Yes | Floors | Other Main Features: Yes | Furnished: Yes | Bedrooms | Bathrooms | Servant Quarters | Drawing Room: Yes | Dining Room: Yes | Kitchens | Study Room: Yes | Prayer Room: Yes | Powder Room : Yes | Gym: Yes | Store Rooms | Steam Room: Yes | Lounge or Sitting Room: Yes | Laundry Room: Yes | Other Rooms: Yes | Broadband Internet Access: Yes | Satellite or Cable TV Ready: Yes | Intercom: Yes | Other Business and Communication Facilities: Yes | Community Lawn or Garden: Yes | Community Swimming Pool: Yes | Community Gym: Yes | First Aid or Medical Centre: Yes | Day Care Centre: Yes | Kids Play Area: Yes | Barbeque Area: Yes | Mosque: Yes | Community Centre: Yes | Other Community Facilities: Yes | Lawn or Garden: Yes | Swimming Pool: Yes | Sauna: Yes | Jacuzzi: Yes | Other Healthcare and Recreation Facilities: Yes | Nearby Schools: Yes | Nearby Hospitals: Yes | Nearby Shopping Malls: Yes | Nearby Restaurants: Yes | Distance From Airport (kms): Yes | Nearby Public Transport Service: Yes | Other Nearby Places: Yes | Maintenance Staff: Yes | Security Staff: Yes | Facilities for Disabled: Yes | Other Facilities: 24/7 Electricity backup","10","marla","4","4","Lahore","Majid Ahmed","PKR","48846221","31.522361","Gulberg","74.347172","+923261177776","https://media.zameen.com/thumbnails/245686218-800x600.webp","https://media.zameen.com/thumbnails/245686215-800x600.webp","https://media.zameen.com/thumbnails/245686216-800x600.webp","https://media.zameen.com/thumbnails/245686217-800x600.webp","https://media.zameen.com/thumbnails/245686219-800x600.webp","https://media.zameen.com/thumbnails/245686220-800x600.webp","https://media.zameen.com/thumbnails/245686221-800x600.webp","https://media.zameen.com/thumbnails/245686222-800x600.webp","https://media.zameen.com/thumbnails/245686223-800x600.webp","https://media.zameen.com/thumbnails/245686224-800x600.webp","https://media.zameen.com/thumbnails/245686225-800x600.webp","https://media.zameen.com/thumbnails/245686226-800x600.webp","https://media.zameen.com/thumbnails/245686227-800x600.webp","https://media.zameen.com/thumbnails/245686228-800x600.webp","https://media.zameen.com/thumbnails/245686229-800x600.webp","https://media.zameen.com/thumbnails/245686230-800x600.webp","https://media.zameen.com/thumbnails/245686231-800x600.webp","https://media.zameen.com/thumbnails/245686232-800x600.webp",,,,,,,,,,,,,,,,,,,,,,,,,,,,,,,,,"450000","house","rent","zameen.com","Furnished House Available For Rent In Gulberg Best For Office","https://www.zameen.com/Property/lahore_gulberg_furnished_house_available_for_rent_in_gulberg_best_for_office-48846221-7-4.html"
"2 Beds 2 Washrooms Kitchen Drawing Room T. V Lounge, Garage.","2026-03-08T08:51:12.000Z","https://media.zameen.com/thumbnails/229897642-120x90.webp","Jahaniya Estate","Built in year: 2025 | Parking Spaces: 1 | Flooring: Marble | Bedrooms: 2 | Bathrooms: 2 | Kitchens: 1 | Broadband Internet Access: Yes | Satellite or Cable TV Ready: Yes | Mosque: Yes","5","marla","2","2","Lahore","Mohsin","PKR","53724136","31.463563","Ali Town","74.245571","+923008802530",,,,,,,,,,,,,,,,,,,,,,,,,,,,,,,,,,,,,,,,,,,,,,,,,,,"45000","upper portion","rent","zameen.com","5 Marla Ground Floor Near Nawab Town","https://www.zameen.com/Property/lahore_ali_town_5_marla_ground_floor_near_nawab_town-53724136-8931-4.html"
"05 Master Size Bed Rooms With Attached Bath 2 Huge Size tv Lounge 2 Kitchens huge Parking Space all Baths Are Equipped With Imported Fittings house Is Located Near Park mosque Commercial Area Is Very Near To Premises total Covered Area Of The House Is 3000 Sq Ft double Story House complete Wiring Of Ups And Generator Done In The House solid Steel Work Used For Outside Main Gate complete Marble tiled wooden Flooring wash Rooms Are Completely Covered By Spanish Tiles 70 Ft Road all The Construction Near And Adjacent To House Is New spacious Green Belt side Streets Are Proper Covered With Tiles house Is Completed According To Dha By-laws solid Steelwork Used In Cabinets fall Ceiling Done All Over Including Bed Rooms drawing dining And Kitchen Seepage Protection Given While Constructing The Home protection Sheets Installed While Building The Upper Portion To Keep Both Portions Cool In Summers double Glace Windows For Soundproofing solid Stairs Built With Steel Framework And Granite Used In Outer washing Area Is Elegantly Managed At The Backside Of The House servant Quarter With Attached Bath. a Mid Size Family Can Easily Live In It. good Sizes Of Washrooms With Large Wardrobes In It. superb Elevation House Location Is Excellent. main Hospitals Are So Nearby That Hardly Just 5 Minutes Away From The Premises. exclusive Views From The Terrace. spacious Terrace Where One Can Easily Have A Good Walk And Reasonable Sitting Area. underground Water Tank Installed. aluminum Grills All Over The House Club Community Center And all The Basic Necessities Of Life Are Available. all The Basic Utilities Are Available Including Connections Of Water sewage gas And Electricity.","2026-03-07T16:06:23.000Z","https://media.zameen.com/thumbnails/152479920-120x90.webp","Task Estate Builders","Built in year: 2025 | View: GOOD | Parking Spaces: 4 | Double Glazed Windows: Yes | Central Air Conditioning: Yes | Central Heating: Yes | Flooring: Tiles | Electricity Backup: Ups | Waste Disposal: Yes | Floors: 2 | Other Main Features: Yes | Furnished: Yes | Bedrooms: 5 | Bathrooms: 6 | Servant Quarters: 2 | Drawing Room: Yes | Dining Room: Yes | Kitchens: 2 | Study Room: Yes | Prayer Room: Yes | Powder Room : Yes | Gym: Yes | Store Rooms: 2 | Steam Room: Yes | Lounge or Sitting Room: Yes | Laundry Room: Yes | Other Rooms: Yes | Broadband Internet Access: Yes | Satellite or Cable TV Ready: Yes | Intercom: Yes | Other Business and Communication Facilities: Yes | Community Lawn or Garden: Yes | Community Swimming Pool: Yes | Community Gym: Yes | First Aid or Medical Centre: Yes | Day Care Centre: Yes | Kids Play Area: Yes | Barbeque Area: Yes | Mosque: Yes | Community Centre: Yes | Other Community Facilities: Yes | Lawn or Garden: Yes | Swimming Pool: Yes | Sauna: Yes | Jacuzzi: Yes | Other Healthcare and Recreation Facilities: Yes | Nearby Schools: All | Nearby Hospitals: PKLI | Nearby Shopping Malls: DOLMEN | Nearby Restaurants: All | Distance From Airport (kms): 5 km | Nearby Public Transport Service: Yes | Other Nearby Places: MANY | Maintenance Staff: Yes | Security Staff: Yes | Facilities for Disabled: Yes | Other Facilities: Yes","1","kanal","6","5","Lahore","KAMRAN BHATTI","PKR","53869277","31.471571","DHA Defence, DHA Phase 6","74.445906","+923036061467","https://media.zameen.com/thumbnails/294725187-800x600.webp","https://media.zameen.com/thumbnails/294725188-800x600.webp","https://media.zameen.com/thumbnails/294725189-800x600.webp","https://media.zameen.com/thumbnails/294725190-800x600.webp","https://media.zameen.com/thumbnails/294725191-800x600.webp","https://media.zameen.com/thumbnails/294725192-800x600.webp","https://media.zameen.com/thumbnails/294725193-800x600.webp","https://media.zameen.com/thumbnails/294725194-800x600.webp","https://media.zameen.com/thumbnails/294725195-800x600.webp","https://media.zameen.com/thumbnails/294725196-800x600.webp","https://media.zameen.com/thumbnails/294725197-800x600.webp","https://media.zameen.com/thumbnails/294725198-800x600.webp","https://media.zameen.com/thumbnails/294725199-800x600.webp","https://media.zameen.com/thumbnails/294725200-800x600.webp","https://media.zameen.com/thumbnails/294725201-800x600.webp","https://media.zameen.com/thumbnails/294725202-800x600.webp","https://media.zameen.com/thumbnails/294725203-800x600.webp","https://media.zameen.com/thumbnails/294725204-800x600.webp","https://media.zameen.com/thumbnails/294725205-800x600.webp","https://media.zameen.com/thumbnails/294725206-800x600.webp","https://media.zameen.com/thumbnails/294725207-800x600.webp","https://media.zameen.com/thumbnails/294725208-800x600.webp","https://media.zameen.com/thumbnails/294725209-800x600.webp","https://media.zameen.com/thumbnails/294725210-800x600.webp","https://media.zameen.com/thumbnails/294725211-800x600.webp","https://media.zameen.com/thumbnails/294725212-800x600.webp","https://media.zameen.com/thumbnails/294725213-800x600.webp","https://media.zameen.com/thumbnails/294725214-800x600.webp","https://media.zameen.com/thumbnails/294725215-800x600.webp","https://media.zameen.com/thumbnails/294725216-800x600.webp","https://media.zameen.com/thumbnails/294725217-800x600.webp","https://media.zameen.com/thumbnails/294725218-800x600.webp","https://media.zameen.com/thumbnails/294725219-800x600.webp","https://media.zameen.com/thumbnails/294725220-800x600.webp","https://media.zameen.com/thumbnails/294725221-800x600.webp","https://media.zameen.com/thumbnails/294725222-800x600.webp","https://media.zameen.com/thumbnails/294725223-800x600.webp","https://media.zameen.com/thumbnails/294725224-800x600.webp","https://media.zameen.com/thumbnails/294725225-800x600.webp","https://media.zameen.com/thumbnails/294725226-800x600.webp","https://media.zameen.com/thumbnails/294725227-800x600.webp","https://media.zameen.com/thumbnails/294725228-800x600.webp","https://media.zameen.com/thumbnails/294725229-800x600.webp","https://media.zameen.com/thumbnails/294725230-800x600.webp","https://media.zameen.com/thumbnails/294725231-800x600.webp","https://media.zameen.com/thumbnails/294725232-800x600.webp","https://media.zameen.com/thumbnails/294725233-800x600.webp","https://media.zameen.com/thumbnails/294725234-800x600.webp","https://media.zameen.com/thumbnails/294725235-800x600.webp","https://media.zameen.com/thumbnails/294725236-800x600.webp","390000","house","rent","zameen.com","TASK EST OFFER : 1 Kanal Brand New Designer House Near Dolmen Mall in Phase 6 DHA","https://www.zameen.com/Property/dha_defence_dha_phase_6_task_est_offer_1_kanal_brand_new_designer_house_near_dolmen_mall_in_phase_6_dha-53869277-1448-4.html"
"Double Glazed Windows Central Air Conditioning Central Heating Waste Disposal Furnished Rooms Drawing Room Dining Room Study Room Prayer Room Powder Room Gym Steam Room Lounge or Sitting Room Laundry Room Business and Communication Broadband Internet Access Satellite or Cable TV Ready Intercom Community Features Community Lawn or Garden Community Swimming Pool Community Gym First Aid or Medical Centre Day Care Centre Kids Play Area Barbeque Area Mosque Community Centre Healthcare Recreational Lawn or Garden Swimming Pool Sauna Jacuzzi","2026-03-07T15:55:45.000Z","https://media.zameen.com/thumbnails/176140857-120x90.webp","Ali Real Estate","Built in year: 2015 | View: MARGALLA | Parking Spaces: 1 | Double Glazed Windows: Yes | Central Air Conditioning: Yes | Central Heating: Yes | Flooring: Tiles | Electricity Backup: Other | Waste Disposal: Yes | Floors: 2 | Other Main Features: 1 | Furnished: Yes | Bedrooms: 2 | Bathrooms: 3 | Servant Quarters: 1 | Drawing Room: Yes | Dining Room: Yes | Kitchens: 1 | Study Room: Yes | Prayer Room: Yes | Powder Room : Yes | Gym: Yes | Store Rooms | Steam Room: Yes | Lounge or Sitting Room: Yes | Laundry Room: Yes | Other Rooms: Yes | Broadband Internet Access: Yes | Satellite or Cable TV Ready: Yes | Intercom: Yes | Other Business and Communication Facilities: Yes | Community Lawn or Garden: Yes | Community Swimming Pool: Yes | Community Gym: Yes | First Aid or Medical Centre: Yes | Day Care Centre: Yes | Kids Play Area: Yes | Barbeque Area: Yes | Mosque: Yes | Community Centre: Yes | Other Community Facilities: yes  | Lawn or Garden: Yes | Swimming Pool: Yes | Sauna: Yes | Jacuzzi: Yes | Other Healthcare and Recreation Facilities: Yes | Nearby Schools: Yes | Nearby Hospitals: Yes | Nearby Shopping Malls: Yes | Nearby Restaurants: 10 | Distance From Airport (kms): 22 | Nearby Public Transport Service: 8 | Other Nearby Places: Yes | Maintenance Staff: Yes | Security Staff: Yes | Facilities for Disabled: Yes | Other Facilities: yes","5","marla","4","3","Lahore","Shahbaz Ahmad","PKR","53726582","31.44082","DHA Defence, DHA 9 Town","74.438589","+923064410764","https://media.zameen.com/thumbnails/293434929-800x600.webp","https://media.zameen.com/thumbnails/293434930-800x600.webp","https://media.zameen.com/thumbnails/293434931-800x600.webp","https://media.zameen.com/thumbnails/293434932-800x600.webp","https://media.zameen.com/thumbnails/293434933-800x600.webp","https://media.zameen.com/thumbnails/293434934-800x600.webp","https://media.zameen.com/thumbnails/293434935-800x600.webp","https://media.zameen.com/thumbnails/293434936-800x600.webp","https://media.zameen.com/thumbnails/293434937-800x600.webp","https://media.zameen.com/thumbnails/293434938-800x600.webp","https://media.zameen.com/thumbnails/293434939-800x600.webp","https://media.zameen.com/thumbnails/293434940-800x600.webp","https://media.zameen.com/thumbnails/293434941-800x600.webp","https://media.zameen.com/thumbnails/293434942-800x600.webp","https://media.zameen.com/thumbnails/293434943-800x600.webp","https://media.zameen.com/thumbnails/293434944-800x600.webp","https://media.zameen.com/thumbnails/293434945-800x600.webp","https://media.zameen.com/thumbnails/293434946-800x600.webp","https://media.zameen.com/thumbnails/293434947-800x600.webp",,,,,,,,,,,,,,,,,,,,,,,,,,,,,,,,"85000","house","rent","zameen.com","Elegant 5 Marla House For Rent Spacious Design &Amp; Premium Finishing","https://www.zameen.com/Property/dha_defence_dha_9_town_elegant_5_marla_house_for_rent_spacious_design_amp_premium_finishing-53726582-1452-4.html"
"The world builders & Realtors 5 Marla Out Class Stylish Luxury Bungalow For Rent In DHA Phase 9 Town Owner Needy a Luxurious Bungalow Approach 50 Ft Wide Bungalow Details 3 Master Bed with attached Baths 4 Bathrooms in the Bungalow. 1 Beautiful T. V Lounge 1 Drawing & Dining 1 Fotile Company Kitchens 0 Servant Quarters 1 Big Cars Parking Grohi Sanitary Fittings 1 Store Rooms Beautiful Lawn & Terrace Bar B. Q Area in Bungalow Ash Wood Door Almirah Amazing Wallpapers & Entrance Lobby Imported Marbles & Tiles Flooring 1 Imported jacuzzis and 2 Cabin Showers in baths. Main Approach from Ring Road Near Main Boulevard, All Banks Hub, Real Estates Hub, Al-Fatah Store and Gloria Jeans are on the way. Very Reasonable Demand. Meeting Possible 24 7. FOR MORE UPDATES CALL US WE WILL HELP YOU LIKE WHAT YOU WANT. Im","2026-03-07T14:29:08.000Z","https://media.zameen.com/thumbnails/251960916-120x90.webp","The World Builder and Realtors","Built in year: 2026 | View: new  | Parking Spaces: 1 | Double Glazed Windows: Yes | Central Air Conditioning: Yes | Central Heating: Yes | Flooring: Tiles | Electricity Backup: Ups | Waste Disposal: Yes | Floors: 2 | Other Main Features: yes  | Furnished: Yes | Bedrooms: 3 | Bathrooms: 4 | Servant Quarters: 1 | Drawing Room: Yes | Dining Room: Yes | Kitchens: 1 | Study Room: Yes | Prayer Room: Yes | Powder Room : Yes | Gym: Yes | Store Rooms: 1 | Steam Room: Yes | Lounge or Sitting Room: Yes | Laundry Room: Yes | Other Rooms: yes  | Broadband Internet Access: Yes | Satellite or Cable TV Ready: Yes | Intercom: Yes | Other Business and Communication Facilities: yes  | Community Lawn or Garden: Yes | Community Swimming Pool: Yes | Community Gym: Yes | First Aid or Medical Centre: Yes | Day Care Centre: Yes | Kids Play Area: Yes | Barbeque Area: Yes | Mosque: Yes | Community Centre: Yes | Other Community Facilities: yes  | Lawn or Garden: Yes | Swimming Pool: Yes | Sauna: Yes | Jacuzzi: Yes | Other Healthcare and Recreation Facilities: yes  | Nearby Schools: yes  | Nearby Hospitals: yes  | Nearby Shopping Malls: yes  | Nearby Restaurants: yes  | Distance From Airport (kms): 3.5 km | Nearby Public Transport Service: yes  | Other Nearby Places: yes  | Maintenance Staff: Yes | Security Staff: Yes | Facilities for Disabled: Yes | Other Facilities: yes","5","marla","4","3","Lahore","Husnain Malik","PKR","53846536","31.44082","DHA Defence, DHA 9 Town","74.438589","+923000899290","https://media.zameen.com/thumbnails/294839353-800x600.webp","https://media.zameen.com/thumbnails/294839354-800x600.webp","https://media.zameen.com/thumbnails/294839355-800x600.webp","https://media.zameen.com/thumbnails/294839356-800x600.webp","https://media.zameen.com/thumbnails/294839357-800x600.webp","https://media.zameen.com/thumbnails/294839358-800x600.webp","https://media.zameen.com/thumbnails/294839359-800x600.webp","https://media.zameen.com/thumbnails/294839360-800x600.webp","https://media.zameen.com/thumbnails/294839361-800x600.webp","https://media.zameen.com/thumbnails/294839362-800x600.webp","https://media.zameen.com/thumbnails/294839363-800x600.webp","https://media.zameen.com/thumbnails/294839364-800x600.webp","https://media.zameen.com/thumbnails/294839365-800x600.webp","https://media.zameen.com/thumbnails/294839366-800x600.webp","https://media.zameen.com/thumbnails/294839367-800x600.webp","https://media.zameen.com/thumbnails/294839368-800x600.webp","https://media.zameen.com/thumbnails/294839369-800x600.webp","https://media.zameen.com/thumbnails/294839370-800x600.webp","https://media.zameen.com/thumbnails/294839371-800x600.webp","https://media.zameen.com/thumbnails/294839372-800x600.webp","https://media.zameen.com/thumbnails/294839373-800x600.webp","https://media.zameen.com/thumbnails/294839374-800x600.webp","https://media.zameen.com/thumbnails/294839375-800x600.webp","https://media.zameen.com/thumbnails/294839376-800x600.webp","https://media.zameen.com/thumbnails/294839377-800x600.webp","https://media.zameen.com/thumbnails/294839378-800x600.webp","https://media.zameen.com/thumbnails/294518039-800x600.webp","https://media.zameen.com/thumbnails/294518045-800x600.webp","https://media.zameen.com/thumbnails/294518041-800x600.webp","https://media.zameen.com/thumbnails/294518042-800x600.webp","https://media.zameen.com/thumbnails/294518038-800x600.webp","https://media.zameen.com/thumbnails/294518043-800x600.webp","https://media.zameen.com/thumbnails/294518044-800x600.webp","https://media.zameen.com/thumbnails/294839379-800x600.webp","https://media.zameen.com/thumbnails/294518040-800x600.webp","https://media.zameen.com/thumbnails/294839380-800x600.webp",,,,,,,,,,,,,,,"90000","house","rent","zameen.com","5 Marla Out Class Stylish Luxury Bungalow For Rent In DHA Phase 9 Town Lahore","https://www.zameen.com/Property/dha_defence_dha_9_town_5_marla_out_class_stylish_luxury_bungalow_for_rent_in_dha_phase_9_town_lahore-53846536-1452-4.html"
"Aiwa Properties Offering Investment Opportunities in the Approved Housing Societies and Projects across all over the Pakistan serving valuable clients Nationwide and Overseas. Bahria Town Lahore is renowned for setting the gold standard in modern living. When you choose this plot, you're investing not just in land but in a lifestyle. Here's what makes Bahria Town Lahore an unparalleled choice: World-class Security: Enjoy peace of mind with 24/7 security patrols and a state-of-the-art surveillance system, ensuring a safe environment for your family. Lush Greenery & Landscaping: Beyond the park in front of your plot, Bahria Town boasts vast green spaces, tree-lined boulevards, and meticulously maintained parks. Modern Infrastructure: Wide roads, efficient drainage, and uninterrupted power supply are a hallmark of Bahria Town's superior planning. Leisure & Recreation: The town features sports facilities, community centers, cinemas, and exquisite eateries, ensuring entertainment and relaxation are always at hand. Educational & Healthcare Institutions: Top-tier schools and state-of-the-art medical facilities within the town ensure that your family's educational and health needs are well catered to. Religious & Spiritual: With beautiful mosques spread throughout, Bahria Town's design deeply embeds the spiritual essence.","2026-03-07T12:59:33.000Z","https://media.zameen.com/thumbnails/229627972-120x90.webp","Aiwa Properties","Built in year: 2020 | View: Margalla view | Parking Spaces | Double Glazed Windows: Yes | Central Air Conditioning: Yes | Central Heating: Yes | Flooring: Tiles | Electricity Backup: Other | Waste Disposal: Yes | Elevators | Service Elevators in Building: Yes | Other Main Features: Neat and Clean | Furnished: Yes | Bedrooms: 1 | Bathrooms: 1 | Servant Quarters: 1 | Drawing Room: Yes | Dining Room: Yes | Kitchens | Study Room: Yes | Prayer Room: Yes | Powder Room : Yes | Gym: Yes | Store Rooms: 1 | Steam Room: Yes | Lounge or Sitting Room: Yes | Laundry Room: Yes | Other Rooms: Servant store | Broadband Internet Access: Yes | Satellite or Cable TV Ready: Yes | Business Center or Media Room in Building: Yes | Conference Room in Building: Yes | Intercom: Yes | ATM Machines: Yes | Other Business and Communication Facilities: Available | Community Lawn or Garden: Yes | Community Swimming Pool: Yes | Community Gym: Yes | First Aid or Medical Centre: Yes | Day Care Centre: Yes | Kids Play Area: Yes | Barbeque Area: Yes | Mosque: Yes | Community Centre: Yes | Other Community Facilities: Available | Jacuzzi: Yes | Other Healthcare and Recreation Facilities: Available | Nearby Schools: Yes | Nearby Hospitals: Yes | Nearby Shopping Malls: Yes | Nearby Restaurants: Yes | Distance From Airport (kms): Yes | Nearby Public Transport Service: yes  | Other Nearby Places: Yes | Maintenance Staff: Yes | Security Staff: Yes | Facilities for Disabled: Yes | Other Facilities: Available","500","sqft","1","1","Lahore","Muhammad Inam","PKR","53360259","31.374195","Bahria Town, Bahria Town - Sector C","74.191482","+923087299555","https://media.zameen.com/thumbnails/289258859-800x600.webp","https://media.zameen.com/thumbnails/289258862-800x600.webp","https://media.zameen.com/thumbnails/289258864-800x600.webp","https://media.zameen.com/thumbnails/289258865-800x600.webp","https://media.zameen.com/thumbnails/289258866-800x600.webp",,,,,,,,,,,,,,,,,,,,,,,,,,,,,,,,,,,,,,,,,,,,,,"43000","flat","rent","zameen.com","One Bed Furnished Apartment Available For Rent In Sector C Bahria Town Lahore","https://www.zameen.com/Property/bahria_town_bahria_town_-_sector_c_one_bed_furnished_apartment_available_for_rent_in_sector_c_bahria_town_lahore-53360259-1784-4.html"
"5 Marla 2 Bed Flat For Rent Askari 11 Lahore 2 Bed Flat With Attached Washrooms 1 Store Room 1 TV Lounge 1 Drawing Room 1 Kitchen 24 7 Security Please Feel Free To Call If You Need Further Details About It [redacted phone number]","2026-03-07T12:02:42.000Z","https://media.zameen.com/thumbnails/20475282-120x90.webp","Ali Umer Associates","Built in year: 2019 | View: MODREN | Parking Spaces: 2 | Lobby in Building: Yes | Double Glazed Windows: Yes | Central Air Conditioning: Yes | Central Heating: Yes | Flooring: Tiles | Electricity Backup: Ups | Waste Disposal: Yes | Floor: 3 | Floors in Building: 3 | Elevators | Service Elevators in Building: Yes | Other Main Features: POOL  | Furnished: Yes | Bedrooms: 2 | Bathrooms: 2 | Servant Quarters: 2 | Drawing Room: Yes | Dining Room: Yes | Kitchens: 1 | Study Room: Yes | Prayer Room: Yes | Powder Room : Yes | Gym: Yes | Store Rooms: 1 | Steam Room: Yes | Lounge or Sitting Room: Yes | Laundry Room: Yes | Other Rooms: SERVENT | Broadband Internet Access: Yes | Satellite or Cable TV Ready: Yes | Business Center or Media Room in Building: Yes | Conference Room in Building: Yes | Intercom: Yes | ATM Machines: Yes | Other Business and Communication Facilities: Yes | Community Lawn or Garden: Yes | Community Swimming Pool: Yes | Community Gym: Yes | First Aid or Medical Centre: Yes | Day Care Centre: Yes | Kids Play Area: Yes | Barbeque Area: Yes | Mosque: Yes | Community Centre: Yes | Other Community Facilities: Yes | Sauna: Yes | Jacuzzi: Yes | Other Healthcare and Recreation Facilities: Yes | Nearby Schools: APS | Nearby Hospitals: Yes | Nearby Shopping Malls: Yes | Nearby Restaurants: Yes | Distance From Airport (kms): 5 km | Nearby Public Transport Service: Yes | Other Nearby Places: COMMERCIAL | Maintenance Staff: Yes | Security Staff: Yes | Laundry or Dry Cleaning Facility: Yes | Communal/Shared Kitchen: Yes | Facilities for Disabled: Yes | Pet Policy: Not Allowed | Other Facilities: Yes","5","marla","2","2","Lahore","Ali Sher","PKR","26996254","31.460187","Askari, Askari 11","74.432459","+923009846084","https://media.zameen.com/thumbnails/257723727-800x600.webp","https://media.zameen.com/thumbnails/257723731-800x600.webp","https://media.zameen.com/thumbnails/257723724-800x600.webp","https://media.zameen.com/thumbnails/257723737-800x600.webp","https://media.zameen.com/thumbnails/257723740-800x600.webp","https://media.zameen.com/thumbnails/257723743-800x600.webp","https://media.zameen.com/thumbnails/257723745-800x600.webp","https://media.zameen.com/thumbnails/257723747-800x600.webp","https://media.zameen.com/thumbnails/257723749-800x600.webp","https://media.zameen.com/thumbnails/257723754-800x600.webp","https://media.zameen.com/thumbnails/257723760-800x600.webp","https://media.zameen.com/thumbnails/257723765-800x600.webp","https://media.zameen.com/thumbnails/257723769-800x600.webp","https://media.zameen.com/thumbnails/257723775-800x600.webp","https://media.zameen.com/thumbnails/257723782-800x600.webp","https://media.zameen.com/thumbnails/257723786-800x600.webp","https://media.zameen.com/thumbnails/257723790-800x600.webp","https://media.zameen.com/thumbnails/257723794-800x600.webp","https://media.zameen.com/thumbnails/257723801-800x600.webp","https://media.zameen.com/thumbnails/257723805-800x600.webp","https://media.zameen.com/thumbnails/257723810-800x600.webp","https://media.zameen.com/thumbnails/257723812-800x600.webp","https://media.zameen.com/thumbnails/257723816-800x600.webp","https://media.zameen.com/thumbnails/257723824-800x600.webp","https://media.zameen.com/thumbnails/257723829-800x600.webp","https://media.zameen.com/thumbnails/257723832-800x600.webp","https://media.zameen.com/thumbnails/257723834-800x600.webp","https://media.zameen.com/thumbnails/257723837-800x600.webp","https://media.zameen.com/thumbnails/257723840-800x600.webp","https://media.zameen.com/thumbnails/257723844-800x600.webp","https://media.zameen.com/thumbnails/257723853-800x600.webp","https://media.zameen.com/thumbnails/257723857-800x600.webp","https://media.zameen.com/thumbnails/257723865-800x600.webp","https://media.zameen.com/thumbnails/257723867-800x600.webp",,,,,,,,,,,,,,,,,"50000","flat","rent","zameen.com","5 Marla 2 Bed Flat For Rent Askari 11 Lahore Rs 50000","https://www.zameen.com/Property/askari_askari_11_5_marla_2_bed_flat_for_rent_askari_11_lahore_rs_50000-26996254-1503-4.html"
"1 Kanal Brand New Lavish House for Rent Phase 7 Experience luxury living in this brand new, beautifully designed 1 Kanal house located in the prime area of Phase 7. Built with high-quality materials and modern architecture, this house offers spacious living areas, elegant finishes, and a comfortable lifestyle for families. Key Features: 1 Kanal brand new house 5 spacious bedrooms with attached bathrooms 2 stylish TV lounges Modern kitchen with high-quality fittings Elegant drawing & dining room Beautiful tile/marble flooring Solid wood work throughout the house Servant quarter Spacious car parking Located in a peaceful and secure area Perfect for families looking for luxury, comfort, and a prime location. Contact for more details and visit. [redacted phone number]","2026-03-07T11:17:24.000Z","https://media.zameen.com/thumbnails/20474298-120x90.webp","Property Club Real Estate","Built in year: 2026 | Parking Spaces: 4 | Double Glazed Windows: true | Flooring: Tiles | Floors: 2 | Bedrooms: 5 | Bathrooms: 6 | Servant Quarters: 1 | Drawing Room: true | Dining Room: true | Kitchens: 2 | Store Rooms: 1","1","kanal","6","5","Lahore","Awais Rafique","PKR","53913812","31.465056","DHA Defence, DHA Phase 7, DHA Phase 7 - Block W","74.478035","+923027333399","https://media.zameen.com/thumbnails/295122476-800x600.webp","https://media.zameen.com/thumbnails/295122477-800x600.webp","https://media.zameen.com/thumbnails/295122478-800x600.webp","https://media.zameen.com/thumbnails/295122479-800x600.webp","https://media.zameen.com/thumbnails/295122480-800x600.webp","https://media.zameen.com/thumbnails/295122481-800x600.webp","https://media.zameen.com/thumbnails/295122482-800x600.webp","https://media.zameen.com/thumbnails/295122483-800x600.webp","https://media.zameen.com/thumbnails/295122484-800x600.webp","https://media.zameen.com/thumbnails/295122485-800x600.webp","https://media.zameen.com/thumbnails/295122486-800x600.webp","https://media.zameen.com/thumbnails/295122487-800x600.webp","https://media.zameen.com/thumbnails/295122488-800x600.webp","https://media.zameen.com/thumbnails/295122489-800x600.webp","https://media.zameen.com/thumbnails/295122490-800x600.webp","https://media.zameen.com/thumbnails/295122491-800x600.webp","https://media.zameen.com/thumbnails/295122492-800x600.webp","https://media.zameen.com/thumbnails/295122493-800x600.webp","https://media.zameen.com/thumbnails/295122494-800x600.webp",,,,,,,,,,,,,,,,,,,,,,,,,,,,,,,,"425000","house","rent","zameen.com","1 kanal brand new lavish House For Rent in phase 7","https://www.zameen.com/Property/dha_phase_7_dha_phase_7_-_block_w_1_kanal_brand_new_lavish_house_for_rent_in_phase_7-53913812-1630-4.html"
"VIP Designed Brand New House For Rent 5 Marla House Available on Carpeted Road Located At Main Boulevard Of Society 3 Bedrooms 3 Attach Washroom With Bedrooms 1 Store Room 2 Kitchen 1 Drawing Room 2 TV Lounge 1 Powder Room Double Story House Garage Very Big VIP Tiles Use In All House 2 LCD At Wall","2026-03-07T10:52:31.000Z","https://media.zameen.com/thumbnails/20475282-120x90.webp","Ali Umer Associates","Built in year: 2024 | View: Facing Park | Parking Spaces: 1 | Double Glazed Windows: Yes | Central Air Conditioning: Yes | Central Heating: Yes | Flooring: Tiles | Electricity Backup: Ups | Waste Disposal: Yes | Floors: 2 | Other Main Features: 1 | Furnished: Yes | Bedrooms: 3 | Bathrooms: 4 | Servant Quarters: 1 | Drawing Room: Yes | Dining Room: Yes | Kitchens: 2 | Study Room: Yes | Prayer Room: Yes | Powder Room : Yes | Gym: Yes | Store Rooms: 1 | Steam Room: Yes | Lounge or Sitting Room: Yes | Laundry Room: Yes | Other Rooms: 2 | Broadband Internet Access: Yes | Satellite or Cable TV Ready: Yes | Intercom: Yes | Other Business and Communication Facilities: Yes | Community Lawn or Garden: Yes | Community Swimming Pool: Yes | Community Gym: Yes | First Aid or Medical Centre: Yes | Day Care Centre: Yes | Kids Play Area: Yes | Barbeque Area: Yes | Mosque: Yes | Community Centre: Yes | Other Community Facilities: Yes | Lawn or Garden: Yes | Sauna: Yes | Jacuzzi: Yes | Other Healthcare and Recreation Facilities: Yes | Nearby Schools: APS  | Nearby Hospitals: Avicina Hospital | Nearby Shopping Malls: Dollmen Mall | Nearby Restaurants: available  | Distance From Airport (kms): 14k | Nearby Public Transport Service: available  | Other Nearby Places: available  | Maintenance Staff: Yes | Security Staff: Yes | Facilities for Disabled: Yes | Other Facilities: available","5","marla","4","3","Lahore","Ali Sher","PKR","53836036","31.39789195","Bedian Road, SJ Garden, SJ Garden - Block A","74.49758876","+923009745197","https://media.zameen.com/thumbnails/294415105-800x600.webp","https://media.zameen.com/thumbnails/294415108-800x600.webp","https://media.zameen.com/thumbnails/294415110-800x600.webp","https://media.zameen.com/thumbnails/294415112-800x600.webp","https://media.zameen.com/thumbnails/294415114-800x600.webp","https://media.zameen.com/thumbnails/294415116-800x600.webp","https://media.zameen.com/thumbnails/294415118-800x600.webp","https://media.zameen.com/thumbnails/294415120-800x600.webp","https://media.zameen.com/thumbnails/294415122-800x600.webp","https://media.zameen.com/thumbnails/294415123-800x600.webp","https://media.zameen.com/thumbnails/294415124-800x600.webp","https://media.zameen.com/thumbnails/294415125-800x600.webp","https://media.zameen.com/thumbnails/294415126-800x600.webp","https://media.zameen.com/thumbnails/294415127-800x600.webp","https://media.zameen.com/thumbnails/294415128-800x600.webp","https://media.zameen.com/thumbnails/294415130-800x600.webp","https://media.zameen.com/thumbnails/294415131-800x600.webp","https://media.zameen.com/thumbnails/294415132-800x600.webp","https://media.zameen.com/thumbnails/294415133-800x600.webp","https://media.zameen.com/thumbnails/294415134-800x600.webp","https://media.zameen.com/thumbnails/294415135-800x600.webp","https://media.zameen.com/thumbnails/294415136-800x600.webp","https://media.zameen.com/thumbnails/294415137-800x600.webp","https://media.zameen.com/thumbnails/294415138-800x600.webp","https://media.zameen.com/thumbnails/294415139-800x600.webp",,,,,,,,,,,,,,,,,,,,,,,,,,"60000","house","rent","zameen.com","5 Marla Brand New House For Rent Rs60,000","https://www.zameen.com/Property/sj_garden_sj_garden_-_block_a_5_marla_brand_new_house_for_rent_rs60_000-53836036-18645-4.html"
"GARDEN TOWN BABER BLOCK FACING PARK 2 KANAL DOUBLE STORY HOUSE 14 ROOMS ATTACH BATH KITCHEN SEPRATE 2 WASHROOMS WITH BASMENT ROOM HALL BIG CAR GARAGE","2026-03-07T09:46:57.000Z",,"Pakistan Estate Advisor","Built in year | View: y | Parking Spaces | Double Glazed Windows: Yes | Central Air Conditioning: Yes | Central Heating: Yes | Flooring: Tiles | Electricity Backup: Other | Waste Disposal: Yes | Floors | Other Main Features: y | Furnished: Yes | Bedrooms | Bathrooms | Servant Quarters | Drawing Room: Yes | Dining Room: Yes | Kitchens | Study Room: Yes | Prayer Room: Yes | Powder Room : Yes | Gym: Yes | Store Rooms | Steam Room: Yes | Lounge or Sitting Room: Yes | Laundry Room: Yes | Other Rooms: y | Broadband Internet Access: Yes | Satellite or Cable TV Ready: Yes | Intercom: Yes | Other Business and Communication Facilities: honesty staff  | Community Lawn or Garden: Yes | Community Swimming Pool: Yes | Community Gym: Yes | First Aid or Medical Centre: Yes | Day Care Centre: Yes | Kids Play Area: Yes | Barbeque Area: Yes | Mosque: Yes | Community Centre: Yes | Other Community Facilities: y | Lawn or Garden: Yes | Swimming Pool: Yes | Sauna: Yes | Jacuzzi: Yes | Other Healthcare and Recreation Facilities: 5+ | Nearby Schools: 5+ | Nearby Hospitals: 2+ | Nearby Shopping Malls: 10+ | Nearby Restaurants: 10+ | Distance From Airport (kms): 30 | Nearby Public Transport Service: Yes | Other Nearby Places: ring road 2km | Maintenance Staff: Yes | Security Staff: Yes | Facilities for Disabled: Yes | Other Facilities: connect all","2","kanal","6","10","Lahore","Anwar Malik","PKR","53883533","31.503922","Garden Town","74.323139","+923004902867","https://media.zameen.com/thumbnails/294851066-800x600.webp","https://media.zameen.com/thumbnails/294851065-800x600.webp","https://media.zameen.com/thumbnails/294851067-800x600.webp","https://media.zameen.com/thumbnails/294851068-800x600.webp","https://media.zameen.com/thumbnails/294851070-800x600.webp","https://media.zameen.com/thumbnails/294851069-800x600.webp",,,,,,,,,,,,,,,,,,,,,,,,,,,,,,,,,,,,,,,,,,,,,"800000","house","rent","zameen.com","GARDEN TOWN 2 KANAL DOUBLE STOREY HOUSE FOR RENT","https://www.zameen.com/Property/lahore_garden_town_garden_town_2_kanal_double_storey_house_for_rent-53883533-4-4.html"
"Features: 5 Bedrooms with Attached Baths Drawing & Dining Room TV Lounge 2 Proper Kitchen 1 Servant Quarter 1 Store Room Tiles & Wooden Flooring Solid Woods Doors Beautiful False Ceiling Design in House 4 Cars Parking Easy Access From Ring Road Near To Parks, Masjid, Schools and Commercial Zone Near To Dolmen Mall and McDonald's For More Information Contact Us.","2026-03-07T09:31:12.000Z","https://media.zameen.com/thumbnails/267281229-120x90.webp","Majeed Real Estate & Builders","Built in year: 2026 | View: Excellent | Parking Spaces: 4 | Double Glazed Windows: Yes | Central Air Conditioning: Yes | Central Heating: Yes | Flooring: Tiles | Electricity Backup: Solar | Waste Disposal: Yes | Floors: 2 | Other Main Features: Yes | Furnished: Yes | Bedrooms: 5 | Bathrooms: 6 | Servant Quarters: 1 | Drawing Room: Yes | Dining Room: Yes | Kitchens: 3 | Study Room: Yes | Prayer Room: Yes | Powder Room : Yes | Gym: Yes | Store Rooms: 1 | Steam Room: Yes | Lounge or Sitting Room: Yes | Laundry Room: Yes | Other Rooms: Yes | Broadband Internet Access: Yes | Satellite or Cable TV Ready: Yes | Intercom: Yes | Other Business and Communication Facilities: Yes  | Community Lawn or Garden: Yes | Community Swimming Pool: Yes | Community Gym: Yes | First Aid or Medical Centre: Yes | Day Care Centre: Yes | Kids Play Area: Yes | Barbeque Area: Yes | Mosque: Yes | Community Centre: Yes | Other Community Facilities: Yes | Lawn or Garden: Yes | Swimming Pool: Yes | Sauna: Yes | Jacuzzi: Yes | Other Healthcare and Recreation Facilities: Yes | Nearby Schools: Yes | Nearby Hospitals: Yes | Nearby Shopping Malls: Yes | Nearby Restaurants: Yes | Distance From Airport (kms): 5Km | Nearby Public Transport Service: Yes | Other Nearby Places: PARK | Maintenance Staff: Yes | Security Staff: Yes | Facilities for Disabled: Yes | Other Facilities: Yes","1","kanal","6","5","Lahore","Asad Mahar","PKR","53848052","31.459491","DHA Defence, DHA Phase 5, DHA Phase 5 - Block L","74.395294","+923017296017","https://media.zameen.com/thumbnails/294531973-800x600.webp","https://media.zameen.com/thumbnails/294531974-800x600.webp","https://media.zameen.com/thumbnails/294531975-800x600.webp","https://media.zameen.com/thumbnails/294531976-800x600.webp","https://media.zameen.com/thumbnails/294531977-800x600.webp","https://media.zameen.com/thumbnails/294531978-800x600.webp","https://media.zameen.com/thumbnails/294531979-800x600.webp","https://media.zameen.com/thumbnails/294531980-800x600.webp","https://media.zameen.com/thumbnails/294531981-800x600.webp","https://media.zameen.com/thumbnails/294531982-800x600.webp","https://media.zameen.com/thumbnails/294531983-800x600.webp","https://media.zameen.com/thumbnails/294531984-800x600.webp","https://media.zameen.com/thumbnails/294531985-800x600.webp","https://media.zameen.com/thumbnails/294531986-800x600.webp","https://media.zameen.com/thumbnails/294531987-800x600.webp","https://media.zameen.com/thumbnails/294531988-800x600.webp","https://media.zameen.com/thumbnails/294531989-800x600.webp","https://media.zameen.com/thumbnails/294531990-800x600.webp","https://media.zameen.com/thumbnails/294531991-800x600.webp","https://media.zameen.com/thumbnails/294531992-800x600.webp","https://media.zameen.com/thumbnails/294531993-800x600.webp","https://media.zameen.com/thumbnails/294531994-800x600.webp","https://media.zameen.com/thumbnails/294531995-800x600.webp","https://media.zameen.com/thumbnails/294531996-800x600.webp","https://media.zameen.com/thumbnails/294531997-800x600.webp","https://media.zameen.com/thumbnails/294531998-800x600.webp",,,,,,,,,,,,,,,,,,,,,,,,,"310000","house","rent","zameen.com","1 Kanal With Basement Most Beautiful Design Bungalow For Rent At Prime Location Of Dha Phase 5","https://www.zameen.com/Property/dha_phase_5_dha_phase_5_-_block_l_1_kanal_with_basement_most_beautiful_design_bungalow_for_rent_at_prime_location_of_dha_phase_5-53848052-1608-4.html"
"900 sq ft Beautiful apartment available. real apartment not fake listing. great location near McDonald's. luxury setting . great building. everything in working order and no issues of any kind. fully furnished apartment. for more information contact","2026-03-07T09:18:57.000Z",,,"Built in year: 2026 | View: Brand New | Parking Spaces: 1 | Lobby in Building: Yes | Double Glazed Windows: Yes | Central Air Conditioning: Yes | Central Heating: Yes | Flooring: Tiles | Electricity Backup: Ups | Waste Disposal: Yes | Floor: 5 | Floors in Building: 9 | Elevators: 3 | Service Elevators in Building: Yes | Other Main Features: Yes | Bedrooms: 1 | Bathrooms: 4 | Servant Quarters: 1 | Drawing Room: Yes | Dining Room: Yes | Kitchens: 1 | Study Room: Yes | Prayer Room: Yes | Powder Room : Yes | Store Rooms: 1 | Lounge or Sitting Room: Yes | Laundry Room: Yes | Other Rooms: 2 | Broadband Internet Access: Yes | Satellite or Cable TV Ready: Yes | Intercom: Yes | Other Business and Communication Facilities: Yes | Community Lawn or Garden: Yes | Community Swimming Pool: Yes | Community Gym: Yes | First Aid or Medical Centre: Yes | Day Care Centre: Yes | Kids Play Area: Yes | Barbeque Area: Yes | Mosque: Yes | Community Centre: Yes | Other Community Facilities: Yes | Sauna: Yes | Jacuzzi: Yes | Other Healthcare and Recreation Facilities: Yes | Nearby Schools: Bloomfield  | Nearby Hospitals: CMH | Nearby Shopping Malls: Carrefour  | Nearby Restaurants: KFC | Distance From Airport (kms): 1km | Nearby Public Transport Service: LTC | Other Nearby Places: jalalsons | Security Staff: Yes | Other Facilities: Yes","920","sqft","1","1","Lahore","Property Consultant","PKR","53758100","31.374195","Bahria Town, Bahria Town - Sector C","74.191482","+923044371009","https://media.zameen.com/thumbnails/294251742-800x600.webp","https://media.zameen.com/thumbnails/294251735-800x600.webp","https://media.zameen.com/thumbnails/294251736-800x600.webp","https://media.zameen.com/thumbnails/294251737-800x600.webp","https://media.zameen.com/thumbnails/294251738-800x600.webp","https://media.zameen.com/thumbnails/294251739-800x600.webp","https://media.zameen.com/thumbnails/294251740-800x600.webp","https://media.zameen.com/thumbnails/294251741-800x600.webp","https://media.zameen.com/thumbnails/294251743-800x600.webp","https://media.zameen.com/thumbnails/294251744-800x600.webp","https://media.zameen.com/thumbnails/294251745-800x600.webp","https://media.zameen.com/thumbnails/294251746-800x600.webp","https://media.zameen.com/thumbnails/294251747-800x600.webp","https://media.zameen.com/thumbnails/294251748-800x600.webp","https://media.zameen.com/thumbnails/294256865-800x600.webp","https://media.zameen.com/thumbnails/294256948-800x600.webp","https://media.zameen.com/thumbnails/294256949-800x600.webp","https://media.zameen.com/thumbnails/294256950-800x600.webp",,,,,,,,,,,,,,,,,,,,,,,,,,,,,,,,,"65000","flat","rent","zameen.com","900sq Ft Beautiful Luxury Apartment! Real Ad Great Location. Very Large Apartment In Great Location","https://www.zameen.com/Property/bahria_town_bahria_town_-_sector_c_900sq_ft_beautiful_luxury_apartment_real_ad_great_location_very_large_apartment_in_great_location-53758100-1784-4.html"
"Brand New Semi Furnished House Ready to move Located on 45ft Road","2026-03-07T09:12:37.000Z","https://media.zameen.com/thumbnails/133690445-120x90.webp","Medaan Properties","Built in year: 2025 | View: Westopen  | Parking Spaces | Double Glazed Windows: Yes | Flooring: Tiles | Electricity Backup: None | Waste Disposal: Yes | Floors: 2 | Bedrooms: 4 | Bathrooms: 3 | Drawing Room: Yes | Dining Room: Yes | Kitchens: 2 | Powder Room : Yes | Store Rooms | Lounge or Sitting Room: Yes | Laundry Room: Yes | Broadband Internet Access: Yes | Satellite or Cable TV Ready: Yes | Intercom: Yes | Community Lawn or Garden: Yes | Community Gym: Yes | First Aid or Medical Centre: Yes | Day Care Centre: Yes | Kids Play Area: Yes | Mosque: Yes | Community Centre: Yes | Lawn or Garden: Yes | Swimming Pool: Yes | Sauna: Yes | Nearby Schools: Yes | Nearby Hospitals: Yes | Nearby Shopping Malls: Yes | Nearby Restaurants: Yes | Distance From Airport (kms): 20 | Nearby Public Transport Service: Yes | Maintenance Staff: Yes | Security Staff: Yes | Facilities for Disabled: Yes","5","marla","4","4","Lahore","Rizwan Sheikh","PKR","53913097","31.386102","DHA 11 Rahbar, DHA 11 Rahbar Phase 2","74.274945","+923004924999","https://media.zameen.com/thumbnails/295113950-800x600.webp","https://media.zameen.com/thumbnails/295113951-800x600.webp","https://media.zameen.com/thumbnails/295113952-800x600.webp","https://media.zameen.com/thumbnails/295113953-800x600.webp","https://media.zameen.com/thumbnails/295113954-800x600.webp","https://media.zameen.com/thumbnails/295113955-800x600.webp","https://media.zameen.com/thumbnails/295113956-800x600.webp","https://media.zameen.com/thumbnails/295113957-800x600.webp","https://media.zameen.com/thumbnails/295113958-800x600.webp","https://media.zameen.com/thumbnails/295113959-800x600.webp","https://media.zameen.com/thumbnails/295113960-800x600.webp","https://media.zameen.com/thumbnails/295113961-800x600.webp","https://media.zameen.com/thumbnails/295113962-800x600.webp","https://media.zameen.com/thumbnails/295113963-800x600.webp","https://media.zameen.com/thumbnails/295113964-800x600.webp","https://media.zameen.com/thumbnails/295113965-800x600.webp","https://media.zameen.com/thumbnails/295113966-800x600.webp","https://media.zameen.com/thumbnails/295113967-800x600.webp","https://media.zameen.com/thumbnails/295113968-800x600.webp","https://media.zameen.com/thumbnails/295113969-800x600.webp","https://media.zameen.com/thumbnails/295113970-800x600.webp","https://media.zameen.com/thumbnails/295113971-800x600.webp",,,,,,,,,,,,,,,,,,,,,,,,,,,,,"115000","house","rent","zameen.com","Brand New 4 Bedroom Semi Furnished House For Rent","https://www.zameen.com/Property/dha_11_rahbar_dha_11_rahbar_phase_2_brand_new_4_bedroom_semi_furnished_house_for_rent-53913097-3717-4.html"
"1 Kanal Beautiful House Available For Rent For Office Use Near Kalma Chock Call us biased but Garden Town is a great city. Finding a property is difficult but one at Rs. 355000 is a great offer. Seeking the best rent deal along with good facilities? Here is a property to consider. With an area spanning 4500 Square Feet, this will prove to be an ideal place for your family. Of course, if you're looking for House, you're in the right place! This House is situated at the heart of city in Garden Town. We are just a phone call away, contact us now!","2026-03-07T08:31:40.000Z",,,"Built in year: 2024 | View: SPANISH | Parking Spaces: 2 | Double Glazed Windows: Yes | Central Air Conditioning: Yes | Central Heating: Yes | Flooring: Tiles | Electricity Backup: Other | Waste Disposal: Yes | Other Main Features: Lavish | Furnished: Yes | Bedrooms: 2 | Bathrooms: 2 | Servant Quarters: 2 | Drawing Room: Yes | Dining Room: Yes | Kitchens: 1 | Study Room: Yes | Prayer Room: Yes | Powder Room : Yes | Gym: Yes | Store Rooms: 2 | Steam Room: Yes | Lounge or Sitting Room: Yes | Laundry Room: Yes | Other Rooms: Study | Broadband Internet Access: Yes | Satellite or Cable TV Ready: Yes | Intercom: Yes | Other Business and Communication Facilities: Yes | Community Lawn or Garden: Yes | Community Swimming Pool: Yes | Community Gym: Yes | First Aid or Medical Centre: Yes | Day Care Centre: Yes | Kids Play Area: Yes | Barbeque Area: Yes | Mosque: Yes | Community Centre: Yes | Other Community Facilities: Yes | Sauna: Yes | Jacuzzi: Yes | Other Healthcare and Recreation Facilities: Yes | Nearby Schools: 3 | Nearby Hospitals: 2 | Nearby Shopping Malls: 2 | Nearby Restaurants: 3 | Distance From Airport (kms): 10 | Nearby Public Transport Service: 1 | Other Nearby Places: 1 | Maintenance Staff: Yes | Security Staff: Yes | Facilities for Disabled: Yes | Other Facilities: 24/7 Electricity backup","1","kanal","5","5","Lahore","Umar Hussain","PKR","50761878","31.503922","Garden Town","74.323139","+923057512898","https://media.zameen.com/thumbnails/262068570-800x600.webp","https://media.zameen.com/thumbnails/262068571-800x600.webp","https://media.zameen.com/thumbnails/262068572-800x600.webp","https://media.zameen.com/thumbnails/262068573-800x600.webp","https://media.zameen.com/thumbnails/262068574-800x600.webp",,,,,,,,,,,,,,,,,,,,,,,,,,,,,,,,,,,,,,,,,,,,,,"355000","house","rent","zameen.com","House For Rent","https://www.zameen.com/Property/lahore_garden_town_house_for_rent-50761878-4-4.html"
"17 Marla 5 Bed House: . 5 Bedrooms . 5 Bathrooms . 1 servant quarter . 1 Storeroom . 1 Laundry room . Lounge sitting . Dinning room . 1 Kitchen . 1 Powder room","2026-03-07T08:02:18.000Z","https://media.zameen.com/thumbnails/20472638-120x90.webp","Property Expert Advisor & Builders","Built in year: 2023 | View: Corner Main | Parking Spaces: 3 | Double Glazed Windows: Yes | Central Air Conditioning: Yes | Central Heating: Yes | Flooring: Tiles | Electricity Backup: Ups | Waste Disposal: Yes | Floors: 2 | Bedrooms: 5 | Bathrooms: 5 | Servant Quarters: 1 | Drawing Room: Yes | Dining Room: Yes | Kitchens: 1 | Study Room: Yes | Prayer Room: Yes | Powder Room : Yes | Store Rooms: 1 | Lounge or Sitting Room: Yes | Laundry Room: Yes | Broadband Internet Access: Yes | Satellite or Cable TV Ready: Yes | Community Lawn or Garden: Yes | Community Gym: Yes | First Aid or Medical Centre: Yes | Day Care Centre: Yes | Kids Play Area: Yes | Barbeque Area: Yes | Mosque: Yes | Community Centre: Yes | Lawn or Garden: Yes | Nearby Schools: yes  | Nearby Hospitals: CMH | Nearby Shopping Malls: Yes | Nearby Restaurants: yes  | Distance From Airport (kms): 2 km | Nearby Public Transport Service: Yes | Other Nearby Places: Yes | Maintenance Staff: Yes | Security Staff: Yes | Other Facilities: Yes","1","kanal","5","5","Lahore","Muhammad Bilal Azam/ColMunir Ahmed","PKR","53859789","31.536408","Askari, Askari 10","74.416037","+923324313697","https://media.zameen.com/thumbnails/294775290-800x600.webp","https://media.zameen.com/thumbnails/294775283-800x600.webp","https://media.zameen.com/thumbnails/294775284-800x600.webp","https://media.zameen.com/thumbnails/294775285-800x600.webp","https://media.zameen.com/thumbnails/294775286-800x600.webp","https://media.zameen.com/thumbnails/294775287-800x600.webp","https://media.zameen.com/thumbnails/294775288-800x600.webp","https://media.zameen.com/thumbnails/294775289-800x600.webp","https://media.zameen.com/thumbnails/294775291-800x600.webp","https://media.zameen.com/thumbnails/294775292-800x600.webp","https://media.zameen.com/thumbnails/294775293-800x600.webp","https://media.zameen.com/thumbnails/294775294-800x600.webp","https://media.zameen.com/thumbnails/294775295-800x600.webp","https://media.zameen.com/thumbnails/294775296-800x600.webp","https://media.zameen.com/thumbnails/294775297-800x600.webp","https://media.zameen.com/thumbnails/294775298-800x600.webp","https://media.zameen.com/thumbnails/294775299-800x600.webp","https://media.zameen.com/thumbnails/294775300-800x600.webp","https://media.zameen.com/thumbnails/294775301-800x600.webp","https://media.zameen.com/thumbnails/294775302-800x600.webp","https://media.zameen.com/thumbnails/294775303-800x600.webp","https://media.zameen.com/thumbnails/294775304-800x600.webp","https://media.zameen.com/thumbnails/294775305-800x600.webp","https://media.zameen.com/thumbnails/294775306-800x600.webp","https://media.zameen.com/thumbnails/294775307-800x600.webp","https://media.zameen.com/thumbnails/294775308-800x600.webp","https://media.zameen.com/thumbnails/294775309-800x600.webp","https://media.zameen.com/thumbnails/294775310-800x600.webp","https://media.zameen.com/thumbnails/294775311-800x600.webp","https://media.zameen.com/thumbnails/294775312-800x600.webp",,,,,,,,,,,,,,,,,,,,,"370000","house","rent","zameen.com","Main Boulevard Corner Brig House Five Beds with 15 KVA Solar installed For urgent Rent in Sec-F!","https://www.zameen.com/Property/askari_askari_10_main_boulevard_corner_brig_house_five_beds_with_15_kva_solar_installed_for_urgent_rent_in_sec-f-53859789-1011-4.html"
"5 Marla New Brand Double Story House Is Available For Rent In Khyaban E Amin Housing Society Near By Ring Road &Amp;Amp; Raiwend Road Lahore Security System Is Good Electricity Underground 3 Bed Rooms , Attach Baths Tv Lounge Kitchen Drawing Room It'S A Reasonable Price Of Rent This House Monthly Rent 70,000 Only Now Book Your House And Contact With Us We Are Waiting For The Your Positive Response Thank You","2026-03-07T07:21:26.000Z",,"Ammar Real Estate","Built in year: 2018 | View: west Open | Parking Spaces: 2 | Double Glazed Windows: Yes | Central Air Conditioning: Yes | Central Heating: Yes | Flooring: Tiles | Electricity Backup: Generator | Waste Disposal: Yes | Floors: 1 | Other Main Features: Ys | Bedrooms: 3 | Bathrooms: 4 | Servant Quarters: 1 | Drawing Room: Yes | Dining Room: Yes | Kitchens: 1 | Study Room: Yes | Prayer Room: Yes | Powder Room : Yes | Gym: Yes | Store Rooms: 1 | Steam Room: Yes | Lounge or Sitting Room: Yes | Laundry Room: Yes | Other Rooms: Yes | Broadband Internet Access: Yes | Satellite or Cable TV Ready: Yes | Intercom: Yes | Other Business and Communication Facilities: Yes | Community Lawn or Garden: Yes | Community Swimming Pool: Yes | Community Gym: Yes | First Aid or Medical Centre: Yes | Day Care Centre: Yes | Kids Play Area: Yes | Barbeque Area: Yes | Mosque: Yes | Community Centre: Yes | Other Community Facilities: Yes | Lawn or Garden: Yes | Swimming Pool: Yes | Sauna: Yes | Jacuzzi: Yes | Other Healthcare and Recreation Facilities: Yes | Nearby Schools: Yes | Nearby Hospitals: Yes | Nearby Shopping Malls: Yes | Nearby Restaurants: Yes | Distance From Airport (kms): Yes | Nearby Public Transport Service: Yes | Other Nearby Places: Yes | Maintenance Staff: Yes | Security Staff: Yes | Facilities for Disabled: Yes | Other Facilities: Yes","5","marla","3","3","Lahore","Ch Basharat Ali","PKR","53868688","31.376356","Khayaban-e-Amin","74.263701","+923235552034","https://media.zameen.com/thumbnails/295109575-800x600.webp","https://media.zameen.com/thumbnails/295109576-800x600.webp","https://media.zameen.com/thumbnails/295109577-800x600.webp","https://media.zameen.com/thumbnails/295109578-800x600.webp","https://media.zameen.com/thumbnails/295109579-800x600.webp","https://media.zameen.com/thumbnails/295109580-800x600.webp","https://media.zameen.com/thumbnails/295109581-800x600.webp","https://media.zameen.com/thumbnails/295109582-800x600.webp",,,,,,,,,,,,,,,,,,,,,,,,,,,,,,,,,,,,,,,,,,,"70000","house","rent","zameen.com","New Brand Tiles Flooring House For Rent","https://www.zameen.com/Property/lahore_khayaban-e-amin_new_brand_tiles_flooring_house_for_rent-53868688-1514-4.html"
"Land Holders Real Estate and Builders is the Name of Trust in Dynamic Real Estate Market for its Valued Clients Base from Last 10 years. We Are Offering You Secure Investment Opportunities In LDA Housing Societies And Projects According To Your Return On Investment Needs. We have Professional Realtors Team Who Are Committed To Provide Excellent Real Estate Services And Consultancy In Approved Housing Societies Across Pakistan. For Investment, Selling and Buying of Residential and Commercial Plots in BAHRIA TOWN LAHORE","2026-03-07T06:50:05.000Z","https://media.zameen.com/thumbnails/58956595-120x90.webp","Land Holders","Built in year: 2024 | View: AWESOME | Parking Spaces | Lobby in Building: Yes | Double Glazed Windows: Yes | Central Air Conditioning: Yes | Central Heating: Yes | Flooring: Tiles | Electricity Backup: Generator | Waste Disposal: Yes | Floor: 3 | Floors in Building: 7 | Elevators | Service Elevators in Building: Yes | Other Main Features: NEAR TO PARK | Furnished: Yes | Bedrooms: 4 | Bathrooms: 4 | Servant Quarters: 1 | Drawing Room: Yes | Dining Room: Yes | Kitchens: 2 | Study Room: Yes | Prayer Room: Yes | Powder Room : Yes | Gym: Yes | Store Rooms: 1 | Steam Room: Yes | Lounge or Sitting Room: Yes | Laundry Room: Yes | Other Rooms: yes  | Broadband Internet Access: Yes | Satellite or Cable TV Ready: Yes | Business Center or Media Room in Building: Yes | Conference Room in Building: Yes | Intercom: Yes | ATM Machines: Yes | Other Business and Communication Facilities: yes  | Community Lawn or Garden: Yes | Community Swimming Pool: Yes | Community Gym: Yes | First Aid or Medical Centre: Yes | Day Care Centre: Yes | Kids Play Area: Yes | Barbeque Area: Yes | Mosque: Yes | Community Centre: Yes | Other Community Facilities: yes  | Sauna: Yes | Jacuzzi: Yes | Other Healthcare and Recreation Facilities: yes  | Nearby Schools: Yes | Nearby Hospitals: Yes | Nearby Shopping Malls: Yes | Nearby Restaurants: Yes | Distance From Airport (kms): Yes | Nearby Public Transport Service: Yes | Other Nearby Places: Yes | Maintenance Staff: Yes | Security Staff: Yes | Facilities for Disabled: Yes | Other Facilities: Yes","500","sqft","1","1","Lahore","Usman Malik","PKR","52417837","31.364887","Bahria Town, Bahria Town - Sector E","74.186554","+923259731336","https://media.zameen.com/thumbnails/276893864-800x600.webp","https://media.zameen.com/thumbnails/276893868-800x600.webp","https://media.zameen.com/thumbnails/276893869-800x600.webp","https://media.zameen.com/thumbnails/276893867-800x600.webp","https://media.zameen.com/thumbnails/276893865-800x600.webp","https://media.zameen.com/thumbnails/276895525-800x600.webp","https://media.zameen.com/thumbnails/276895527-800x600.webp","https://media.zameen.com/thumbnails/276895529-800x600.webp","https://media.zameen.com/thumbnails/276895532-800x600.webp","https://media.zameen.com/thumbnails/276895533-800x600.webp","https://media.zameen.com/thumbnails/276895534-800x600.webp","https://media.zameen.com/thumbnails/276893866-800x600.webp",,,,,,,,,,,,,,,,,,,,,,,,,,,,,,,,,,,,,,,"45000","flat","rent","zameen.com","One Bed Fully Furnished Apartment For Rent In Sector E Bahria Town Lahore","https://www.zameen.com/Property/bahria_town_bahria_town_-_sector_e_one_bed_fully_furnished_apartment_for_rent_in_sector_e_bahria_town_lahore-52417837-1802-4.html"
"Luxury Fully Furnished Lower Portion for Rent in DHA Phase 3 Prime Location A beautifully designed fully furnished lower portion is available for rent in the heart of DHA Phase 3, located near McDonalds. This property offers a perfect combination of comfort, style, and convenience, ideal for families or professionals seeking premium living in one of the most prestigious areas. Property Features: 3 Spacious Bedrooms with Attached Shower Cabin Bathrooms Comfortable TV Lounge Elegant Drawing Room Dining Area Fully Equipped Modern Kitchen Store Room Servant Quarter Beautifully Furnished Interior Separate Entrance & Peaceful Environment Located in a Prime and Secure Area The lower portion is tastefully furnished with high-quality furniture and fittings, offering a ready-to-move-in lifestyle. Its excellent location provides quick access to restaurants, markets, schools, and all daily necessities. Location: DHA Phase 3 Near McDonalds Contact now for more details or to arrange a visit","2026-03-07T05:41:44.000Z",,"Luxury Nest Real Estat","Built in year: 2013 | View: beautiful  | Parking Spaces: 2 | Double Glazed Windows: Yes | Central Air Conditioning: Yes | Central Heating: Yes | Flooring: Wooden | Electricity Backup: Ups | Waste Disposal: Yes | Floors | Other Main Features: Yes | Furnished: Yes | Bedrooms: 3 | Bathrooms: 3 | Servant Quarters: 1 | Drawing Room: Yes | Dining Room: Yes | Kitchens: 1 | Study Room: Yes | Prayer Room: Yes | Store Rooms | Steam Room: Yes | Lounge or Sitting Room: Yes | Laundry Room: Yes | Broadband Internet Access: Yes | Other Business and Communication Facilities: all  | Kids Play Area: Yes | Mosque: Yes | Nearby Schools: Yes | Nearby Hospitals: Yes | Nearby Shopping Malls: Yes | Nearby Public Transport Service: Yes | Other Nearby Places: Yes | Maintenance Staff: Yes | Security Staff: Yes | Other Facilities: Pick and Drop From Gate, Walking Tracks,Gym","1","kanal","3","3","Lahore","Muhammad Iqbal","PKR","53912038","31.475378","DHA Defence, DHA Phase 3","74.373808","+923218445647","https://media.zameen.com/thumbnails/295105300-800x600.webp","https://media.zameen.com/thumbnails/295105301-800x600.webp","https://media.zameen.com/thumbnails/295105302-800x600.webp","https://media.zameen.com/thumbnails/295105303-800x600.webp","https://media.zameen.com/thumbnails/295105304-800x600.webp","https://media.zameen.com/thumbnails/295105305-800x600.webp","https://media.zameen.com/thumbnails/295105306-800x600.webp","https://media.zameen.com/thumbnails/295105307-800x600.webp","https://media.zameen.com/thumbnails/295105308-800x600.webp","https://media.zameen.com/thumbnails/295105309-800x600.webp","https://media.zameen.com/thumbnails/295105310-800x600.webp","https://media.zameen.com/thumbnails/295105311-800x600.webp","https://media.zameen.com/thumbnails/295105312-800x600.webp","https://media.zameen.com/thumbnails/295105313-800x600.webp","https://media.zameen.com/thumbnails/295105314-800x600.webp","https://media.zameen.com/thumbnails/295105315-800x600.webp","https://media.zameen.com/thumbnails/295105316-800x600.webp","https://media.zameen.com/thumbnails/295105317-800x600.webp","https://media.zameen.com/thumbnails/295105318-800x600.webp","https://media.zameen.com/thumbnails/295105319-800x600.webp","https://media.zameen.com/thumbnails/295105320-800x600.webp","https://media.zameen.com/thumbnails/295105321-800x600.webp","https://media.zameen.com/thumbnails/295105322-800x600.webp","https://media.zameen.com/thumbnails/295105323-800x600.webp","https://media.zameen.com/thumbnails/295105324-800x600.webp","https://media.zameen.com/thumbnails/295105325-800x600.webp","https://media.zameen.com/thumbnails/295105326-800x600.webp","https://media.zameen.com/thumbnails/295105327-800x600.webp","https://media.zameen.com/thumbnails/295105328-800x600.webp","https://media.zameen.com/thumbnails/295105329-800x600.webp","https://media.zameen.com/thumbnails/295105330-800x600.webp","https://media.zameen.com/thumbnails/295105331-800x600.webp","https://media.zameen.com/thumbnails/295105332-800x600.webp","https://media.zameen.com/thumbnails/295105333-800x600.webp","https://media.zameen.com/thumbnails/295105334-800x600.webp","https://media.zameen.com/thumbnails/295105335-800x600.webp","https://media.zameen.com/thumbnails/295105336-800x600.webp","https://media.zameen.com/thumbnails/295105337-800x600.webp","https://media.zameen.com/thumbnails/295105338-800x600.webp","https://media.zameen.com/thumbnails/295105339-800x600.webp","https://media.zameen.com/thumbnails/295105340-800x600.webp","https://media.zameen.com/thumbnails/295105341-800x600.webp","https://media.zameen.com/thumbnails/295105342-800x600.webp","https://media.zameen.com/thumbnails/295105343-800x600.webp","https://media.zameen.com/thumbnails/295105344-800x600.webp","https://media.zameen.com/thumbnails/295105345-800x600.webp","https://media.zameen.com/thumbnails/295105346-800x600.webp",,,,"210000","lower portion","rent","zameen.com","One Kanal Fully Furnished Lower Portion In DHA Phase 3 Near Y Block McDonald","https://www.zameen.com/Property/dha_defence_dha_phase_3_one_kanal_fully_furnished_lower_portion_in_dha_phase_3_near_y_block_mcdonald-53912038-1454-4.html"
"Luxury Apartment for Rent in Askari 10 Furnished & Non-Furnished Options Available A beautifully maintained and spacious apartment is available for rent in the highly secure and well-developed community of Askari 10. This elegant apartment is perfect for families looking for comfort, convenience, and a premium lifestyle. Apartment Features: 3 Spacious Bedrooms with Attached Vanity Bathrooms Elegant TV Lounge for family gatherings Separate Drawing Room Dining Area Modern Kitchen Store Room Proper Laundry area Fully Tiles Floor Servant Quarter 24/7 Lift Facility Secure & Peaceful Environment All basic and modern facilities available The apartment is thoughtfully designed with a comfortable layout, excellent ventilation, and a beautiful interior. Located in one of the most desirable residential communities, it offers easy access to parks, markets, schools, and other daily necessities. Rental Options: Furnished Apartment: 180,000 PKR per month Non-Furnished Apartment: 135,000 PKR per month Ideal for families seeking a high-standard living experience in a safe and prime location. Contact now for further details and to schedule a visit.","2026-03-07T01:21:33.000Z",,"Luxury Nest Real Estat","View: beautiful  | Parking Spaces: 2 | Lobby in Building: true | Double Glazed Windows: true | Central Air Conditioning: true | Flooring: Tiles | Electricity Backup: Ups | Bedrooms: 3 | Bathrooms: 4 | Servant Quarters: 1 | Drawing Room: true | Dining Room: true | Kitchens | Study Room: true | Prayer Room: true | Powder Room : true | Store Rooms: 1 | Steam Room: true | Lounge or Sitting Room: true | Laundry Room: true","12","marla","4","3","Lahore","Muhammad Iqbal","PKR","53912028","31.536408","Askari, Askari 10","74.416037","+923218445647","https://media.zameen.com/thumbnails/295103474-800x600.webp","https://media.zameen.com/thumbnails/295103475-800x600.webp","https://media.zameen.com/thumbnails/295103476-800x600.webp","https://media.zameen.com/thumbnails/295103477-800x600.webp","https://media.zameen.com/thumbnails/295103478-800x600.webp","https://media.zameen.com/thumbnails/295103479-800x600.webp","https://media.zameen.com/thumbnails/295103480-800x600.webp","https://media.zameen.com/thumbnails/295103481-800x600.webp","https://media.zameen.com/thumbnails/295103482-800x600.webp","https://media.zameen.com/thumbnails/295103483-800x600.webp","https://media.zameen.com/thumbnails/295103484-800x600.webp","https://media.zameen.com/thumbnails/295103485-800x600.webp","https://media.zameen.com/thumbnails/295103486-800x600.webp","https://media.zameen.com/thumbnails/295103487-800x600.webp","https://media.zameen.com/thumbnails/295103488-800x600.webp","https://media.zameen.com/thumbnails/295103489-800x600.webp","https://media.zameen.com/thumbnails/295103490-800x600.webp","https://media.zameen.com/thumbnails/295103491-800x600.webp","https://media.zameen.com/thumbnails/295103492-800x600.webp","https://media.zameen.com/thumbnails/295103493-800x600.webp","https://media.zameen.com/thumbnails/295103494-800x600.webp","https://media.zameen.com/thumbnails/295103495-800x600.webp","https://media.zameen.com/thumbnails/295103496-800x600.webp","https://media.zameen.com/thumbnails/295103497-800x600.webp","https://media.zameen.com/thumbnails/295103498-800x600.webp","https://media.zameen.com/thumbnails/295103499-800x600.webp",,,,,,,,,,,,,,,,,,,,,,,,,"135000","flat","rent","zameen.com","12 Marla independent Apartment Available For Rent in Askari 10 Near Allama iqbal International Airport","https://www.zameen.com/Property/askari_askari_10_12_marla_independent_apartment_available_for_rent_in_askari_10_near_allama_iqbal_international_airport-53912028-1011-4.html"
"4 BEDROOM ATTACHED BATH KITCHEN LOUNGE PORCH DRAWING DINING STORE SERVANT ROOM PARKING IN BASEMENT FOR MORE DETAILS CONTACT US PLEASE","2026-03-06T22:05:43.000Z","https://media.zameen.com/thumbnails/223796381-120x90.webp","NATIONWIDE ESTATE","Built in year: 2025 | View: Good | Parking Spaces | Lobby in Building: Yes | Double Glazed Windows: Yes | Central Air Conditioning: Yes | Central Heating: Yes | Flooring: Other | Electricity Backup: Other | Waste Disposal: Yes | Floor | Floors in Building: 7 | Elevators | Service Elevators in Building: Yes | Other Main Features: Yes | Furnished: Yes | Bedrooms: 3 | Bathrooms: 3 | Servant Quarters | Drawing Room: Yes | Dining Room: Yes | Kitchens: 1 | Study Room: Yes | Prayer Room: Yes | Powder Room : Yes | Gym: Yes | Store Rooms: 2 | Steam Room: Yes | Lounge or Sitting Room: Yes | Laundry Room: Yes | Other Rooms: Yes | Broadband Internet Access: Yes | Satellite or Cable TV Ready: Yes | Business Center or Media Room in Building: Yes | Conference Room in Building: Yes | Intercom: Yes | ATM Machines: Yes | Other Business and Communication Facilities: Yes | Community Lawn or Garden: Yes | Community Swimming Pool: Yes | Community Gym: Yes | First Aid or Medical Centre: Yes | Day Care Centre: Yes | Kids Play Area: Yes | Barbeque Area: Yes | Mosque: Yes | Community Centre: Yes | Other Community Facilities: Yes | Sauna: Yes | Jacuzzi: Yes | Other Healthcare and Recreation Facilities: Yes | Nearby Schools: Yes | Nearby Hospitals: Yes | Nearby Shopping Malls: Yes | Nearby Restaurants: Yes | Distance From Airport (kms): 20 km | Nearby Public Transport Service: Yes | Other Nearby Places: Yes | Maintenance Staff: Yes | Security Staff: Yes | Laundry or Dry Cleaning Facility: Yes | Communal/Shared Kitchen: Yes | Facilities for Disabled: Yes | Pet Policy: Allowed | Other Facilities: Yes","12","marla","5","4","Lahore","M. Khubaib","PKR","53538231","31.533849","Askari, Askari 10, Askari 10 - Sector F","74.409633","+923001554536","https://media.zameen.com/thumbnails/291609556-800x600.webp","https://media.zameen.com/thumbnails/291609558-800x600.webp","https://media.zameen.com/thumbnails/291609560-800x600.webp","https://media.zameen.com/thumbnails/291609561-800x600.webp","https://media.zameen.com/thumbnails/291609562-800x600.webp","https://media.zameen.com/thumbnails/291609563-800x600.webp","https://media.zameen.com/thumbnails/291609564-800x600.webp","https://media.zameen.com/thumbnails/291609565-800x600.webp","https://media.zameen.com/thumbnails/291609566-800x600.webp","https://media.zameen.com/thumbnails/291609567-800x600.webp","https://media.zameen.com/thumbnails/291609568-800x600.webp",,,,,,,,,,,,,,,,,,,,,,,,,,,,,,,,,,,,,,,,"150000","flat","rent","zameen.com","12 MARLA BRAND NEW 4 BEDROOM APARTMENT AVAILABLE FOR RENT","https://www.zameen.com/Property/askari_10_askari_10_-_sector_f_12_marla_brand_new_4_bedroom_apartment_available_for_rent-53538231-10542-4.html"
"FOUR BEDROOM ATTACHED BATH KITCHEN LOUNGE PARKING IN BASEMENT DRAWING DINING STORE SERVANT ROOM FOR MORE DETAILS CONTACT US PLEASE","2026-03-06T22:05:35.000Z","https://media.zameen.com/thumbnails/223796381-120x90.webp","NATIONWIDE ESTATE","Nearby Schools: 2 minutes walk | Nearby Hospitals: 2 minutes walk | Nearby Shopping Malls: 2 minutes walk | Nearby Restaurants: 2 minutes walk | Distance From Airport (kms): 15 KM | Nearby Public Transport Service: 1 KM Metro Station | Other Nearby Places: Near Markaz | Security Staff: Yes | Other Facilities: Near Main Markaz","12","marla","5","4","Lahore","M. Khubaib","PKR","53509142","31.536408","Askari, Askari 10","74.416037","+923001554536","https://media.zameen.com/thumbnails/291225289-800x600.webp","https://media.zameen.com/thumbnails/291225290-800x600.webp","https://media.zameen.com/thumbnails/291225291-800x600.webp","https://media.zameen.com/thumbnails/291225292-800x600.webp","https://media.zameen.com/thumbnails/291225293-800x600.webp","https://media.zameen.com/thumbnails/291225294-800x600.webp","https://media.zameen.com/thumbnails/291225295-800x600.webp","https://media.zameen.com/thumbnails/291225296-800x600.webp","https://media.zameen.com/thumbnails/291225297-800x600.webp","https://media.zameen.com/thumbnails/291225298-800x600.webp","https://media.zameen.com/thumbnails/291225299-800x600.webp","https://media.zameen.com/thumbnails/291225300-800x600.webp","https://media.zameen.com/thumbnails/291225301-800x600.webp",,,,,,,,,,,,,,,,,,,,,,,,,,,,,,,,,,,,,,"145000","flat","rent","zameen.com","BRAND NEW 12 MARLA 4 BEDROOM APARTMENT AVAILABLE FOR RENT","https://www.zameen.com/Property/askari_askari_10_brand_new_12_marla_4_bedroom_apartment_available_for_rent-53509142-1011-4.html"
"1 Kanal Luxury House for Rent in Gulberg A beautifully maintained 1 Kanal house is available for rent in the prime area of Gulberg. This spacious property offers a perfect combination of comfort, elegance, and functionality, making it ideal for both residential living or corporate use. Property Features: 5 Spacious Bedrooms with attached bathrooms Drawing & Dining Room Large TV Lounge / Living Areas Modern Kitchen with ample storage Huge Parking Space for up to 8 cars Beautiful layout with excellent ventilation Secure and peaceful neighborhood Location Highlights: Prime location in Gulberg Easy access to main roads, markets, restaurants, and offices Ideal for families, companies, or guest house use Demand Rent: PK 500,000 per month A great opportunity to rent a spacious and premium property in one of the most desirable areas of the city. Contact for more details or to arrange a visit.","2026-03-06T21:06:58.000Z","https://media.zameen.com/thumbnails/20472276-120x90.webp","Al Noor Real Estate","Bedrooms: 5 | Bathrooms: 5 | Drawing Room: Yes | Dining Room: Yes | Lounge or Sitting Room: Yes | Mosque: Yes | Community Centre: Yes | Nearby Schools: Yes | Nearby Hospitals: Cavalry Hospita | Nearby Shopping Malls: Yes | Nearby Restaurants: Yes  | Distance From Airport (kms): 8 km | Nearby Public Transport Service: Yes | Other Nearby Places: Yes | Security Staff: Yes | Other Facilities: Yes","1","kanal","5","5","Lahore","Muzaffar Ali Aziz","PKR","53904274","31.522361","Gulberg","74.347172","+923004006458","https://media.zameen.com/thumbnails/295026477-800x600.webp","https://media.zameen.com/thumbnails/295026478-800x600.webp","https://media.zameen.com/thumbnails/295026479-800x600.webp","https://media.zameen.com/thumbnails/295026480-800x600.webp","https://media.zameen.com/thumbnails/295026481-800x600.webp","https://media.zameen.com/thumbnails/295026482-800x600.webp","https://media.zameen.com/thumbnails/295026483-800x600.webp","https://media.zameen.com/thumbnails/295026484-800x600.webp","https://media.zameen.com/thumbnails/295026485-800x600.webp","https://media.zameen.com/thumbnails/295026486-800x600.webp","https://media.zameen.com/thumbnails/295026487-800x600.webp","https://media.zameen.com/thumbnails/295026488-800x600.webp","https://media.zameen.com/thumbnails/295026489-800x600.webp","https://media.zameen.com/thumbnails/295026490-800x600.webp","https://media.zameen.com/thumbnails/295026491-800x600.webp","https://media.zameen.com/thumbnails/295026492-800x600.webp","https://media.zameen.com/thumbnails/295026493-800x600.webp","https://media.zameen.com/thumbnails/295026494-800x600.webp","https://media.zameen.com/thumbnails/295026495-800x600.webp","https://media.zameen.com/thumbnails/295026496-800x600.webp","https://media.zameen.com/thumbnails/295026497-800x600.webp","https://media.zameen.com/thumbnails/295026498-800x600.webp","https://media.zameen.com/thumbnails/295026499-800x600.webp","https://media.zameen.com/thumbnails/295026500-800x600.webp","https://media.zameen.com/thumbnails/295026501-800x600.webp","https://media.zameen.com/thumbnails/295026502-800x600.webp","https://media.zameen.com/thumbnails/295026503-800x600.webp","https://media.zameen.com/thumbnails/295026504-800x600.webp","https://media.zameen.com/thumbnails/295026505-800x600.webp","https://media.zameen.com/thumbnails/295026506-800x600.webp","https://media.zameen.com/thumbnails/295026507-800x600.webp",,,,,,,,,,,,,,,,,,,,"500000","house","rent","zameen.com","1 Kanal Luxury House for Rent in Gulberg Ideal for Residence or Office","https://www.zameen.com/Property/lahore_gulberg_1_kanal_luxury_house_for_rent_in_gulberg_ideal_for_residence_or_office-53904274-7-4.html"
"5 bedrooms with attached bath TV lounge Drawing Room Dining room Car parking Rent 250000/-","2026-03-06T18:43:43.000Z","https://media.zameen.com/thumbnails/20470888-120x90.webp","Chohan Estate","Parking Spaces | Flooring: Tiles | Electricity Backup: None | Bedrooms: 5 | Bathrooms: 6 | Servant Quarters: 2 | Drawing Room: Yes | Dining Room: Yes | Kitchens: 2 | Study Room: Yes | Prayer Room: Yes | Powder Room : Yes | Gym: Yes | Store Rooms: 2 | Steam Room: Yes | Lounge or Sitting Room: Yes | Laundry Room: Yes | Other Rooms: 1 | Broadband Internet Access: Yes | Satellite or Cable TV Ready: Yes | Intercom: Yes | Community Lawn or Garden: Yes | Community Swimming Pool: Yes | Community Gym: Yes | First Aid or Medical Centre: Yes | Day Care Centre: Yes | Kids Play Area: Yes | Barbeque Area: Yes | Mosque: Yes | Community Centre: Yes | Lawn or Garden: Yes | Swimming Pool: Yes | Jacuzzi: Yes","1","kanal","6","5","Lahore","Wajahat Butt","PKR","53909220","31.475378","DHA Defence, DHA Phase 3","74.373808","+923088444701","https://media.zameen.com/thumbnails/295098637-800x600.webp","https://media.zameen.com/thumbnails/295098638-800x600.webp","https://media.zameen.com/thumbnails/295098639-800x600.webp","https://media.zameen.com/thumbnails/295098640-800x600.webp","https://media.zameen.com/thumbnails/295098641-800x600.webp","https://media.zameen.com/thumbnails/295098642-800x600.webp","https://media.zameen.com/thumbnails/295098643-800x600.webp","https://media.zameen.com/thumbnails/295098644-800x600.webp","https://media.zameen.com/thumbnails/295098645-800x600.webp","https://media.zameen.com/thumbnails/295098646-800x600.webp","https://media.zameen.com/thumbnails/295098647-800x600.webp","https://media.zameen.com/thumbnails/295098648-800x600.webp","https://media.zameen.com/thumbnails/295098649-800x600.webp","https://media.zameen.com/thumbnails/295098650-800x600.webp","https://media.zameen.com/thumbnails/295098651-800x600.webp","https://media.zameen.com/thumbnails/295098652-800x600.webp","https://media.zameen.com/thumbnails/295098653-800x600.webp","https://media.zameen.com/thumbnails/295098654-800x600.webp","https://media.zameen.com/thumbnails/295098655-800x600.webp",,,,,,,,,,,,,,,,,,,,,,,,,,,,,,,,"250000","house","rent","zameen.com","1 Kanal House For Rent In Phase 3","https://www.zameen.com/Property/dha_defence_dha_phase_3_1_kanal_house_for_rent_in_phase_3-53909220-1454-4.html"
"Beautiful 1400 sq. ft fully furnished apartment available for rent in the heart of Liberty Market, offering comfort, convenience, and prime location living. This well-maintained apartment features: 2 Spacious Bedrooms 2 Modern Bathrooms Elegant Drawing & Dining Room Fully Equipped Kitchen Separate Driver Room Dedicated Car Parking The building offers premium amenities including: Fully Equipped Gym Swimming Pool Secure & Peaceful Environment Located in one of Lahores most sought-after commercial and residential areas, this apartment provides easy access to main roads, shopping, restaurants, and all daily necessities. Ideal for families, executives, and overseas clients looking for luxury living in a prime location. Contact now for more details and visit.","2026-03-06T17:55:36.000Z","https://media.zameen.com/thumbnails/277314019-120x90.webp","H S Real Estate","Parking Spaces | Lobby in Building: Yes | Double Glazed Windows: Yes | Central Air Conditioning: Yes | Central Heating: Yes | Flooring: Tiles | Waste Disposal: Yes | Elevators | Service Elevators in Building: Yes | Other Main Features: Available | Furnished: Yes | Bedrooms: 2 | Bathrooms: 2 | Drawing Room: Yes | Dining Room: Yes | Kitchens: 1 | Lounge or Sitting Room: Yes | Other Rooms: Driver Room | Broadband Internet Access: Yes | Satellite or Cable TV Ready: Yes | Business Center or Media Room in Building: Yes | Conference Room in Building: Yes | Other Business and Communication Facilities: Available | Community Swimming Pool: Yes | Community Gym: Yes | First Aid or Medical Centre: Yes | Other Community Facilities: Available | Other Healthcare and Recreation Facilities: Avaliable","1400","sqft","2","2","Lahore","Amar Zuhaib","PKR","53812378","31.505678","Gulberg, Gulberg 3","74.348202","+923248929460","https://media.zameen.com/thumbnails/294195346-800x600.webp","https://media.zameen.com/thumbnails/294195347-800x600.webp","https://media.zameen.com/thumbnails/294195348-800x600.webp","https://media.zameen.com/thumbnails/294195349-800x600.webp","https://media.zameen.com/thumbnails/294195350-800x600.webp","https://media.zameen.com/thumbnails/294195351-800x600.webp","https://media.zameen.com/thumbnails/294195352-800x600.webp","https://media.zameen.com/thumbnails/294195353-800x600.webp",,,,,,,,,,,,,,,,,,,,,,,,,,,,,,,,,,,,,,,,,,,"350000","flat","rent","zameen.com","Fully Furnished Apartment For Rent In Liberty Market Pool, Gym & Parking","https://www.zameen.com/Property/gulberg_gulberg_3_fully_furnished_apartment_for_rent_in_liberty_market_pool_gym_parking-53812378-3824-4.html"
"Spacious 1.25 Kanal full house available for rent in a prime and peaceful location. Perfect option for silent office setup, software house, consultancy firm, or corporate use. Property Features: 6 Spacious Bedrooms 7 Modern Bathrooms 2 Drawing & Dining Rooms 2 Kitchens 1 Servant Quarter 1 Terrace & 1 Balcony Front Lawn Parking Space for 2 Cars The house offers a professional and secure environment with ample space for staff, management rooms, and meeting areas. Ideal layout for corporate or silent commercial activities. Contact now for further details and visit arrangement.","2026-03-06T17:45:19.000Z","https://media.zameen.com/thumbnails/277314019-120x90.webp","H S Real Estate","Parking Spaces | Double Glazed Windows: Yes | Flooring: Tiles | Other Main Features: Yes | Bedrooms: 6 | Bathrooms: 7 | Servant Quarters: 1 | Drawing Room: Yes | Dining Room: Yes | Kitchens: 2 | Prayer Room: Yes | Store Rooms: 1 | Lounge or Sitting Room: Yes | Other Rooms: Available | Broadband Internet Access: Yes | Satellite or Cable TV Ready: Yes | Other Business and Communication Facilities: Available | Community Lawn or Garden: Yes | Other Community Facilities: Available | Lawn or Garden: Yes | Nearby Schools: Yes | Nearby Hospitals: Yes | Nearby Shopping Malls: Yes | Nearby Restaurants: Yes | Distance From Airport (kms): 20 | Nearby Public Transport Service: Yes | Other Nearby Places: FAZAIA HOUSING SOCIETY | Security Staff: Yes | Other Facilities: COMMERCIAL MARKET & PARKS","1","kanal","7","6","Lahore","Hamza Rajpoot","PKR","53825702","31.505678","Gulberg, Gulberg 3","74.348202","+923248929460","https://media.zameen.com/thumbnails/294319583-800x600.webp","https://media.zameen.com/thumbnails/294319584-800x600.webp","https://media.zameen.com/thumbnails/294319585-800x600.webp","https://media.zameen.com/thumbnails/294319586-800x600.webp","https://media.zameen.com/thumbnails/294319587-800x600.webp","https://media.zameen.com/thumbnails/294319588-800x600.webp","https://media.zameen.com/thumbnails/294319589-800x600.webp","https://media.zameen.com/thumbnails/294319590-800x600.webp","https://media.zameen.com/thumbnails/294319591-800x600.webp","https://media.zameen.com/thumbnails/294319592-800x600.webp","https://media.zameen.com/thumbnails/294319593-800x600.webp","https://media.zameen.com/thumbnails/294319594-800x600.webp","https://media.zameen.com/thumbnails/294319595-800x600.webp","https://media.zameen.com/thumbnails/294319596-800x600.webp","https://media.zameen.com/thumbnails/294319597-800x600.webp","https://media.zameen.com/thumbnails/294319598-800x600.webp","https://media.zameen.com/thumbnails/294319599-800x600.webp","https://media.zameen.com/thumbnails/294319600-800x600.webp","https://media.zameen.com/thumbnails/294319601-800x600.webp","https://media.zameen.com/thumbnails/294319602-800x600.webp","https://media.zameen.com/thumbnails/294319603-800x600.webp","https://media.zameen.com/thumbnails/294319604-800x600.webp",,,,,,,,,,,,,,,,,,,,,,,,,,,,,"400000","house","rent","zameen.com","1.25 Kanal Full House for Rent Ideal for Silent Office Use","https://www.zameen.com/Property/gulberg_gulberg_3_1_25_kanal_full_house_for_rent_ideal_for_silent_office_use-53825702-3824-4.html"
"DHA phase 4 10 Marla house for rent prime location. near located all facilities 4 bed room. 5 wash room near and clean near park near masjid near market . The Loyal property.","2026-03-06T16:47:29.000Z",,,"Built in year: 2015 | View: good | Parking Spaces: 2 | Double Glazed Windows: Yes | Central Air Conditioning: Yes | Central Heating: Yes | Flooring: Marble | Electricity Backup: Ups | Waste Disposal: Yes | Floors: 1 | Other Main Features: Yes | Furnished: Yes | Bedrooms: 4 | Bathrooms: 5 | Servant Quarters: 1 | Drawing Room: Yes | Dining Room: Yes | Kitchens: 1 | Study Room: Yes | Prayer Room: Yes | Powder Room : Yes | Gym: Yes | Store Rooms: 1 | Steam Room: Yes | Lounge or Sitting Room: Yes | Laundry Room: Yes | Other Rooms: 1 | Broadband Internet Access: Yes | Satellite or Cable TV Ready: Yes | Intercom: Yes | Other Business and Communication Facilities: Yes | Community Lawn or Garden: Yes | Community Swimming Pool: Yes | Community Gym: Yes | First Aid or Medical Centre: Yes | Day Care Centre: Yes | Kids Play Area: Yes | Barbeque Area: Yes | Mosque: Yes | Community Centre: Yes | Other Community Facilities: Yes | Lawn or Garden: Yes | Swimming Pool: Yes | Sauna: Yes | Jacuzzi: Yes | Other Healthcare and Recreation Facilities: Yes | Nearby Schools: Yes | Nearby Hospitals: Yes | Nearby Shopping Malls: Yes | Nearby Restaurants: Yes | Distance From Airport (kms): Yes | Nearby Public Transport Service: Yes | Other Nearby Places: Shapes | Maintenance Staff: Yes | Security Staff: Yes | Facilities for Disabled: Yes | Other Facilities: security","10","marla","5","4","Lahore","Arif Ali","PKR","53901609","31.465422","DHA Defence, DHA Phase 4","74.385309","+923241498384","https://media.zameen.com/thumbnails/295013617-800x600.webp","https://media.zameen.com/thumbnails/295013618-800x600.webp","https://media.zameen.com/thumbnails/295013619-800x600.webp","https://media.zameen.com/thumbnails/295013620-800x600.webp","https://media.zameen.com/thumbnails/295013621-800x600.webp","https://media.zameen.com/thumbnails/295013622-800x600.webp","https://media.zameen.com/thumbnails/295013623-800x600.webp","https://media.zameen.com/thumbnails/295013624-800x600.webp","https://media.zameen.com/thumbnails/295013625-800x600.webp","https://media.zameen.com/thumbnails/295013626-800x600.webp",,,,,,,,,,,,,,,,,,,,,,,,,,,,,,,,,,,,,,,,,"145000","house","rent","zameen.com","DHA Phase 4 10 Marla House For Rent Prime Location Near And Clean More Option Are Available","https://www.zameen.com/Property/dha_defence_dha_phase_4_dha_phase_4_10_marla_house_for_rent_prime_location_near_and_clean_more_option_are_available-53901609-1446-4.html"
"Description Its Having 4 Master Size Bedrooms . Attached Well Design Shower Glass and Jacuzzi Bathrooms Imported Tiled And Wooden Flooring Company Fitted Loaded Kitchen Dirty Service Kitchen Top Korian Used in Kitchen Solid Steel Work Used in Cabinets Lights Provision in All Cabinets Of Kitchen Powder Room. Spacious Drawing And Dining Room Beautiful Double Height Lobby Have storey Have Proper Master Size Kitchen House is Located Near Park,Mosque Commercial Area is Very Near To Premises Double Storey House . Complete Wiring Of UPS And Generator Backup Solid Steel Work Used For Outside Main Gate Plants All Around the Green Belt Beautiful Lawn With Complete Variety Of Plants Side Streets Are Proper Are Covered With Tiles Main Beauty Of The House Is The Patio Located In The Mid Of The House That Gives Evergreen Fresh Feeling From All The Rooms And TV Lounge Washing Area is Elegantly Managed At The Back Side Of The House . Servent Quarter With Attached Bath. A Mid Size Family Can Easily Live In Exclusive Views From The Terrace. Spacious Terrace Where One Can Easily Have Good Walk And Reasonable Sitting B. B. Q Area Provision in The Main Lawn B. B. Q Area Can Also Managed At The Upper Portion Ample Car Parking Near Park And Market For Further Details Contact Us","2026-03-06T15:56:24.000Z","https://media.zameen.com/thumbnails/61284838-120x90.webp","Hotlink Estate","Built in year: 2026 | View: modern | Parking Spaces: 2 | Double Glazed Windows: true | Central Air Conditioning: true | Central Heating: true | Flooring: Tiles | Electricity Backup: Ups | Waste Disposal: true | Floors: 2 | Broadband Internet Access: true | Satellite or Cable TV Ready: true | Intercom: true | Community Lawn or Garden: true | Community Swimming Pool: true | Community Gym: true | First Aid or Medical Centre: true | Day Care Centre: true | Kids Play Area: true | Barbeque Area: true | Mosque: true | Community Centre: true | Lawn or Garden: true | Swimming Pool: true | Sauna: true | Jacuzzi: true | Nearby Schools: yes | Nearby Hospitals: yes | Nearby Shopping Malls: yes | Nearby Restaurants: yes | Distance From Airport (kms): 3 | Nearby Public Transport Service: yes | Maintenance Staff: true | Security Staff: true | Facilities for Disabled: true","10","marla","5","4","Lahore","Ali sabir","PKR","53911025","31.506264","DHA Defence, DHA Phase 8, DHA Phase 8 - Ex Air Avenue","74.441271","+923000847311","https://media.zameen.com/thumbnails/295095658-800x600.webp","https://media.zameen.com/thumbnails/295095660-800x600.webp","https://media.zameen.com/thumbnails/295095659-800x600.webp","https://media.zameen.com/thumbnails/295095661-800x600.webp","https://media.zameen.com/thumbnails/295095662-800x600.webp","https://media.zameen.com/thumbnails/295095663-800x600.webp","https://media.zameen.com/thumbnails/295095664-800x600.webp","https://media.zameen.com/thumbnails/295095665-800x600.webp","https://media.zameen.com/thumbnails/295095666-800x600.webp","https://media.zameen.com/thumbnails/295095667-800x600.webp","https://media.zameen.com/thumbnails/295095668-800x600.webp","https://media.zameen.com/thumbnails/295095669-800x600.webp","https://media.zameen.com/thumbnails/295095670-800x600.webp","https://media.zameen.com/thumbnails/295095671-800x600.webp",,,,,,,,,,,,,,,,,,,,,,,,,,,,,,,,,,,,,"170000","house","rent","zameen.com","10 MARLA BRAND NEW HOUSE FOR RENT NEAR POLO GROUND DHA PHASE 8","https://www.zameen.com/Property/dha_phase_8_dha_phase_8_-_ex_air_avenue_10_marla_brand_new_house_for_rent_near_polo_ground_dha_phase_8-53911025-407-4.html"
"Bahria Town Lahore is a privately developed residential and commercial real estate project by Bahria Town Group, one of Pakistan's leading real estate companies. It's known for its modern infrastructure, secure environment, and high living standards. Location Bahria Town Lahore is located on Main Canal Bank Road, near Raiwind Road, and is accessible from multiple city points such as Thokar Niaz Baig, Multan Road, and Lahore Ring Road. Key Features Gated Community with 24/7 security and surveillance Wide Carpeted Roads with green belts Underground Electricity State-of-the-art Infrastructure Modern Urban Planning with parks, schools, hospitals, and commercial zones Lush Landscaping and recreational spaces Main Sectors & Precincts Bahria Town Lahore is divided into multiple sectors, labeled from Sector A to Sector F, and new extensions like Bahria Orchard, Safari Villas, and Overseas Enclave. Each sector has: Parks and mosques Commercial markets Community clubs and gyms Educational institutes like Beaconhouse and The Roots International School Healthcare facilities like Bahria International Hospital Investment & Living Popular among investors due to high returns and rapid development Ideal for families looking for peaceful, well-maintained living Offers a wide range of properties: Residential plots (5, 10 Marla, 1 Kanal) Commercial plots Luxury villas and apartments Notable Landmarks Grand Jamia Mosque (3rd largest in Pakistan) Eiffel Tower replica Trafalgar Square replica Theme Parks and Mini Golf Clubs","2026-03-06T15:11:21.000Z","https://media.zameen.com/thumbnails/289947097-120x90.webp","Khokhar Real Estate And Builders","Built in year: 2025 | View: Brand New | Parking Spaces | Double Glazed Windows: Yes | Central Air Conditioning: Yes | Central Heating: Yes | Flooring: Other | Electricity Backup: Other | Waste Disposal: Yes | Floors: 2 | Other Main Features: ok | Furnished: Yes | Bedrooms: 3 | Bathrooms: 4 | Servant Quarters: 1 | Drawing Room: Yes | Dining Room: Yes | Kitchens: 1 | Study Room: Yes | Prayer Room: Yes | Powder Room : Yes | Gym: Yes | Store Rooms: 1 | Steam Room: Yes | Lounge or Sitting Room: Yes | Laundry Room: Yes | Other Rooms: ok | Broadband Internet Access: Yes | Satellite or Cable TV Ready: Yes | Intercom: Yes | Other Business and Communication Facilities: ok | Community Lawn or Garden: Yes | Community Swimming Pool: Yes | Community Gym: Yes | First Aid or Medical Centre: Yes | Day Care Centre: Yes | Kids Play Area: Yes | Barbeque Area: Yes | Mosque: Yes | Community Centre: Yes | Other Community Facilities: ok | Lawn or Garden: Yes | Swimming Pool: Yes | Sauna: Yes | Jacuzzi: Yes | Other Healthcare and Recreation Facilities: ok | Nearby Schools: Bahria SChool | Nearby Hospitals: Bahria Hospital | Nearby Shopping Malls: Imtiaz Mall | Nearby Restaurants: Dogar Restourant | Distance From Airport (kms): 25km | Nearby Public Transport Service: Yes | Other Nearby Places: Yes | Maintenance Staff: Yes | Security Staff: Yes | Facilities for Disabled: Yes | Other Facilities: Yes","10","marla","4","3","Lahore","Najeeb Ullah Khokhar","PKR","53546179","31.375843","Bahria Town, Bahria Town - Sector C, Bahria Town - Jasmine Block","74.189715","+923219959574","https://media.zameen.com/thumbnails/291711184-800x600.webp","https://media.zameen.com/thumbnails/291711185-800x600.webp","https://media.zameen.com/thumbnails/291711186-800x600.webp","https://media.zameen.com/thumbnails/291711187-800x600.webp","https://media.zameen.com/thumbnails/291711188-800x600.webp","https://media.zameen.com/thumbnails/291711189-800x600.webp","https://media.zameen.com/thumbnails/291711190-800x600.webp","https://media.zameen.com/thumbnails/291711191-800x600.webp","https://media.zameen.com/thumbnails/291711192-800x600.webp","https://media.zameen.com/thumbnails/291711193-800x600.webp","https://media.zameen.com/thumbnails/291711194-800x600.webp","https://media.zameen.com/thumbnails/291711195-800x600.webp","https://media.zameen.com/thumbnails/291711196-800x600.webp","https://media.zameen.com/thumbnails/291711197-800x600.webp","https://media.zameen.com/thumbnails/291711198-800x600.webp","https://media.zameen.com/thumbnails/292164672-800x600.webp","https://media.zameen.com/thumbnails/292164673-800x600.webp","https://media.zameen.com/thumbnails/292164674-800x600.webp","https://media.zameen.com/thumbnails/292164675-800x600.webp","https://media.zameen.com/thumbnails/292164852-800x600.webp","https://media.zameen.com/thumbnails/292164853-800x600.webp",,,,,,,,,,,,,,,,,,,,,,,,,,,,,,"60000","upper portion","rent","zameen.com","10 Marla Brand New Upper Portion Available For Rent","https://www.zameen.com/Property/bahria_town_sector_c_bahria_town_-_jasmine_block_10_marla_brand_new_upper_portion_available_for_rent-53546179-1786-4.html"
"Tranquil Dwelling Inc is Offering Near To Defence Raya 1 Kanal Modern House Available For Rent in DHA Phase 6 Features: Modern House 5 Bedrooms with Attached Baths Drawing & Dining Room TV Lounge 2 Beautiful Proper Kitchen 1 Servant Quarter 1 Store Room Tiles & Wooden Flooring Solid Woods Doors Beautiful False Ceiling Design in House 4 Cars Parking Easy Access From Ring Road Near To Parks, Masjid, Schools and Commercial Zone Near To Dolmen Mall & Mcdonald's For More Information Contact Us.","2026-03-06T14:12:55.000Z","https://media.zameen.com/thumbnails/20472255-120x90.webp","Tranquil Dwelling Inc","Built in year | View: Perfect | Parking Spaces: 4 | Double Glazed Windows: Yes | Flooring: Tiles | Electricity Backup: Ups | Floors: 2 | Bedrooms: 5 | Bathrooms: 5 | Servant Quarters: 1 | Drawing Room: Yes | Dining Room: Yes | Kitchens: 2 | Powder Room : Yes | Store Rooms: 1 | Lounge or Sitting Room: Yes | Broadband Internet Access: Yes | Satellite or Cable TV Ready: Yes | Community Lawn or Garden: Yes | Community Gym: Yes | Kids Play Area: Yes | Barbeque Area: Yes | Mosque: Yes | Community Centre: Yes | Lawn or Garden: Yes | Jacuzzi: Yes | Nearby Schools: Yes | Nearby Hospitals: Yes | Nearby Shopping Malls: Yes | Nearby Restaurants: Yes | Distance From Airport (kms): 7Km | Nearby Public Transport Service: Yes | Other Nearby Places: Yes | Security Staff: Yes","1","kanal","5","5","Lahore","Muhammad Talha Ali","PKR","53831567","31.471571","DHA Defence, DHA Phase 6","74.445906","+923271776778","https://media.zameen.com/thumbnails/294372584-800x600.webp","https://media.zameen.com/thumbnails/294372585-800x600.webp","https://media.zameen.com/thumbnails/294372586-800x600.webp","https://media.zameen.com/thumbnails/294372587-800x600.webp","https://media.zameen.com/thumbnails/294372588-800x600.webp","https://media.zameen.com/thumbnails/294372589-800x600.webp","https://media.zameen.com/thumbnails/294372590-800x600.webp","https://media.zameen.com/thumbnails/294372591-800x600.webp","https://media.zameen.com/thumbnails/294372592-800x600.webp","https://media.zameen.com/thumbnails/294372593-800x600.webp","https://media.zameen.com/thumbnails/294372594-800x600.webp","https://media.zameen.com/thumbnails/294372595-800x600.webp","https://media.zameen.com/thumbnails/294372596-800x600.webp","https://media.zameen.com/thumbnails/294372597-800x600.webp","https://media.zameen.com/thumbnails/294372598-800x600.webp","https://media.zameen.com/thumbnails/294372599-800x600.webp","https://media.zameen.com/thumbnails/294372600-800x600.webp","https://media.zameen.com/thumbnails/294372601-800x600.webp","https://media.zameen.com/thumbnails/294372602-800x600.webp","https://media.zameen.com/thumbnails/294372603-800x600.webp","https://media.zameen.com/thumbnails/294372604-800x600.webp","https://media.zameen.com/thumbnails/294372605-800x600.webp","https://media.zameen.com/thumbnails/294372606-800x600.webp","https://media.zameen.com/thumbnails/294372607-800x600.webp","https://media.zameen.com/thumbnails/294372608-800x600.webp","https://media.zameen.com/thumbnails/294372609-800x600.webp","https://media.zameen.com/thumbnails/294372610-800x600.webp","https://media.zameen.com/thumbnails/294372611-800x600.webp","https://media.zameen.com/thumbnails/294372612-800x600.webp","https://media.zameen.com/thumbnails/294372613-800x600.webp",,,,,,,,,,,,,,,,,,,,,"400000","house","rent","zameen.com","Near To Defence Raya 1 Kanal Modern House Available For Rent In DHA Phase 6","https://www.zameen.com/Property/dha_defence_dha_phase_6_near_to_defence_raya_1_kanal_modern_house_available_for_rent_in_dha_phase_6-53831567-1448-4.html"
"Tranquil Dwelling Inc is Offering Beautiful Family Home For Rent 1 Kanal in DHA Phase 6 at a Ideal Location Features: 5 Bedrooms with Attached Baths Drawing & Dining Room TV Lounge 2 Proper Kitchen 1 Servant Quarter 1 Store Room Tiles & Wooden Flooring Solid Woods Doors Beautiful False Ceiling Design in House 4 Cars Parking Easy Access From Ring Road Near To Parks, Masjid, Schools and Commercial Zone Near To Dolmen Mall and McDonald's For More Information Contact Us.","2026-03-06T14:11:56.000Z","https://media.zameen.com/thumbnails/20472255-120x90.webp","Tranquil Dwelling Inc","Built in year | View: Perfect | Parking Spaces: 4 | Double Glazed Windows: Yes | Flooring: Tiles | Electricity Backup: Ups | Floors: 2 | Furnished: Yes | Bedrooms: 5 | Bathrooms: 6 | Servant Quarters: 1 | Drawing Room: Yes | Dining Room: Yes | Kitchens: 2 | Study Room: Yes | Powder Room : Yes | Store Rooms: 1 | Lounge or Sitting Room: Yes | Broadband Internet Access: Yes | Satellite or Cable TV Ready: Yes | Intercom: Yes | Community Lawn or Garden: Yes | Community Swimming Pool: Yes | Community Gym: Yes | First Aid or Medical Centre: Yes | Day Care Centre: Yes | Kids Play Area: Yes | Barbeque Area: Yes | Mosque: Yes | Community Centre: Yes | Lawn or Garden: Yes | Sauna: Yes | Jacuzzi: Yes | Nearby Schools: Yes | Nearby Hospitals: Yes | Nearby Shopping Malls: Yes | Nearby Restaurants: Yes | Distance From Airport (kms): 7Km | Nearby Public Transport Service: Yes | Other Nearby Places: Yes | Maintenance Staff: Yes | Security Staff: Yes | Facilities for Disabled: Yes | Other Facilities: 434343","1","kanal","6","5","Lahore","Shahzad Tanveer","PKR","53794138","31.471571","DHA Defence, DHA Phase 6","74.445906","+923271776778","https://media.zameen.com/thumbnails/294026875-800x600.webp","https://media.zameen.com/thumbnails/294026876-800x600.webp","https://media.zameen.com/thumbnails/294026877-800x600.webp","https://media.zameen.com/thumbnails/294026878-800x600.webp","https://media.zameen.com/thumbnails/294026879-800x600.webp","https://media.zameen.com/thumbnails/294026880-800x600.webp","https://media.zameen.com/thumbnails/294026881-800x600.webp","https://media.zameen.com/thumbnails/294026882-800x600.webp","https://media.zameen.com/thumbnails/294026883-800x600.webp","https://media.zameen.com/thumbnails/294026884-800x600.webp","https://media.zameen.com/thumbnails/294026885-800x600.webp","https://media.zameen.com/thumbnails/294026886-800x600.webp","https://media.zameen.com/thumbnails/294026887-800x600.webp","https://media.zameen.com/thumbnails/294026888-800x600.webp","https://media.zameen.com/thumbnails/294037325-800x600.webp","https://media.zameen.com/thumbnails/294037326-800x600.webp","https://media.zameen.com/thumbnails/294037327-800x600.webp","https://media.zameen.com/thumbnails/294037328-800x600.webp","https://media.zameen.com/thumbnails/294037329-800x600.webp","https://media.zameen.com/thumbnails/294037343-800x600.webp","https://media.zameen.com/thumbnails/294037344-800x600.webp","https://media.zameen.com/thumbnails/294037345-800x600.webp","https://media.zameen.com/thumbnails/294037346-800x600.webp","https://media.zameen.com/thumbnails/294037347-800x600.webp",,,,,,,,,,,,,,,,,,,,,,,,,,,"380000","house","rent","zameen.com","Beautiful Family Home For Rent 1 Kanal in DHA Phase 6 at a Ideal Location","https://www.zameen.com/Property/dha_defence_dha_phase_6_beautiful_family_home_for_rent_1_kanal_in_dha_phase_6_at_a_ideal_location-53794138-1448-4.html"
"Tranquil Dwelling Inc is Offering Brand New 1 Kanal Modern Houe Available For Rent in DHA Phase 7 Features: 5 Bedrooms with Attached Baths Drawing & Dining Room 2 TV Lounge 2 Beautiful Proper Kitchen 1 Servant Quarter 1 Store Room Tiles & Wooden Flooring Solid Woods Doors Beautiful False Ceiling Design in House 4 Cars Parking Easy Access From Ring Road Near To Parks, Masjid, Schools and Commercial Zone For More Information Contact Us.","2026-03-06T14:10:48.000Z","https://media.zameen.com/thumbnails/20472255-120x90.webp","Tranquil Dwelling Inc","Built in year | View: Perfect | Parking Spaces: 4 | Double Glazed Windows: Yes | Central Air Conditioning: Yes | Flooring: Tiles | Electricity Backup: Ups | Floors: 2 | Other Main Features: Yes | Bedrooms: 5 | Bathrooms: 6 | Servant Quarters: 1 | Drawing Room: Yes | Dining Room: Yes | Kitchens: 2 | Study Room: Yes | Prayer Room: Yes | Powder Room : Yes | Store Rooms: 1 | Lounge or Sitting Room: Yes | Laundry Room: Yes | Other Rooms: Yes | Broadband Internet Access: Yes | Satellite or Cable TV Ready: Yes | Intercom: Yes | Other Business and Communication Facilities: Yes | Community Lawn or Garden: Yes | Community Gym: Yes | Day Care Centre: Yes | Kids Play Area: Yes | Barbeque Area: Yes | Mosque: Yes | Community Centre: Yes | Other Community Facilities: Yes | Lawn or Garden: Yes | Jacuzzi: Yes | Other Healthcare and Recreation Facilities: Yes | Nearby Schools: Yes | Nearby Hospitals: Yes | Nearby Shopping Malls: Yes | Nearby Restaurants: Yes | Distance From Airport (kms): 10Km | Nearby Public Transport Service: Yes | Other Nearby Places: Yes | Maintenance Staff: Yes | Security Staff: Yes | Other Facilities: Yes","1","kanal","6","5","Lahore","Asad zaheer","PKR","53805805","31.484893","DHA Defence, DHA Phase 7","74.472342","+923271776778","https://media.zameen.com/thumbnails/294133490-800x600.webp","https://media.zameen.com/thumbnails/294133491-800x600.webp","https://media.zameen.com/thumbnails/294133492-800x600.webp","https://media.zameen.com/thumbnails/294133493-800x600.webp","https://media.zameen.com/thumbnails/294133494-800x600.webp","https://media.zameen.com/thumbnails/294133495-800x600.webp","https://media.zameen.com/thumbnails/294133496-800x600.webp","https://media.zameen.com/thumbnails/294672962-800x600.webp","https://media.zameen.com/thumbnails/294133497-800x600.webp","https://media.zameen.com/thumbnails/294133498-800x600.webp","https://media.zameen.com/thumbnails/294133499-800x600.webp","https://media.zameen.com/thumbnails/294133500-800x600.webp","https://media.zameen.com/thumbnails/294133501-800x600.webp","https://media.zameen.com/thumbnails/294133502-800x600.webp","https://media.zameen.com/thumbnails/294133503-800x600.webp","https://media.zameen.com/thumbnails/294133504-800x600.webp","https://media.zameen.com/thumbnails/294133505-800x600.webp","https://media.zameen.com/thumbnails/294133506-800x600.webp","https://media.zameen.com/thumbnails/294133507-800x600.webp","https://media.zameen.com/thumbnails/294133508-800x600.webp","https://media.zameen.com/thumbnails/294133509-800x600.webp","https://media.zameen.com/thumbnails/294133510-800x600.webp","https://media.zameen.com/thumbnails/294133511-800x600.webp","https://media.zameen.com/thumbnails/294133512-800x600.webp","https://media.zameen.com/thumbnails/294133513-800x600.webp","https://media.zameen.com/thumbnails/294133514-800x600.webp","https://media.zameen.com/thumbnails/294133515-800x600.webp","https://media.zameen.com/thumbnails/294133516-800x600.webp","https://media.zameen.com/thumbnails/294133517-800x600.webp","https://media.zameen.com/thumbnails/294133518-800x600.webp","https://media.zameen.com/thumbnails/294133519-800x600.webp","https://media.zameen.com/thumbnails/294133520-800x600.webp","https://media.zameen.com/thumbnails/294133521-800x600.webp","https://media.zameen.com/thumbnails/294133522-800x600.webp","https://media.zameen.com/thumbnails/294133523-800x600.webp","https://media.zameen.com/thumbnails/294133524-800x600.webp","https://media.zameen.com/thumbnails/294133525-800x600.webp","https://media.zameen.com/thumbnails/294133526-800x600.webp","https://media.zameen.com/thumbnails/294133527-800x600.webp","https://media.zameen.com/thumbnails/294133528-800x600.webp","https://media.zameen.com/thumbnails/294455515-800x600.webp","https://media.zameen.com/thumbnails/294455516-800x600.webp",,,,,,,,,"370000","house","rent","zameen.com","Brand New 1 Kanal Modern Houe Available For Rent In DHA Phase 7","https://www.zameen.com/Property/dha_defence_dha_phase_7_brand_new_1_kanal_modern_houe_available_for_rent_in_dha_phase_7-53805805-1450-4.html"
"Tranquil Dwelling Inc Is Offering Brand New 1 Kanal Beautiful House Available For Rent In DHA Phase 7 At A Hot Location Features: Modern Design House 5 Bedrooms With Attached Baths Drawing &Amp; Dining Room 2 TV Lounge 2 Proper Kitchen 2 Servant Quarter 1 Store Room Tiles &Amp; Wooden Flooring Solid Woods Doors Beautiful False Ceiling Design In House 4 Cars Parking Easy Access From Ring Road Near To Parks, Masjid, Schools And Commercial Zone Near To Dolmen Mall And McDonald'S For More Information Contact Us.","2026-03-06T14:10:42.000Z","https://media.zameen.com/thumbnails/20472255-120x90.webp","Tranquil Dwelling Inc","Built in year | View: Perfect | Parking Spaces: 4 | Double Glazed Windows: Yes | Flooring: Tiles | Electricity Backup: Ups | Floors: 2 | Bedrooms: 5 | Bathrooms: 6 | Servant Quarters: 2 | Drawing Room: Yes | Dining Room: Yes | Kitchens: 2 | Powder Room : Yes | Store Rooms: 1 | Lounge or Sitting Room: Yes | Broadband Internet Access: Yes | Satellite or Cable TV Ready: Yes | Community Lawn or Garden: Yes | Community Gym: Yes | Kids Play Area: Yes | Barbeque Area: Yes | Mosque: Yes | Community Centre: Yes | Lawn or Garden: Yes | Jacuzzi: Yes | Nearby Schools: Yes | Nearby Hospitals: Yes | Nearby Shopping Malls: Yes | Nearby Restaurants: Yes | Distance From Airport (kms): 7Km | Nearby Public Transport Service: Yes | Other Nearby Places: Yes | Security Staff: Yes","1","kanal","6","5","Lahore","Abdul Rehman","PKR","53793576","31.484893","DHA Defence, DHA Phase 7","74.472342","+923271776778","https://media.zameen.com/thumbnails/294020809-800x600.webp","https://media.zameen.com/thumbnails/294020810-800x600.webp","https://media.zameen.com/thumbnails/294020811-800x600.webp","https://media.zameen.com/thumbnails/294020812-800x600.webp","https://media.zameen.com/thumbnails/294020813-800x600.webp","https://media.zameen.com/thumbnails/294020814-800x600.webp","https://media.zameen.com/thumbnails/294020815-800x600.webp","https://media.zameen.com/thumbnails/294020816-800x600.webp","https://media.zameen.com/thumbnails/294020817-800x600.webp","https://media.zameen.com/thumbnails/294020818-800x600.webp","https://media.zameen.com/thumbnails/294020819-800x600.webp","https://media.zameen.com/thumbnails/294020820-800x600.webp","https://media.zameen.com/thumbnails/294020821-800x600.webp","https://media.zameen.com/thumbnails/294020822-800x600.webp","https://media.zameen.com/thumbnails/294020823-800x600.webp","https://media.zameen.com/thumbnails/294020824-800x600.webp","https://media.zameen.com/thumbnails/294020825-800x600.webp","https://media.zameen.com/thumbnails/294020826-800x600.webp","https://media.zameen.com/thumbnails/294020827-800x600.webp","https://media.zameen.com/thumbnails/294020828-800x600.webp","https://media.zameen.com/thumbnails/294020829-800x600.webp","https://media.zameen.com/thumbnails/294020830-800x600.webp","https://media.zameen.com/thumbnails/294020831-800x600.webp","https://media.zameen.com/thumbnails/294020832-800x600.webp","https://media.zameen.com/thumbnails/294020833-800x600.webp","https://media.zameen.com/thumbnails/294020834-800x600.webp","https://media.zameen.com/thumbnails/294020835-800x600.webp","https://media.zameen.com/thumbnails/294020836-800x600.webp","https://media.zameen.com/thumbnails/294020837-800x600.webp","https://media.zameen.com/thumbnails/294020838-800x600.webp","https://media.zameen.com/thumbnails/294020839-800x600.webp","https://media.zameen.com/thumbnails/294020840-800x600.webp","https://media.zameen.com/thumbnails/294020841-800x600.webp","https://media.zameen.com/thumbnails/294020842-800x600.webp","https://media.zameen.com/thumbnails/294020843-800x600.webp","https://media.zameen.com/thumbnails/294020844-800x600.webp","https://media.zameen.com/thumbnails/294020845-800x600.webp","https://media.zameen.com/thumbnails/294020846-800x600.webp","https://media.zameen.com/thumbnails/294020847-800x600.webp","https://media.zameen.com/thumbnails/294020848-800x600.webp","https://media.zameen.com/thumbnails/294020849-800x600.webp","https://media.zameen.com/thumbnails/294020850-800x600.webp","https://media.zameen.com/thumbnails/294020851-800x600.webp","https://media.zameen.com/thumbnails/294020852-800x600.webp","https://media.zameen.com/thumbnails/294020853-800x600.webp","https://media.zameen.com/thumbnails/294020854-800x600.webp","https://media.zameen.com/thumbnails/294020855-800x600.webp",,,,"350000","house","rent","zameen.com","Brand New 1 Kanal Beautiful House Available For Rent In DHA Phase 7 At A Hot Location","https://www.zameen.com/Property/dha_defence_dha_phase_7_brand_new_1_kanal_beautiful_house_available_for_rent_in_dha_phase_7_at_a_hot_location-53793576-1450-4.html"
"10 Marla House for Rent in Block IEP Town near Dafence road lahore Monthly rent 200.000 Sucerty 1 milion","2026-03-06T11:23:36.000Z","https://media.zameen.com/thumbnails/20471087-120x90.webp","Rehan Estate & Builders","Parking Spaces: 2 | Double Glazed Windows: Yes | Central Air Conditioning: Yes | Other Main Features: Yes | Furnished: Yes | Bedrooms: 5 | Bathrooms: 6 | Drawing Room: Yes | Dining Room: Yes | Kitchens: 2 | Powder Room : Yes | Other Rooms: Yes | Other Business and Communication Facilities: Yes | Mosque: Yes | Other Community Facilities: Yes | Other Healthcare and Recreation Facilities: Yes | Nearby Schools: Yes | Nearby Hospitals: Yes | Nearby Shopping Malls: Yes | Nearby Restaurants: Yes | Nearby Public Transport Service: Yes | Other Nearby Places: Yes | Maintenance Staff: Yes | Security Staff: Yes | Other Facilities: Yes","10","marla","6","5","Lahore","Abrar Noor","PKR","53857319","31.402513","IEP Engineers Town","74.292798","+923017275987","https://media.zameen.com/thumbnails/294618191-800x600.webp","https://media.zameen.com/thumbnails/294618192-800x600.webp","https://media.zameen.com/thumbnails/294618193-800x600.webp","https://media.zameen.com/thumbnails/294618194-800x600.webp","https://media.zameen.com/thumbnails/294618195-800x600.webp","https://media.zameen.com/thumbnails/294618196-800x600.webp","https://media.zameen.com/thumbnails/294618197-800x600.webp","https://media.zameen.com/thumbnails/294618198-800x600.webp","https://media.zameen.com/thumbnails/294618199-800x600.webp","https://media.zameen.com/thumbnails/294618200-800x600.webp","https://media.zameen.com/thumbnails/294618201-800x600.webp","https://media.zameen.com/thumbnails/294618202-800x600.webp","https://media.zameen.com/thumbnails/294618203-800x600.webp","https://media.zameen.com/thumbnails/294618204-800x600.webp","https://media.zameen.com/thumbnails/294618205-800x600.webp","https://media.zameen.com/thumbnails/294618206-800x600.webp","https://media.zameen.com/thumbnails/294618207-800x600.webp","https://media.zameen.com/thumbnails/294618208-800x600.webp","https://media.zameen.com/thumbnails/294618209-800x600.webp","https://media.zameen.com/thumbnails/294618210-800x600.webp","https://media.zameen.com/thumbnails/294618211-800x600.webp","https://media.zameen.com/thumbnails/294618212-800x600.webp","https://media.zameen.com/thumbnails/294618213-800x600.webp","https://media.zameen.com/thumbnails/294618214-800x600.webp","https://media.zameen.com/thumbnails/294618215-800x600.webp","https://media.zameen.com/thumbnails/294618216-800x600.webp","https://media.zameen.com/thumbnails/294618217-800x600.webp","https://media.zameen.com/thumbnails/294618218-800x600.webp","https://media.zameen.com/thumbnails/294618219-800x600.webp","https://media.zameen.com/thumbnails/294618220-800x600.webp","https://media.zameen.com/thumbnails/294618221-800x600.webp","https://media.zameen.com/thumbnails/294618222-800x600.webp","https://media.zameen.com/thumbnails/294618223-800x600.webp",,,,,,,,,,,,,,,,,,"200000","house","rent","zameen.com","Facing Park In IEP Engineers Town 10 Marla House For Rent","https://www.zameen.com/Property/lahore_iep_engineers_town_facing_park_in_iep_engineers_town_10_marla_house_for_rent-53857319-8425-4.html"
"Discover brand new apartments for rent in Askari 10 Lahore, offering the perfect blend of comfort, security, and modern living. Located in one of Lahores most well-planned and secure communities, these apartments provide spacious layouts, modern kitchens, elegant bedrooms, and high-quality finishes. Residents enjoy 24/7 security, dedicated parking, parks, mosques, commercial areas, and easy access to schools, restaurants, and main roads. With all state-of-the-art facilities and amenities within reach, these apartments offer premium living at a very reasonable rental price, making them ideal for families seeking a peaceful yet connected lifestyle.","2026-03-06T10:41:27.000Z","https://media.zameen.com/thumbnails/42236071-120x90.webp","Property Corner Real Estate Consultants","Built in year: 2025 | Parking Spaces | Lobby in Building: Yes | Flooring: Tiles | Waste Disposal: Yes | Elevators | Service Elevators in Building: Yes | Other Main Features: y | Bedrooms: 4 | Bathrooms: 5 | Servant Quarters: 1 | Drawing Room: Yes | Dining Room: Yes | Kitchens: 1 | Study Room: Yes | Powder Room : Yes | Community Lawn or Garden: Yes | Community Swimming Pool: Yes | Community Gym: Yes | First Aid or Medical Centre: Yes | Day Care Centre: Yes | Kids Play Area: Yes | Barbeque Area: Yes | Mosque: Yes | Community Centre: Yes | Nearby Schools: y | Nearby Hospitals: y | Nearby Shopping Malls: y | Nearby Restaurants: y | Distance From Airport (kms): 0.5 | Nearby Public Transport Service: y | Other Nearby Places: saddar/Lahore city","12","marla","5","4","Lahore","Nisar Ali Shahzad","PKR","53910024","31.536408","Askari, Askari 10","74.416037","+923215675958","https://media.zameen.com/thumbnails/295083074-800x600.webp","https://media.zameen.com/thumbnails/295083075-800x600.webp","https://media.zameen.com/thumbnails/295083076-800x600.webp","https://media.zameen.com/thumbnails/295083077-800x600.webp","https://media.zameen.com/thumbnails/295083078-800x600.webp","https://media.zameen.com/thumbnails/295083079-800x600.webp","https://media.zameen.com/thumbnails/295083080-800x600.webp","https://media.zameen.com/thumbnails/295083081-800x600.webp","https://media.zameen.com/thumbnails/295083082-800x600.webp","https://media.zameen.com/thumbnails/295083083-800x600.webp",,,,,,,,,,,,,,,,,,,,,,,,,,,,,,,,,,,,,,,,,"185000","flat","rent","zameen.com","Brand New Luxury Apartments for Rent in Askari 10 Lahore Modern Living at an Unbeatable Price","https://www.zameen.com/Property/askari_askari_10_brand_new_luxury_apartments_for_rent_in_askari_10_lahore_modern_living_at_an_unbeatable_price-53910024-1011-4.html"
"Cantt properties offers two bed furnished apartment for RENT luxury appartment Two bed with attached shower cabin bath powder room car parking drawer residence All tilled marble flooring company fitted kitchen shower cabin attached bath Celling fitted chiller ac Jim 24/7 light back up 24/7 securitys","2026-03-06T10:35:22.000Z","https://media.zameen.com/thumbnails/125585141-120x90.webp","Cantt Properties","Bedrooms: 2  | Bathrooms: 3 | Servant Quarters | Drawing Room: Yes | Dining Room: Yes | Kitchens | Study Room: Yes | Prayer Room: Yes | Powder Room : Yes | Gym: Yes | Store Rooms | Steam Room: Yes | Lounge or Sitting Room: Yes | Laundry Room: Yes | Other Rooms: available  | Broadband Internet Access: Yes | Satellite or Cable TV Ready: Yes | Business Center or Media Room in Building: Yes | Conference Room in Building: Yes | Intercom: Yes | ATM Machines: Yes | Other Business and Communication Facilities: available  | Community Lawn or Garden: Yes | Community Swimming Pool: Yes | Community Gym: Yes | First Aid or Medical Centre: Yes | Day Care Centre: Yes | Kids Play Area: Yes | Barbeque Area: Yes | Mosque: Yes | Community Centre: Yes | Other Community Facilities: very  | Sauna: Yes | Nearby Schools: available  | Nearby Hospitals: available  | Nearby Shopping Malls: available  | Nearby Restaurants: available  | Distance From Airport (kms): 9km | Nearby Public Transport Service: available","1250","sqft","3","2","Lahore","MS Cantt Marketing","PKR","53836652","31.466814","DHA Defence, DHA Phase 4, Goldcrest Mall & Residency","74.381748","+923040412786","https://media.zameen.com/thumbnails/294419980-800x600.webp","https://media.zameen.com/thumbnails/294419981-800x600.webp","https://media.zameen.com/thumbnails/294419982-800x600.webp","https://media.zameen.com/thumbnails/294419983-800x600.webp","https://media.zameen.com/thumbnails/294419984-800x600.webp","https://media.zameen.com/thumbnails/294419985-800x600.webp","https://media.zameen.com/thumbnails/294419986-800x600.webp","https://media.zameen.com/thumbnails/294419987-800x600.webp","https://media.zameen.com/thumbnails/294419988-800x600.webp","https://media.zameen.com/thumbnails/294419989-800x600.webp","https://media.zameen.com/thumbnails/294419990-800x600.webp","https://media.zameen.com/thumbnails/294419991-800x600.webp","https://media.zameen.com/thumbnails/294419992-800x600.webp","https://media.zameen.com/thumbnails/294419993-800x600.webp","https://media.zameen.com/thumbnails/294419994-800x600.webp","https://media.zameen.com/thumbnails/294419995-800x600.webp","https://media.zameen.com/thumbnails/294419996-800x600.webp","https://media.zameen.com/thumbnails/294419997-800x600.webp","https://media.zameen.com/thumbnails/294419998-800x600.webp","https://media.zameen.com/thumbnails/294419999-800x600.webp","https://media.zameen.com/thumbnails/294420000-800x600.webp","https://media.zameen.com/thumbnails/294420001-800x600.webp",,,,,,,,,,,,,,,,,,,,,,,,,,,,,"185000","flat","rent","zameen.com","Two Bed Furnished Apartment For RENT Luxury Appartment","https://www.zameen.com/Property/dha_phase_4_goldcrest_mall_residency_two_bed_furnished_apartment_for_rent_luxury_appartment-53836652-9966-4.html"
"Askari 11 Sector C Flat For Rent 5 Marla 2 bedroom attach bathroom Drawing room TV launch Separate kitchen Washing area Store room Balcony Al Qayyum RealEstate","2026-03-06T10:09:12.000Z","https://media.zameen.com/thumbnails/176140857-120x90.webp","Ali Real Estate","Built in year: 2019 | View: Open  | Parking Spaces: 2 | Lobby in Building: Yes | Double Glazed Windows: Yes | Central Air Conditioning: Yes | Central Heating: Yes | Flooring: Tiles | Electricity Backup: Ups | Waste Disposal: Yes | Floor: 3 | Floors in Building: 85 | Other Main Features: Imported tiles  | Furnished: Yes | Bedrooms: 2 | Bathrooms: 2 | Servant Quarters: 1 | Drawing Room: Yes | Dining Room: Yes | Kitchens: 1 | Study Room: Yes | Prayer Room: Yes | Powder Room : Yes | Gym: Yes | Store Rooms: 1 | Steam Room: Yes | Lounge or Sitting Room: Yes | Laundry Room: Yes | Other Rooms: Maid room  | Broadband Internet Access: Yes | Satellite or Cable TV Ready: Yes | Intercom: Yes | ATM Machines: Yes | Other Business and Communication Facilities: Yas | Community Lawn or Garden: Yes | Community Swimming Pool: Yes | Community Gym: Yes | First Aid or Medical Centre: Yes | Day Care Centre: Yes | Kids Play Area: Yes | Barbeque Area: Yes | Mosque: Yes | Community Centre: Yes | Other Community Facilities: yad | Sauna: Yes | Jacuzzi: Yes | Other Healthcare and Recreation Facilities: Yas | Nearby Schools: APS | Nearby Hospitals: pkli  | Nearby Shopping Malls: dolman mall | Nearby Restaurants: kfc | Distance From Airport (kms): 6 Km | Nearby Public Transport Service: yad | Other Nearby Places: Yes | Maintenance Staff: Yes | Security Staff: Yes | Facilities for Disabled: Yes | Other Facilities: Yes","5","marla","2","2","Lahore","Shahbaz Qayyum","PKR","53567929","31.460187","Askari, Askari 11","74.432459","+923004844194","https://media.zameen.com/thumbnails/291967111-800x600.webp","https://media.zameen.com/thumbnails/291967112-800x600.webp","https://media.zameen.com/thumbnails/291967113-800x600.webp","https://media.zameen.com/thumbnails/291967114-800x600.webp","https://media.zameen.com/thumbnails/291967115-800x600.webp","https://media.zameen.com/thumbnails/291967116-800x600.webp","https://media.zameen.com/thumbnails/291967117-800x600.webp","https://media.zameen.com/thumbnails/291967118-800x600.webp","https://media.zameen.com/thumbnails/291967119-800x600.webp","https://media.zameen.com/thumbnails/291967120-800x600.webp","https://media.zameen.com/thumbnails/291967121-800x600.webp","https://media.zameen.com/thumbnails/291967122-800x600.webp","https://media.zameen.com/thumbnails/291967123-800x600.webp","https://media.zameen.com/thumbnails/291967124-800x600.webp","https://media.zameen.com/thumbnails/291967125-800x600.webp","https://media.zameen.com/thumbnails/291967126-800x600.webp","https://media.zameen.com/thumbnails/291967127-800x600.webp","https://media.zameen.com/thumbnails/291967128-800x600.webp",,,,,,,,,,,,,,,,,,,,,,,,,,,,,,,,,"50000","flat","rent","zameen.com","Flat For Rent In Askari 11 Lahore Rs. 50000","https://www.zameen.com/Property/askari_askari_11_flat_for_rent_in_askari_11_lahore_rs_50000-53567929-1503-4.html"
"Call or Whatsapp : [redacted phone number] Property Filter Offer Profitable 1 Kanal Slightly Used Modern Design House For Rent In DHA Phase 5 Lahore. About The Property 1> 5 Master Size Bedrooms 2> 6 Attached Bathroom 3> 2 Kitchen Amazing Wood Work 4> 4 Car Parking 5> 2 Big TV Lounge 6> 1 Servant room 7> 1 Store Rooms 8> Drawing Room 9> Dining Room 10> Total Tile Flooring 11> Owner Build House 12> Green Lawn Note The Bungalow Is Near To Masjid, Society Security Facile. Protected Area. Near To Market & Parks. Prime Location. Carpeted Road. Peace Full Society. With All Good Approaches. Available All facilities like Electricity, SUI gas, Internet, Intercom, and Satellite Cable. If You Have Any Further Queries Do Not Hesitate Contact With Us Property Filter 79 K Ground Floor DHA Phase 1 Lahore.","2026-03-06T09:43:30.000Z","https://media.zameen.com/thumbnails/273137807-120x90.webp","Property Filter PVT LTD","Built in year: 2015 | View: Modern | Parking Spaces: 4 | Double Glazed Windows: Yes | Central Air Conditioning: Yes | Central Heating: Yes | Flooring: Marble | Electricity Backup: Ups | Waste Disposal: Yes | Floors: 2 | Other Main Features: Top Quality  | Furnished: Yes | Bedrooms: 5 | Bathrooms: 6 | Servant Quarters: 1 | Drawing Room: Yes | Dining Room: Yes | Kitchens: 2 | Study Room: Yes | Prayer Room: Yes | Powder Room : Yes | Gym: Yes | Store Rooms: 1 | Steam Room: Yes | Lounge or Sitting Room: Yes | Laundry Room: Yes | Other Rooms: Store | Broadband Internet Access: Yes | Satellite or Cable TV Ready: Yes | Intercom: Yes | Other Business and Communication Facilities: True | Community Lawn or Garden: Yes | Community Swimming Pool: Yes | Community Gym: Yes | First Aid or Medical Centre: Yes | Day Care Centre: Yes | Kids Play Area: Yes | Barbeque Area: Yes | Mosque: Yes | Community Centre: Yes | Other Community Facilities: Yes | Lawn or Garden: Yes | Swimming Pool: Yes | Sauna: Yes | Jacuzzi: Yes | Other Healthcare and Recreation Facilities: True | Nearby Schools: 1 KM | Nearby Hospitals: 1 KM | Nearby Shopping Malls: 1 KM | Nearby Restaurants: True | Distance From Airport (kms): 7 KM | Nearby Public Transport Service: 1 KM | Other Nearby Places: 1 KM | Maintenance Staff: Yes | Security Staff: Yes | Facilities for Disabled: Yes | Other Facilities: Yes","1","kanal","6","5","Lahore","Asad Ali / Mohsin Iqbal","PKR","53824508","31.462493","DHA Defence, DHA Phase 5","74.409342","+923044631350","https://media.zameen.com/thumbnails/294987608-800x600.webp","https://media.zameen.com/thumbnails/294987609-800x600.webp","https://media.zameen.com/thumbnails/294987610-800x600.webp","https://media.zameen.com/thumbnails/294987611-800x600.webp","https://media.zameen.com/thumbnails/294987612-800x600.webp","https://media.zameen.com/thumbnails/294987613-800x600.webp","https://media.zameen.com/thumbnails/294987614-800x600.webp","https://media.zameen.com/thumbnails/294987615-800x600.webp","https://media.zameen.com/thumbnails/294987616-800x600.webp","https://media.zameen.com/thumbnails/294987617-800x600.webp","https://media.zameen.com/thumbnails/294987618-800x600.webp","https://media.zameen.com/thumbnails/294987619-800x600.webp","https://media.zameen.com/thumbnails/294987620-800x600.webp","https://media.zameen.com/thumbnails/294987621-800x600.webp","https://media.zameen.com/thumbnails/294987622-800x600.webp","https://media.zameen.com/thumbnails/294987623-800x600.webp",,,,,,,,,,,,,,,,,,,,,,,,,,,,,,,,,,,"300000","house","rent","zameen.com","01 Kanal Double Unit Modern Design House For Rent In DHA Phase 5 Lahore.","https://www.zameen.com/Property/dha_defence_dha_phase_5_01_kanal_double_unit_modern_design_house_for_rent_in_dha_phase_5_lahore-53824508-1447-4.html"
"Park View City Lahore is a premium residential community, offering a luxurious collection of elegantly designed apartments and homes for genuine buyers. Previously known as the River Edge Housing Scheme, this upscale housing project was launched by the Vision Group in 2010. It is divided into different blocks, namely: Jade, Tulip, Jasmine, Rose, Sapphire, Topaz, and Gold. The development aims to give a comfortable lifestyle to all its residents. Most of its blocks are fully developed and come with basic amenities including sewerage systems, electricity, water, power and well-planned, wide road tracks.","2026-03-06T09:33:59.000Z","https://media.zameen.com/thumbnails/32551757-120x90.webp","Mahaar Real Estate Advisor","Built in year: 2023 | View: STYLISH | Parking Spaces | Double Glazed Windows: Yes | Central Air Conditioning: Yes | Central Heating: Yes | Flooring: Tiles | Electricity Backup: Other | Waste Disposal: Yes | Floors: 2 | Other Main Features: Available | Furnished: Yes | Bedrooms: 4 | Bathrooms: 5 | Servant Quarters: 2 | Drawing Room: Yes | Dining Room: Yes | Kitchens: 2 | Study Room: Yes | Prayer Room: Yes | Powder Room : Yes | Gym: Yes | Store Rooms: 2 | Steam Room: Yes | Lounge or Sitting Room: Yes | Laundry Room: Yes | Broadband Internet Access: Yes | Satellite or Cable TV Ready: Yes | Intercom: Yes | Other Business and Communication Facilities: Yes | Community Lawn or Garden: Yes | Community Swimming Pool: Yes | Community Gym: Yes | First Aid or Medical Centre: Yes | Day Care Centre: Yes | Kids Play Area: Yes | Barbeque Area: Yes | Mosque: Yes | Community Centre: Yes | Other Community Facilities: Yes | Lawn or Garden: Yes | Swimming Pool: Yes | Sauna: Yes | Jacuzzi: Yes | Other Healthcare and Recreation Facilities: Yes | Nearby Schools: Yes | Nearby Hospitals: Yes | Nearby Shopping Malls: Yes | Nearby Restaurants: Yes | Distance From Airport (kms): 32 kms  | Nearby Public Transport Service: Yes | Other Nearby Places: Market | Maintenance Staff: Yes | Security Staff: Yes | Facilities for Disabled: Yes | Other Facilities: Yes","5","marla","5","4","Lahore","M Sarfaraz","PKR","47249181","31.452115","Park View City, Park View City - Tulip Block","74.200435","+923054319966","https://media.zameen.com/thumbnails/287622644-800x600.webp","https://media.zameen.com/thumbnails/287622646-800x600.webp","https://media.zameen.com/thumbnails/287622645-800x600.webp","https://media.zameen.com/thumbnails/287622647-800x600.webp","https://media.zameen.com/thumbnails/287622648-800x600.webp","https://media.zameen.com/thumbnails/287622649-800x600.webp","https://media.zameen.com/thumbnails/287622650-800x600.webp","https://media.zameen.com/thumbnails/287622651-800x600.webp","https://media.zameen.com/thumbnails/287622652-800x600.webp","https://media.zameen.com/thumbnails/287623193-800x600.webp","https://media.zameen.com/thumbnails/287623194-800x600.webp","https://media.zameen.com/thumbnails/287623195-800x600.webp","https://media.zameen.com/thumbnails/287623196-800x600.webp","https://media.zameen.com/thumbnails/287623198-800x600.webp","https://media.zameen.com/thumbnails/287623202-800x600.webp",,,,,,,,,,,,,,,,,,,,,,,,,,,,,,,,,,,,"80000","house","rent","zameen.com","5 Marla House Available For Rent In Park View City Tulip Block. .","https://www.zameen.com/Property/park_view_city_park_view_city_-_tulip_block_5_marla_house_available_for_rent_in_park_view_city_tulip_block-47249181-8465-4.html"
"6Bedroom With Attached Washroom 2 Tv Lounge 2 Drawing Room 1 Dining Room 2 Kitchen 1 Washing Area 2 Store Room 1 Servant Quarters, 8 Parking Spaces Lawn Or Garden &Amp; Facing Park Good Location. 25 Marla Independent House For Rent. It Can Be Use For Residential Or Commercial Purposes. Ideal For Cafe, Banks, Silent Offices, Local And International Brands Or Companies. Corporate Offices. Prime Location Of Gulberg. . . All Famous Brands And Banks Near This Point. . Large Parking Space. . .","2026-03-06T08:31:43.000Z","https://media.zameen.com/thumbnails/113743938-120x90.webp","Shah Jee Property Consultant","Built in year: 2021 | View: 1 | Parking Spaces: 6 | Double Glazed Windows: Yes | Central Air Conditioning: Yes | Central Heating: Yes | Flooring: Tiles | Electricity Backup: Generator | Waste Disposal: Yes | Other Main Features: 1 | Furnished: Yes | Bedrooms: 6 | Bathrooms: 6 | Servant Quarters: 1 | Drawing Room: Yes | Dining Room: Yes | Kitchens: 1 | Study Room: Yes | Prayer Room: Yes | Powder Room : Yes | Gym: Yes | Store Rooms: 1 | Steam Room: Yes | Lounge or Sitting Room: Yes | Laundry Room: Yes | Other Rooms: 2 | Broadband Internet Access: Yes | Satellite or Cable TV Ready: Yes | Intercom: Yes | Other Business and Communication Facilities: 1 | Community Lawn or Garden: Yes | Community Swimming Pool: Yes | Community Gym: Yes | First Aid or Medical Centre: Yes | Day Care Centre: Yes | Kids Play Area: Yes | Barbeque Area: Yes | Mosque: Yes | Community Centre: Yes | Other Community Facilities: 1 | Lawn or Garden: Yes | Swimming Pool: Yes | Sauna: Yes | Jacuzzi: Yes | Other Healthcare and Recreation Facilities: Yes | Nearby Schools: lgs | Nearby Hospitals: ijaz hospital | Nearby Shopping Malls: mall one | Nearby Restaurants: i hop | Distance From Airport (kms): Yes | Nearby Public Transport Service: 1 | Other Nearby Places: 1 | Maintenance Staff: Yes | Security Staff: Yes | Facilities for Disabled: Yes | Other Facilities: 1","1","kanal","6","6","Lahore","Ali Shah","PKR","47539609","31.505678","Gulberg, Gulberg 3","74.348202","+923001221022","https://media.zameen.com/thumbnails/257879510-800x600.webp","https://media.zameen.com/thumbnails/257879513-800x600.webp","https://media.zameen.com/thumbnails/257879517-800x600.webp","https://media.zameen.com/thumbnails/257879518-800x600.webp","https://media.zameen.com/thumbnails/257879520-800x600.webp","https://media.zameen.com/thumbnails/257879521-800x600.webp","https://media.zameen.com/thumbnails/257879523-800x600.webp","https://media.zameen.com/thumbnails/257879524-800x600.webp","https://media.zameen.com/thumbnails/257879526-800x600.webp","https://media.zameen.com/thumbnails/257879527-800x600.webp","https://media.zameen.com/thumbnails/257879529-800x600.webp","https://media.zameen.com/thumbnails/257879530-800x600.webp","https://media.zameen.com/thumbnails/257879533-800x600.webp","https://media.zameen.com/thumbnails/257879534-800x600.webp","https://media.zameen.com/thumbnails/257879535-800x600.webp","https://media.zameen.com/thumbnails/257879538-800x600.webp","https://media.zameen.com/thumbnails/257879540-800x600.webp","https://media.zameen.com/thumbnails/257879543-800x600.webp","https://media.zameen.com/thumbnails/257879545-800x600.webp","https://media.zameen.com/thumbnails/257879548-800x600.webp","https://media.zameen.com/thumbnails/257879552-800x600.webp","https://media.zameen.com/thumbnails/257879554-800x600.webp","https://media.zameen.com/thumbnails/257879557-800x600.webp","https://media.zameen.com/thumbnails/257879560-800x600.webp","https://media.zameen.com/thumbnails/257879566-800x600.webp","https://media.zameen.com/thumbnails/257879569-800x600.webp","https://media.zameen.com/thumbnails/257879571-800x600.webp","https://media.zameen.com/thumbnails/257879572-800x600.webp","https://media.zameen.com/thumbnails/257879575-800x600.webp","https://media.zameen.com/thumbnails/257879578-800x600.webp","https://media.zameen.com/thumbnails/257879580-800x600.webp","https://media.zameen.com/thumbnails/257879582-800x600.webp","https://media.zameen.com/thumbnails/257879583-800x600.webp","https://media.zameen.com/thumbnails/257879584-800x600.webp","https://media.zameen.com/thumbnails/257879586-800x600.webp","https://media.zameen.com/thumbnails/257879589-800x600.webp","https://media.zameen.com/thumbnails/257879591-800x600.webp","https://media.zameen.com/thumbnails/257879592-800x600.webp","https://media.zameen.com/thumbnails/257879593-800x600.webp","https://media.zameen.com/thumbnails/257879594-800x600.webp","https://media.zameen.com/thumbnails/257879595-800x600.webp","https://media.zameen.com/thumbnails/257879596-800x600.webp","https://media.zameen.com/thumbnails/257879597-800x600.webp","https://media.zameen.com/thumbnails/257879598-800x600.webp","https://media.zameen.com/thumbnails/257879599-800x600.webp","https://media.zameen.com/thumbnails/257879600-800x600.webp","https://media.zameen.com/thumbnails/257879601-800x600.webp","https://media.zameen.com/thumbnails/257879602-800x600.webp","https://media.zameen.com/thumbnails/257879603-800x600.webp","https://media.zameen.com/thumbnails/257879604-800x600.webp","400000","house","rent","zameen.com","One Kanal Commercial House For Rent Gulberg","https://www.zameen.com/Property/gulberg_gulberg_3_one_kanal_commercial_house_for_rent_gulberg-47539609-3824-4.html"
"5 Bedroom With Attached Washroom 2 Tv Lounge 2 Drawing Room 1 Dining Room 2 Kitchen 1 Washing Area 2 Store Room 1 Servant Quarters, Parking Spaces Lawn Or Garden &Amp; Facing Park Good Location. 1 Kanal Independent Commercial House For Rent. It Can Be Use For Residential Or Commercial Purposes. Ideal For Cafe Banks, Offces, Local And International Brands Or Companies. Corporate Offices. Prime Location Of Gulberg. . , All Famous Brands And Banks Near This Point. Large Parking Space, This Property Also For S Rent Purpose.","2026-03-06T08:30:32.000Z","https://media.zameen.com/thumbnails/113743938-120x90.webp","Shah Jee Property Consultant","Built in year: 2020 | View: 1 | Parking Spaces: 12 | Double Glazed Windows: Yes | Central Air Conditioning: Yes | Central Heating: Yes | Flooring: Tiles | Electricity Backup: Generator | Waste Disposal: Yes | Floors: 2 | Other Main Features: 1 | Furnished: Yes | Bedrooms: 6 | Bathrooms: 6 | Servant Quarters: 2 | Drawing Room: Yes | Dining Room: Yes | Kitchens: 2 | Study Room: Yes | Prayer Room: Yes | Powder Room : Yes | Gym: Yes | Store Rooms: 2 | Steam Room: Yes | Lounge or Sitting Room: Yes | Laundry Room: Yes | Other Rooms: 1 | Broadband Internet Access: Yes | Satellite or Cable TV Ready: Yes | Intercom: Yes | Other Business and Communication Facilities: True | Community Lawn or Garden: Yes | Community Swimming Pool: Yes | Community Gym: Yes | First Aid or Medical Centre: Yes | Day Care Centre: Yes | Kids Play Area: Yes | Barbeque Area: Yes | Mosque: Yes | Community Centre: Yes | Other Community Facilities: True | Lawn or Garden: Yes | Swimming Pool: Yes | Sauna: Yes | Jacuzzi: Yes | Other Healthcare and Recreation Facilities: True | Nearby Schools: Yes | Nearby Hospitals: Yes | Nearby Shopping Malls: Yes | Nearby Restaurants: Yes | Distance From Airport (kms): True | Nearby Public Transport Service: True | Other Nearby Places: True | Maintenance Staff: Yes | Security Staff: Yes | Facilities for Disabled: Yes | Other Facilities: Yes","1","kanal","0","0","Lahore","Ali Shah","PKR","44089552","31.522361","Gulberg","74.347172","+923001221022","https://media.zameen.com/thumbnails/257824451-800x600.webp","https://media.zameen.com/thumbnails/257824454-800x600.webp","https://media.zameen.com/thumbnails/257824459-800x600.webp","https://media.zameen.com/thumbnails/257824463-800x600.webp","https://media.zameen.com/thumbnails/257824468-800x600.webp","https://media.zameen.com/thumbnails/257824470-800x600.webp","https://media.zameen.com/thumbnails/257824473-800x600.webp","https://media.zameen.com/thumbnails/257824475-800x600.webp","https://media.zameen.com/thumbnails/257824476-800x600.webp","https://media.zameen.com/thumbnails/257824479-800x600.webp","https://media.zameen.com/thumbnails/257824481-800x600.webp","https://media.zameen.com/thumbnails/257824484-800x600.webp","https://media.zameen.com/thumbnails/257824487-800x600.webp","https://media.zameen.com/thumbnails/257824493-800x600.webp","https://media.zameen.com/thumbnails/257824495-800x600.webp","https://media.zameen.com/thumbnails/257824498-800x600.webp","https://media.zameen.com/thumbnails/257824500-800x600.webp","https://media.zameen.com/thumbnails/257824502-800x600.webp","https://media.zameen.com/thumbnails/257824504-800x600.webp","https://media.zameen.com/thumbnails/257824507-800x600.webp","https://media.zameen.com/thumbnails/257824508-800x600.webp","https://media.zameen.com/thumbnails/257824509-800x600.webp","https://media.zameen.com/thumbnails/257824512-800x600.webp","https://media.zameen.com/thumbnails/257824513-800x600.webp","https://media.zameen.com/thumbnails/257824516-800x600.webp","https://media.zameen.com/thumbnails/257824518-800x600.webp","https://media.zameen.com/thumbnails/257824521-800x600.webp","https://media.zameen.com/thumbnails/257824523-800x600.webp","https://media.zameen.com/thumbnails/257824525-800x600.webp","https://media.zameen.com/thumbnails/257824528-800x600.webp","https://media.zameen.com/thumbnails/257824535-800x600.webp","https://media.zameen.com/thumbnails/257824541-800x600.webp","https://media.zameen.com/thumbnails/257824550-800x600.webp","https://media.zameen.com/thumbnails/257824555-800x600.webp","https://media.zameen.com/thumbnails/257824559-800x600.webp","https://media.zameen.com/thumbnails/257824567-800x600.webp","https://media.zameen.com/thumbnails/257824575-800x600.webp","https://media.zameen.com/thumbnails/257824582-800x600.webp","https://media.zameen.com/thumbnails/257824587-800x600.webp","https://media.zameen.com/thumbnails/257824593-800x600.webp","https://media.zameen.com/thumbnails/257824597-800x600.webp","https://media.zameen.com/thumbnails/257824601-800x600.webp","https://media.zameen.com/thumbnails/257824604-800x600.webp","https://media.zameen.com/thumbnails/257824608-800x600.webp",,,,,,,"350000","house","rent","zameen.com","Commercial House One Kanal For Rent","https://www.zameen.com/Property/lahore_gulberg_commercial_house_one_kanal_for_rent-44089552-7-4.html"
"ARHAM ESTATE & BUILDERS Offers Proposal House Bungalow FOR RENT Details: > 5 Master Bed with attached Baths > 6 Bathrooms in the Bungalow. > 2 Beautiful T. V Lounge 1 Drawing & Dinning > 2 Futile Company Kitchens > 1 Servant Quarters > 4 Big Cars Parking > 1 Store Rooms > Grohe Sanitary Fittings > Beautiful Lawn & Terrace > Ash Wood Door+Almirah > Amazing Wallpapers & Entrance Lobby > Imported Marbles & Tiles Flooring Very Reasonable Demand. Meeting Possible 24/7. All Picture Are Original (Except Front Elevation Of House) For Further Details Contact Me. WE WILL HELP YOU LIKE WHAT YOU WANT.","2026-03-06T07:58:10.000Z","https://media.zameen.com/thumbnails/261796733-120x90.webp","Arham Estate Builders","Built in year: 2 | View: front | Parking Spaces: 4 | Double Glazed Windows: Yes | Central Air Conditioning: Yes | Central Heating: Yes | Flooring: Marble | Electricity Backup: Ups | Waste Disposal: Yes | Floors: 2 | Other Main Features: available | Furnished: Yes | Bedrooms: 5 | Bathrooms: 6 | Servant Quarters: 2 | Drawing Room: Yes | Dining Room: Yes | Kitchens: 2 | Store Rooms | Other Rooms: available | Broadband Internet Access: Yes | Satellite or Cable TV Ready: Yes | Intercom: Yes | Other Business and Communication Facilities: Yes | Community Lawn or Garden: Yes | Community Swimming Pool: Yes | Community Gym: Yes | First Aid or Medical Centre: Yes | Day Care Centre: Yes | Kids Play Area: Yes | Barbeque Area: Yes | Mosque: Yes | Community Centre: Yes | Other Community Facilities: Yes | Lawn or Garden: Yes | Swimming Pool: Yes | Sauna: Yes | Other Healthcare and Recreation Facilities: Yes | Nearby Schools: Yes | Nearby Hospitals: available | Nearby Shopping Malls: Yes | Nearby Restaurants: Yes | Distance From Airport (kms): 10 | Nearby Public Transport Service: Yes | Other Nearby Places: Yes | Maintenance Staff: Yes | Security Staff: Yes | Facilities for Disabled: Yes | Other Facilities: Yes","1","kanal","6","5","Lahore","Zaheer Abbas","PKR","53239042","31.462493","DHA Defence, DHA Phase 5","74.409342","+923211778904","https://media.zameen.com/thumbnails/287602197-800x600.webp","https://media.zameen.com/thumbnails/287602198-800x600.webp","https://media.zameen.com/thumbnails/287602199-800x600.webp","https://media.zameen.com/thumbnails/287602200-800x600.webp","https://media.zameen.com/thumbnails/287602201-800x600.webp","https://media.zameen.com/thumbnails/287602202-800x600.webp","https://media.zameen.com/thumbnails/287602203-800x600.webp","https://media.zameen.com/thumbnails/287602204-800x600.webp","https://media.zameen.com/thumbnails/287602206-800x600.webp","https://media.zameen.com/thumbnails/287602208-800x600.webp","https://media.zameen.com/thumbnails/287602210-800x600.webp","https://media.zameen.com/thumbnails/287594342-800x600.webp","https://media.zameen.com/thumbnails/287602211-800x600.webp","https://media.zameen.com/thumbnails/287602214-800x600.webp","https://media.zameen.com/thumbnails/287602216-800x600.webp","https://media.zameen.com/thumbnails/287594344-800x600.webp","https://media.zameen.com/thumbnails/287594345-800x600.webp","https://media.zameen.com/thumbnails/287594346-800x600.webp","https://media.zameen.com/thumbnails/287596022-800x600.webp","https://media.zameen.com/thumbnails/287596025-800x600.webp","https://media.zameen.com/thumbnails/287596027-800x600.webp","https://media.zameen.com/thumbnails/287596029-800x600.webp","https://media.zameen.com/thumbnails/287596031-800x600.webp","https://media.zameen.com/thumbnails/287596033-800x600.webp",,,,,,,,,,,,,,,,,,,,,,,,,,,"375000","house","rent","zameen.com","1 Kanal Beautiful House For Rent DHA Phase 5","https://www.zameen.com/Property/dha_defence_dha_phase_5_1_kanal_beautiful_house_for_rent_dha_phase_5-53239042-1447-4.html"
"A spacious House in Paragon City is hard to come by, so make your decision quickly. Newly constructed rental property is up for viewing, so book your appointment today. Take a look at this property and imagine you have found the best one for you. Trust us, you'd be hard-pressed to find a similar property that falls near the same, price range. Claim the offer while it still stands! The location of Paragon City has vast future potential. Paragon City has a thriving real estate market so you can be certain of finding the home of your dreams. A few highlighting features of the property are as follows. A separate dining space like the one in this House makes it convenient to keep the rest of the house clean from dinner mess. Drawing Room is a key component of a house, you would want yours to be exaclty like House. Play a board game, watch TV, have a go at Xbox in the lounging area of your new home. For booking and details, give us a call today","2026-03-06T07:42:40.000Z","https://media.zameen.com/thumbnails/226162158-120x90.webp","Alizay Chaudhary Real Estate & Builders","Built in year: 2026 | View: excellent | Parking Spaces: 1 | Double Glazed Windows: Yes | Central Air Conditioning: Yes | Central Heating: Yes | Flooring: Tiles | Electricity Backup: Ups | Waste Disposal: Yes | Floors: 2 | Other Main Features: Yes | Furnished: Yes | Bedrooms: 3 | Bathrooms: 4 | Servant Quarters: 1 | Drawing Room: Yes | Dining Room: Yes | Kitchens: 2 | Study Room: Yes | Prayer Room: Yes | Powder Room : Yes | Gym: Yes | Store Rooms: 1 | Steam Room: Yes | Lounge or Sitting Room: Yes | Laundry Room: Yes | Other Rooms: Yes | Broadband Internet Access: Yes | Satellite or Cable TV Ready: Yes | Intercom: Yes | Other Business and Communication Facilities: Yes | Community Lawn or Garden: Yes | Community Swimming Pool: Yes | Community Gym: Yes | First Aid or Medical Centre: Yes | Day Care Centre: Yes | Kids Play Area: Yes | Barbeque Area: Yes | Mosque: Yes | Community Centre: Yes | Other Community Facilities: Yes | Lawn or Garden: Yes | Swimming Pool: Yes | Sauna: Yes | Jacuzzi: Yes | Other Healthcare and Recreation Facilities: Yes | Nearby Schools: Yes | Nearby Hospitals: Yes | Nearby Shopping Malls: Yes | Nearby Restaurants: Yes | Distance From Airport (kms): 2 kms | Nearby Public Transport Service: Yes | Other Nearby Places: Yes | Maintenance Staff: Yes | Security Staff: Yes | Facilities for Disabled: Yes | Other Facilities: Yes","5","marla","4","3","Lahore","Alizay Chaudhary","PKR","46069739","31.534067","Paragon City","74.453945","+923246227777","https://media.zameen.com/thumbnails/289607705-800x600.webp","https://media.zameen.com/thumbnails/289607706-800x600.webp","https://media.zameen.com/thumbnails/289607707-800x600.webp","https://media.zameen.com/thumbnails/289607708-800x600.webp","https://media.zameen.com/thumbnails/289607709-800x600.webp","https://media.zameen.com/thumbnails/289607710-800x600.webp","https://media.zameen.com/thumbnails/289607711-800x600.webp","https://media.zameen.com/thumbnails/289607712-800x600.webp","https://media.zameen.com/thumbnails/289607713-800x600.webp","https://media.zameen.com/thumbnails/289607714-800x600.webp","https://media.zameen.com/thumbnails/289607715-800x600.webp","https://media.zameen.com/thumbnails/289607716-800x600.webp","https://media.zameen.com/thumbnails/289607717-800x600.webp","https://media.zameen.com/thumbnails/289607718-800x600.webp","https://media.zameen.com/thumbnails/289607719-800x600.webp","https://media.zameen.com/thumbnails/289607720-800x600.webp","https://media.zameen.com/thumbnails/289607721-800x600.webp","https://media.zameen.com/thumbnails/289607722-800x600.webp","https://media.zameen.com/thumbnails/289607723-800x600.webp","https://media.zameen.com/thumbnails/289607724-800x600.webp","https://media.zameen.com/thumbnails/289607725-800x600.webp","https://media.zameen.com/thumbnails/289607726-800x600.webp","https://media.zameen.com/thumbnails/289607727-800x600.webp",,,,,,,,,,,,,,,,,,,,,,,,,,,,"80000","house","rent","zameen.com","5 Marla House For Rent In Paragon City Lahore","https://www.zameen.com/Property/lahore_paragon_city_5_marla_house_for_rent_in_paragon_city_lahore-46069739-1014-4.html"
"You said: Brand New 12 Marla 4 Bedroom Luxury Apartment Available For Rent In Sector S Askari 10 Lahore Cantt. ChatGPT said: Heres a clean, professional listing description you can use for your property: Brand New 12 Marla 4-Bedroom Luxury Apartment for Rent Sector S, Askari 10, Lahore Cantt Features: Spacious4 Bedrooms 12 Marlabuilt area Modernluxury finishthroughout Open living & dining area Stylishmodular kitchen Attachedbathrooms Ample natural light & ventilation High-quality fixtures & fittings Secure, well-maintained building Parking space available Ideal For:Families seeking comfort, security, and upscale living in a premium neighborhood. Contact now for details and site visit! [redacted phone number]","2026-03-06T07:30:11.000Z","https://media.zameen.com/thumbnails/20473423-120x90.webp","Property Dera","Built in year: 2025 | View: Excellent  | Parking Spaces: 02 | Lobby in Building: Yes | Double Glazed Windows: Yes | Central Air Conditioning: Yes | Central Heating: Yes | Flooring: Tiles | Electricity Backup: Ups | Waste Disposal: Yes | Floor: 02 | Floors in Building: 09 | Elevators: 02 | Service Elevators in Building: Yes | Other Main Features: Yes | Bedrooms: 04 | Bathrooms: 05 | Servant Quarters: 01 | Drawing Room: Yes | Dining Room: Yes | Kitchens: 01 | Study Room: Yes | Prayer Room: Yes | Powder Room : Yes | Gym: Yes | Store Rooms: 01 | Steam Room: Yes | Lounge or Sitting Room: Yes | Laundry Room: Yes | Other Rooms: Yes | Broadband Internet Access: Yes | Satellite or Cable TV Ready: Yes | Business Center or Media Room in Building: Yes | Conference Room in Building: Yes | Intercom: Yes | ATM Machines: Yes | Other Business and Communication Facilities: Yes | Community Lawn or Garden: Yes | Community Gym: Yes | First Aid or Medical Centre: Yes | Day Care Centre: Yes | Kids Play Area: Yes | Barbeque Area: Yes | Mosque: Yes | Community Centre: Yes | Other Community Facilities: Yes | Other Healthcare and Recreation Facilities: Yes | Nearby Schools: Yes | Nearby Hospitals: Yes | Nearby Shopping Malls: Yes | Nearby Restaurants: Yes | Distance From Airport (kms): 1 Kms | Nearby Public Transport Service: Yes | Other Nearby Places: Ring Road | Maintenance Staff: Yes | Security Staff: Yes | Laundry or Dry Cleaning Facility: Yes | Other Facilities: Yes","12","marla","5","4","Lahore","Ali Hamza","PKR","53830847","31.539928317902","Askari, Askari 10, Askari 10 - Sector S","74.418501947474","+923078417713","https://media.zameen.com/thumbnails/294365513-800x600.webp","https://media.zameen.com/thumbnails/294365514-800x600.webp","https://media.zameen.com/thumbnails/294365515-800x600.webp","https://media.zameen.com/thumbnails/294365516-800x600.webp","https://media.zameen.com/thumbnails/294365517-800x600.webp","https://media.zameen.com/thumbnails/294365518-800x600.webp","https://media.zameen.com/thumbnails/294365519-800x600.webp","https://media.zameen.com/thumbnails/294365520-800x600.webp","https://media.zameen.com/thumbnails/294365521-800x600.webp","https://media.zameen.com/thumbnails/294365522-800x600.webp","https://media.zameen.com/thumbnails/294365523-800x600.webp","https://media.zameen.com/thumbnails/294365524-800x600.webp","https://media.zameen.com/thumbnails/294365525-800x600.webp","https://media.zameen.com/thumbnails/294365526-800x600.webp","https://media.zameen.com/thumbnails/294365527-800x600.webp","https://media.zameen.com/thumbnails/294365528-800x600.webp","https://media.zameen.com/thumbnails/294365529-800x600.webp","https://media.zameen.com/thumbnails/294365530-800x600.webp","https://media.zameen.com/thumbnails/294365531-800x600.webp","https://media.zameen.com/thumbnails/294365532-800x600.webp","https://media.zameen.com/thumbnails/294365533-800x600.webp","https://media.zameen.com/thumbnails/294365534-800x600.webp","https://media.zameen.com/thumbnails/294365535-800x600.webp","https://media.zameen.com/thumbnails/294365536-800x600.webp","https://media.zameen.com/thumbnails/294365537-800x600.webp","https://media.zameen.com/thumbnails/294365538-800x600.webp","https://media.zameen.com/thumbnails/294365539-800x600.webp","https://media.zameen.com/thumbnails/294365540-800x600.webp","https://media.zameen.com/thumbnails/294365541-800x600.webp","https://media.zameen.com/thumbnails/294365542-800x600.webp","https://media.zameen.com/thumbnails/294365543-800x600.webp","https://media.zameen.com/thumbnails/294365544-800x600.webp","https://media.zameen.com/thumbnails/294365545-800x600.webp","https://media.zameen.com/thumbnails/294365546-800x600.webp",,,,,,,,,,,,,,,,,"155000","flat","rent","zameen.com","Brand New 12 Marla 4 Bedroom Luxury Apartment Available For Rent In Sector S Askari 10 Lahore Cantt","https://www.zameen.com/Property/askari_10_askari_10_-_sector_s_brand_new_12_marla_4_bedroom_luxury_apartment_available_for_rent_in_sector_s_askari_10_lahore_cantt-53830847-21434-4.html"
"All Basic Amenities Available Brand New Option Near to Park Near to Commercial Market Best Available Option here in Paragon City","2026-03-06T07:18:57.000Z",,,"Built in year: 2026 | View: best  | Parking Spaces: 1 | Flooring: Tiles | Electricity Backup: Ups | Waste Disposal: Yes | Floors: 1 | Other Main Features: Available  | Bedrooms: 3 | Bathrooms: 4 | Drawing Room: Yes | Kitchens: 1 | Powder Room : Yes | Store Rooms: 1 | Lounge or Sitting Room: Yes | Laundry Room: Yes | Other Rooms: Available  | Broadband Internet Access: Yes | Satellite or Cable TV Ready: Yes | Other Business and Communication Facilities: Available  | Community Lawn or Garden: Yes | Barbeque Area: Yes | Mosque: Yes | Community Centre: Yes | Other Community Facilities: Available  | Lawn or Garden: Yes | Other Healthcare and Recreation Facilities: Available  | Nearby Schools: LGS LACAS  | Nearby Hospitals: PULSE MEDICAL  | Nearby Shopping Malls: IMPERIAL MALL  | Nearby Restaurants: AROMA GRILL  | Distance From Airport (kms): 6 km | Nearby Public Transport Service: Available  | Other Nearby Places: Available  | Maintenance Staff: Yes | Security Staff: Yes | Other Facilities: Available","5","marla","4","3","Lahore","M. Naveed Akram","PKR","53866342","31.534067","Paragon City","74.453945","+923003397512","https://media.zameen.com/thumbnails/294702303-800x600.webp","https://media.zameen.com/thumbnails/294702304-800x600.webp","https://media.zameen.com/thumbnails/294702305-800x600.webp","https://media.zameen.com/thumbnails/294702306-800x600.webp","https://media.zameen.com/thumbnails/294702307-800x600.webp","https://media.zameen.com/thumbnails/294702308-800x600.webp","https://media.zameen.com/thumbnails/294702309-800x600.webp","https://media.zameen.com/thumbnails/294702310-800x600.webp","https://media.zameen.com/thumbnails/294702311-800x600.webp","https://media.zameen.com/thumbnails/294702312-800x600.webp","https://media.zameen.com/thumbnails/294702313-800x600.webp","https://media.zameen.com/thumbnails/294702314-800x600.webp","https://media.zameen.com/thumbnails/294702315-800x600.webp","https://media.zameen.com/thumbnails/294702316-800x600.webp","https://media.zameen.com/thumbnails/294702317-800x600.webp","https://media.zameen.com/thumbnails/294702318-800x600.webp","https://media.zameen.com/thumbnails/294702319-800x600.webp","https://media.zameen.com/thumbnails/294702320-800x600.webp","https://media.zameen.com/thumbnails/294702321-800x600.webp","https://media.zameen.com/thumbnails/294702322-800x600.webp","https://media.zameen.com/thumbnails/294702323-800x600.webp","https://media.zameen.com/thumbnails/294702324-800x600.webp","https://media.zameen.com/thumbnails/294702325-800x600.webp","https://media.zameen.com/thumbnails/294702326-800x600.webp","https://media.zameen.com/thumbnails/294702327-800x600.webp","https://media.zameen.com/thumbnails/294702328-800x600.webp","https://media.zameen.com/thumbnails/294702329-800x600.webp",,,,,,,,,,,,,,,,,,,,,,,,"90000","house","rent","zameen.com","5 MARLA BEAUTIFUL HOUSE FOR RENT IN PARAGON CITY","https://www.zameen.com/Property/lahore_paragon_city_5_marla_beautiful_house_for_rent_in_paragon_city-53866342-1014-4.html"
